Date,100,101,102,105,106,107,108,111,112,113,114,115,116,117,118,119,120,121,200,201,202,203,204,205
1981-01-01,124.3,26.2,88.2,94.4,164.3,67.5,103.8,184.7,117.9,68,78,79.9,105.9,82.6,101.1,130,73.3,129.6,101.3,123.9,69.7,106.7,135.8,113.2
1981-02-01,139,68.3,119,125.3,395.5,122.5,136.9,315,236.5,74,93,105.9,180.2,133.7,257,87.2,105.1,441.2,132.6,112.8,119.3,183.6,228.3,153.9
1981-03-01,59.7,1.4,63.1,52.4,123.8,19.3,44.4,66.9,108.3,85,27,44.4,7.7,32,0,60,57.8,318.2,69.9,55.9,66.6,104.9,126.6,76.2
1981-04-01,3.6,0,7.7,19.1,23.7,9.4,0,58,21.2,0,14,17.4,28.8,12.1,0,0,19.1,7,25.7,16.1,0,40.5,21.8,61.7
1981-05-01,0,0,0,4.5,0,0,0,0,7.1,0,0,4.4,0,3.6,0,6,0,0,0,7.6,0,0,0,20.2
1981-06-01,0,0,0,0.9,0,0,0,0,1,0,0,0.8,0,0.7,0,0,0,0,0,0,0,0,0,3.9
1981-07-01,0,0,0,0.5,0,0,0,0,0.5,0,0,0.5,0,0.4,0,0,0,0,0,0,0,0,0,2.1
1981-08-01,19,1.2,22.5,27.2,7.8,5.6,18.7,2.3,25.2,26,9,24,1.5,20,15,22,25.4,0,25.9,20.4,4.1,18.5,17.6,64.2
1981-09-01,78.5,3,39.5,50.4,48.5,16.7,3.2,0,46.8,0,9,41.7,10.2,36.7,32,24,51.3,108.4,14.9,14.1,28.9,29.5,47.4,39.1
1981-10-01,21.3,0,6.6,21.3,17.1,7,0.1,21,35.7,0,0,19.4,0,17.2,5,2,2.9,23.2,12.5,54.8,19.7,4,22.2,56
1981-11-01,11,9,15.8,25.2,43,13.5,31.5,21,41.4,0,4.6,22,4.5,24,45,0,28.4,37.9,12.2,24.9,76.4,27,69.1,58.2
1981-12-01,77,125.5,88.2,90.1,166.3,78.7,91.7,118.2,78.7,14,59,75.5,72.5,100.5,122,56,63.3,32.9,119.1,69.7,58.9,79.5,116.7,85
1982-01-01,122.7,146.9,103.2,130.2,213.2,97.1,100.3,140.5,143.9,7.6,112,111.5,86.9,139.8,142,61,57.9,97,195.9,157.8,337,132.4,352.6,169.2
1982-02-01,50,7,31.5,42.2,285.3,18.3,27.7,15,226.3,7.9,41,35.8,28.4,35.8,49,33.2,38.9,827.6,16.7,25.1,133.9,69.4,223.1,59.2
1982-03-01,130.9,0,61.8,98.6,158,42.5,67,96,140.9,0,38,84.1,42.3,74.4,61,76,78.9,312.2,80.6,65.2,64.9,86.2,138.5,141.7
1982-04-01,6,0,2.3,9.7,20.8,7.9,8.3,3.4,28.6,0,17,9,3.5,14.8,46,19,2.2,0,40.7,33.4,6.4,6.2,21.3,31.2
1982-05-01,0,0,0.5,0.8,0,0,0,0,0.6,0,0,0.7,0,0.4,0,0,1.3,0.3,0,0,0.4,1,0.6,2.3
1982-06-01,0,0,0,1.6,0,0,0,0,2.6,0,0,1.6,0,1.3,0,0,0,0.7,0,2.1,0,2,0.6,7.2
1982-07-01,0,0,0,1.8,0,0,0,0,2.4,0,0,1.7,0,1.4,0,0,0,0,0,0.9,0,0,0,7.9
1982-08-01,0,0,0.4,1.3,0,0,0,0,2.7,0.2,0,1.3,0,0.9,0,0,1,0,0,5.3,0,0,0,5.1
1982-09-01,45.4,13.3,36.5,32.7,20.7,13.6,5.6,1.4,26.5,32,0,27.2,8.5,26.9,24,19,29,27.1,33.3,35,21.6,21.2,34.5,27.4
1982-10-01,5,17.2,16.7,15.7,42.8,13.2,23,22.8,37.7,25,25,14.1,23.6,19.6,32,91,5.3,42.7,57.7,35.5,34.1,14.7,54.3,39.5
1982-11-01,48.1,1.3,35.6,38.7,32.4,17.7,3,27.9,38.3,18,8,32.2,11.5,29.6,43,0,48.2,38.5,19,44.7,41.3,48.6,49.7,43.7
1982-12-01,22.4,13,36,27,16.7,6.7,20.9,0.9,20.9,37,9,22.3,8.5,16.7,0,30.2,40.5,31,10.6,19,10.3,50.7,29.9,31.3
1983-01-01,53.7,4.9,33.9,34.3,31.4,13.2,2.9,6.6,24.6,24,14,28.5,0,25.6,18,7,30.5,23.6,12,36.7,23.3,36.6,31.4,27.5
1983-02-01,57.2,8,40.3,48.9,58.5,28.2,4.4,27.7,51.4,24,9,41.6,16,43.9,70,41,43.3,61.1,44.9,37.1,50.6,65.5,70.9,71.6
1983-03-01,12.7,14,19.8,17.2,19.4,11.5,4.5,12.2,11.9,13,0,14.4,9.4,14.2,12.3,23,22.2,19.7,45,5.3,7,5.2,24.2,20.4
1983-04-01,7,0,2.3,11.3,2.5,1,0,0,21.2,0,5,10.5,0,8.7,0,0,1.5,11.6,12.5,36.4,3,24.4,13.6,37.1
1983-05-01,0,0,0,1.1,0.4,0,0.8,0.2,5.4,0,0,1.1,0,0.9,0,0,0,0.4,0,12.6,0,0,0.2,4.9
1983-06-01,0,0,0,2.4,0,0,0,0,3.5,0,0,2.4,0,2,0,0,0,0,0,2,0,0,0,10.9
1983-07-01,1.7,0,1.3,3.1,0.8,0.3,0.5,0.1,4.5,0,0,2.8,0,2.1,0,0,2.5,0.3,0,6.5,0,0,0.1,8.7
1983-08-01,34.1,0,18.8,24.1,12.3,5.1,0,0,18.9,7,0,20.3,0,15.3,0,0,22,3.8,3.7,36.5,12.3,8.2,12.1,28.5
1983-09-01,11.6,30,23,20.3,24.4,14.8,10.5,13.6,21.1,8,10,16.9,5.6,17.3,0,29,21.5,24.5,47.3,40,23.5,21.3,42.2,20.4
1983-10-01,19.3,0,16.3,16.7,14.2,2.9,15.5,5.2,16.5,13,0,14,3,9.8,0,0,20.5,9,3.9,18.2,0,0.2,5,22.4
1983-11-01,7.6,0,8,10.7,12,1.2,0,0,13.5,9,0,9.5,0,8.8,1,0,9,10,13.4,12.7,6.2,5.7,10.9,26.3
1983-12-01,15.5,2,27.4,29.1,43.8,7.6,28,22.8,50.4,28,23,25.2,14.5,24.8,31,0,39.3,83.8,101.6,58.6,69,55.9,107.3,64.8
1984-01-01,180.3,35,198.3,164,277.5,86.8,224.4,87.7,261.1,212,284,136.7,148.8,143.7,268.9,196.9,207.6,328.3,222.6,207,147.3,177.3,287.2,193.7
1984-02-01,209.5,40.5,171.2,158.1,263.9,85.4,240.3,100.7,226.5,172,206,132.8,173.5,140.6,204.8,149.8,139.9,310.5,195.9,152.7,142,208.1,275.5,174.4
1984-03-01,139.8,9.4,131.4,106,260.9,91.5,110.2,140.6,190.2,174,79,89.1,95.1,120.8,332.2,92.7,105.6,227,81.4,97,108,90.1,154.3,125.1
1984-04-01,7.8,8.1,15.3,11,23.6,9.3,0,0,18.9,17,0,9.1,0,14.4,43.2,9.1,15,21.1,18.4,10.8,0,3.1,7.8,13.5
1984-05-01,0,0,0,0.2,0,0,0,0,1.7,0,0,0.2,0.5,0.1,0.2,0,0,2.2,0,1.7,0,5.8,1.6,0.8
1984-06-01,10.8,0,5,7.5,4.5,2.3,0.6,0,10.9,6,3,6.6,0,6,0.3,2.8,1,17.8,16.7,14.2,18.2,14.8,23,14.1
1984-07-01,0,0,0,0.4,0,0,0,0,1,0,0,0.4,0,0.4,0,0,0,0.5,0,1.4,0,0,0,2
1984-08-01,18.9,0.8,17.4,14.7,8.1,4,0.7,0,10.4,9.6,6.4,11.8,0,12.6,0.5,8.2,26,5.6,0,9.2,0,5.5,1.7,8.2
1984-09-01,0,0,3.3,1.3,0,0,0,0,0.8,6,0,1,0,1.2,0,2.2,4,0.3,0,0.6,0,0.3,0.1,2
1984-10-01,2.6,75.5,47.1,36.2,83.7,37.3,20.9,71.4,26.7,11,24,29.8,19.4,42.8,59.9,39.9,51,44.1,44.7,29.4,29.4,27.9,49.4,34.2
1984-11-01,73.6,40.4,74.9,68.7,64.6,26.9,62.7,38,56,53,40,57.3,47,48.6,0,50.7,73.1,96,140.2,55.1,74.7,83.6,141.2,71.7
1984-12-01,30.5,4.5,40,35.3,14.6,6.1,23.9,3.2,43.4,32,18.1,29.3,2.9,19,0,22.8,58.2,42.8,51.2,75.9,165,51.5,152.1,46.6
1985-01-01,201.9,75.9,124.7,141.7,188.1,69.1,82.1,38.7,152.4,74,59.4,118.1,49.3,112.6,111.7,73.8,84.2,189.1,158.9,130,89.5,117.4,179.7,99.2
1985-02-01,147.9,80.6,127.8,122.5,154.8,68.8,81.4,52,121.4,85.2,66.5,100.9,52.1,107.7,106.6,82.3,123.2,160.7,162.8,76.5,77.9,108.3,161.1,108.8
1985-03-01,86.6,37.1,57.2,58.4,80.4,33.6,42,32.6,60.5,34.7,29.9,48.4,28.3,52.7,56,36.1,36.7,76,59.2,29.1,48.7,58.1,78.4,49.3
1985-04-01,78.7,35.2,57.1,57.8,73.2,30.2,30.1,20.5,57.5,36.9,28.6,47.4,19.4,48.1,52.3,35.6,51.4,68.4,95.6,48.2,0,46.9,58.4,33.9
1985-05-01,0,1.8,2.5,5.3,10.4,2.1,0.8,1.3,8.6,1.2,1.3,5,0.7,3.3,1.2,1.5,0,5.3,0,10.8,0,2.6,2.6,15.6
1985-06-01,9.4,4.6,8.6,9.6,11.8,4.5,7.7,0,12.3,4.8,3.3,8.1,3.7,7.8,10.3,4.3,6.6,15.4,29.1,0,0,14.9,15.4,21.5
1985-07-01,0,0.5,0.7,1.7,3.1,0.6,0,0,2.6,0.3,0.3,1.6,0,1,0,0.4,0,1.4,0,3.4,0,0.1,0.6,5
1985-08-01,10.4,2.3,4.1,8.2,13.5,2.5,3.9,0,10.8,1.7,1.5,7.2,1.9,4.4,3.6,1.9,0,14.6,7.5,19.6,9.3,1.5,13.2,4.6
1985-09-01,52.6,21,39.1,40.9,52.8,20.3,10.9,0,46.7,21.8,15.1,34.2,5.2,34.3,20.1,19.8,30.1,35.8,16.6,35.7,7.2,31.9,26.7,47
1985-10-01,0,11.8,15.9,17.9,29.6,11.1,3,15.6,21.8,11,10.1,16.2,0.8,16.3,3.8,11.8,13.4,6.1,0,10.8,2,2.4,4,61.8
1985-11-01,65.5,46.9,66.9,64.8,101.5,40.5,84,59.2,70.5,45,39.9,54.6,66.5,60.1,92.1,47.2,55.8,140.6,198.5,36,88.6,61.4,161.8,92.6
1985-12-01,106.1,75.9,107.6,103.5,165.7,65.7,73.3,96.9,116,72.8,64.8,87.1,57.4,96.7,96.1,76.5,90,130.5,63.7,89.7,81.8,93.5,124,125.6
1986-01-01,38.5,45.8,59.7,58.5,111.4,41.1,88.3,64.5,82.1,43,40.2,51,57.3,57.6,76.3,46.5,51.4,152,74.4,105.8,140.6,61.4,162.8,83.3
1986-02-01,54.9,42.9,59.6,57.4,96.1,37.4,73.5,56.5,68.1,41,37,48.6,54.1,54.3,65,43.4,50.3,123.6,76.7,64.1,123.9,48.3,141,68.3
1986-03-01,70.5,63.7,84,78.7,145.4,55.4,106.9,91.4,102.5,60.5,56.6,66.7,82.6,77.3,107.5,65.2,72.3,179,208.6,48.7,131.6,88,205.5,93.6
1986-04-01,9.3,14.5,18,17.3,36.8,13.2,52.5,21.9,27.3,13.5,13,15.2,37.2,17.8,26.5,14.8,15.7,85.3,19.7,25.9,118.8,39.6,106.4,25.8
1986-05-01,4.3,3,4.4,4.4,6.5,2.6,1.6,3.4,4.7,2.9,2.4,3.8,0.6,4,3.7,3,3.6,3.5,0,9.2,0,0,1.6,5.6
1986-06-01,1.4,0.5,0.8,0.8,0.7,0.4,0,0.4,0.4,0.5,0.4,0.6,0.2,0.6,0.4,0.5,0.7,0,0,0,0,0,0,0.5
1986-07-01,0,0,0,0,0,0,0,0,0,0,0,0,0,0,0,0,0,0,0,0,0,0,0,0
1986-08-01,14,7,10.8,10.2,13.3,5.8,9.9,8,8.7,6.9,5.8,8.3,9,9,8.5,7,8.8,15.7,17,3.6,20.6,0,21.5,8.9
1986-09-01,39.3,15.5,26.3,25.2,26.7,12.6,7.5,14.2,16.7,15.5,12.1,20.3,9.5,21.2,13.8,15.3,20.7,12.8,0,13.4,17.4,0,14.5,19.8
1986-10-01,20.1,8.3,13.9,13.4,14.7,6.8,5.5,7.8,9.4,8.3,6.5,10.9,5.8,11.3,7.7,8.2,11,9.3,0,9.2,13.1,0,10.8,11.1
1986-11-01,24.9,20.7,31.3,23.8,29.5,14.4,22.4,20.2,12,24.2,18.7,18.7,23,21.9,10.9,22.9,40.7,34.2,11.8,6.3,64.2,0,50.5,13.2
1986-12-01,102,74.1,104.6,101,163.5,64.4,123.6,95,134.7,70.8,63.3,85.2,91,94.6,132.9,74.6,86.9,211,216.7,113,151.9,78.5,231.3,132.1
1987-01-01,177.1,122.3,174.7,161.2,257.8,104.2,147.8,162.6,179.9,119.4,100.4,134,110.5,152.6,192.4,123.7,159.3,259.9,218.2,137.6,136.8,184,255.8,151.6
1987-02-01,0.8,34.6,54.5,32.2,32.1,23.9,23.9,41.5,24.2,43.8,13.7,24.4,16.8,33,27.2,37.3,111.4,43.5,32,21.7,12.2,46,37.7,19.4
1987-03-01,65.8,29.8,51.9,55.7,73.2,28.7,14.3,31.2,49.8,29.9,2.6,46,4.9,45.4,26.3,26.8,56.5,28.7,9.5,41.1,0,23,17.4,47.4
1987-04-01,0.6,22.2,13.8,15.1,35.5,11.6,5.8,13.4,19.6,9.3,10.9,13.8,8.9,15.6,14.1,12.3,0,11.4,7.9,15.5,0,7,7.7,44.1
1987-05-01,9.5,0,2.6,6.3,8.9,2.9,3.5,1.5,7.1,0.9,0,5.6,0.3,5,3.6,0.9,0,6,13.7,1.3,0,3,6.3,12
1987-06-01,5.1,0,6.5,10.8,18.1,5.8,3,5.8,14.5,5,7.1,9.8,2.5,8.9,3.8,5,8.5,6.1,3.6,11.7,0,1,3.7,31.7
1987-07-01,24.5,17.3,25,24.4,37.3,15,10.3,21.1,26.1,16.6,14.6,20.6,7.7,22.4,20.9,17.3,20.7,19.8,21.7,25.7,0,7.5,14.9,33
1987-08-01,5.7,0,12.8,12.4,13,6.8,0.4,5.5,9.9,9.1,6.5,10.7,0,10.6,1.3,7.9,20,0.8,0,2,0,0,0.3,27.1
1987-09-01,27.7,8.4,14.6,25,40.4,10.9,6.1,5.4,28.1,5.5,0,22.1,0.8,18.1,8.5,6,0,12.5,7.6,26.3,0,0,7.5,42.9
1987-10-01,50.6,24.9,43.3,55.3,91.3,27,40.8,25.5,64.3,22.6,0,47.6,18.7,43.1,45.5,21,36,72.9,87.7,45.5,20.6,44.5,68.6,88.2
1987-11-01,42.3,52.9,45.5,48,85.2,28,41.6,37.8,56.8,27.9,0,40.3,24.7,47.9,54,28.3,40.7,75.3,60,45.8,24.3,66,66.8,50.7
1987-12-01,11,21,27,26.4,38.6,18.1,15.6,23.2,28.1,20.2,20.1,23.1,14,25.6,16.9,21.8,23.7,27.7,19.3,29.8,20.5,3,27.8,51.5
1988-01-01,54.7,59.7,77.1,73.1,143.7,53,128.4,87.6,104.6,56,53,62.7,88.4,73,131,60.9,66.6,222.7,172.4,105.9,144.1,151.5,228.5,64.2
1988-02-01,84.3,49.2,72.3,68.5,102.5,42,26.7,59.5,70.4,47.7,41.5,56.9,23.5,63,53.7,49.5,59.8,51.2,12.9,62.1,16.2,37.5,37.8,66.1
1988-03-01,115,71.7,108.3,109.5,196,67.1,127.1,95.8,138.4,65.9,45.9,92.7,79.8,100.6,130.8,67.9,86.1,221,177.2,114.1,139.9,141,225.9,127
1988-04-01,50.9,19.1,32,35,65,19.7,43.7,32.7,45,15.7,0,29.2,30.8,30.3,48.8,15.9,23.2,76.2,93.5,38.9,26.4,48,74.8,25.2
1988-05-01,7.9,11.7,14.7,15,24.9,8.3,15.3,22.6,17.9,11,0,12.6,29.5,12.8,23.8,11.1,19.8,12.4,0,6.9,0,22.5,7.6,28
1988-06-01,0,1.7,5.4,5.3,10.6,3.3,3.5,1.2,7.8,2.4,0,4.6,0,4.9,4.3,1.8,7.4,7.2,5.2,0,0,13,5.7,16.1
1988-07-01,0,0,0,3.7,6.3,2,0,0,4.6,0,0,3.5,0,3.2,0,0,0,0,0,0,0,0,0,16
1988-08-01,0,0,0,1.7,2.9,0.9,0.1,0,2.1,0,0,1.6,0,1.5,0.1,0,0,0.1,0.4,0,0,0,0.2,7.4
1988-09-01,35.5,18.8,31.8,29.7,33.6,18.9,6.7,16,22.4,15.6,14.8,24.3,0,27.9,13.1,18.7,32.2,19.2,28.9,18.6,7.1,0,19.3,24.6
1988-10-01,15.1,6.5,15.8,25.5,45.4,11.2,2.3,5.5,33.2,1.5,4.7,22.5,0,17,6,6,14.1,22.2,0,45.3,0,11.1,11.1,41
1988-11-01,4.1,1.1,1.9,8.7,17.6,2.6,0,1,13.1,2.1,0,8,0,4.3,0,1,0,9.4,0,24.4,0,0,4.3,14.3
1988-12-01,27.6,58.1,85.5,44.4,59.9,27.7,32.3,44.3,43.3,107.3,17,35.4,14.9,39.9,43,61.6,94.7,71.2,73.8,50.1,13.7,53.5,61.9,23
1989-01-01,47.3,32.8,48.5,50.9,119.8,28.4,84.1,59.5,86.8,32.5,22.4,42.9,49.5,42.1,95.5,32.6,48.2,151.7,123.8,70.8,44.7,154.1,135,46.5
1989-02-01,41.7,24.4,39.9,38.2,57.3,21.7,36.9,31.3,39.8,25.3,8.1,31.3,21.6,33.2,44.5,23.4,47.3,64.6,76.4,27.2,25.2,45,64.5,31.1
1989-03-01,52.8,40.5,57.5,47.9,69.7,31.8,54.4,54.4,48.8,41.9,35,38.8,39.6,45.5,66.6,42.4,65,95,105.4,54.6,47.5,47.7,96.7,19
1989-04-01,61.4,33.1,48,43.7,54.9,27.5,22.5,35.9,36.4,32.6,28.4,35.6,19.9,40.8,32.2,33.8,41.7,38.9,14.4,29.9,37.1,15.3,41,24.1
1989-05-01,3,2.4,3.9,7,12.2,3.4,1,0.6,8.8,1.5,0,6.5,0,5.4,0.7,1.7,0,2.1,0,5.4,0,0,0.9,21.7
1989-06-01,7.9,3.2,5.5,7.5,11.5,4,0.7,2.4,7.8,2.3,0,6.6,0.4,6.5,2.8,2.4,1.5,1.3,0,0,0,3,0.9,17.4
1989-07-01,4.7,2.2,3.7,6,11.7,3,1.9,1.9,8.3,1.4,0,5.5,0.8,4.8,2.9,1.6,0,3.7,0,2.9,0,6,2.2,16.1
1989-08-01,0,2.8,3.5,5.4,9.9,3.3,3.1,4.5,7.4,1.8,2.1,5.2,0.3,4.9,5.5,2.4,0,6.6,0,5.9,0,2,2.5,21.7
1989-09-01,8,3,5.2,10.9,20.8,4,4.8,1.9,15.2,2,0,9.9,0.6,6.6,3.2,2.2,0,10,2.5,21.4,0,2.3,5.4,19.3
1989-10-01,16.9,6.4,11.2,13.1,21.5,6.9,5.1,7.9,14.6,5.6,0,11,2.6,11.2,9.8,5.3,8.1,9.6,3,2.6,1,16.8,7.1,18.1
1989-11-01,31.6,25.1,33,27.8,39,20.6,14.7,31.2,26.7,23.9,27.4,23.1,17.2,29.3,32.7,26.3,25.3,26.8,35.9,19.6,3.3,15.5,23.9,28.9
1989-12-01,17.8,8.4,14.5,20.2,38.6,9.6,17.5,10.2,27.5,7.2,0,17.6,8.1,15.4,20.7,6.9,9.6,31.8,36.5,18.2,4,27.2,27.7,35.6
1990-01-01,117,93.6,129.4,107.2,148.3,76.8,84,117.2,101.9,92.7,87.3,88.2,75.6,110.2,125.3,97.1,122.9,145.3,150,70.8,84.8,79.8,151.9,100
1990-02-01,62.1,37.3,49.1,48.3,79.5,33.8,23.5,48,54.3,32,40.4,41.3,26.9,49.6,54.2,37.3,18.1,42.8,36,23.1,9.5,43.1,36.8,69.6
1990-03-01,18.9,38.2,40.7,35.7,51.8,19.2,17.4,32.5,27.5,27.7,4.6,29.3,14.9,36.4,32.6,26.4,55.6,31.4,36.9,20.2,6.3,21.9,28.3,36.8
1990-04-01,5.3,12.1,10.1,21.6,51.5,15.6,22.2,23.1,61.7,7.9,11.7,21.4,15.9,24.8,32.1,9.5,3.3,41.6,9.6,26.6,19.3,14.8,26,42.3
1990-05-01,16.3,6.9,10.9,19.7,41.4,11.9,7.7,10.2,27.7,5.1,0,17.5,4.7,18.6,12.3,5.4,4.5,23.8,5.2,27.3,0,5.8,8.4,37.7
1990-06-01,35.6,22.4,34.9,43.6,75.3,24.4,25.4,28.8,49.1,21.4,8,37.4,14.6,40.9,38.2,20.8,34.3,61.2,43.6,44.1,0,40,35.8,69.9
1990-07-01,0,0,0,1.1,1.5,0,0,0,0,0,0,1,0,0.8,0,0,0,0,0,0,0,0,0,5.1
1990-08-01,6.5,0,1.8,6.7,9,1.5,7.5,1.6,3.6,0.6,0,5.9,2.1,5.3,4.7,0.6,0,11.5,9.2,4.5,7.8,16,14.3,16.7
1990-09-01,3,0,0.8,5.7,7.2,0.4,0.4,0.4,0,0.3,0,5.1,0.2,4.3,0.4,0.3,0,1.1,0,1,0,2,0.7,20.6
1990-10-01,29.9,30.3,43,36.4,45,16.2,27.5,25.8,0,30,20.2,28.1,20.1,29,32.4,30,49.7,50.1,26.1,55.8,38.8,64,65.2,67.2
1990-11-01,42.4,48.8,64.9,54.6,74.5,28.5,29.6,50.7,38.9,43.6,13.2,44.3,24.9,54.1,42.4,41.4,86.6,51.2,44.8,33,35.2,21.4,53.6,41.3
1990-12-01,63.4,74.6,109.8,77.8,113.8,57.9,50.9,107.8,70.9,82.5,91.8,63.6,64.9,77.4,104.5,87.1,110.1,91.3,62.7,53.6,39.5,78.6,83.4,61
1991-01-01,60.2,127.4,124.3,73.9,109.5,68.5,98.2,124.6,84.6,91.9,85.5,67.8,87.6,84.6,137.3,100,106.2,163.5,142.8,94.2,54.2,160.9,155,77.8
1991-02-01,38.5,78.6,61,53.3,98,42.9,42.4,60.8,70.9,42.9,33.6,54.5,24.6,64.5,68.8,50.4,36.5,84.6,66.9,59,21,51.5,65.3,92.6
1991-03-01,60.2,38.2,55.4,54.4,51.9,28.7,65.5,62.8,52.6,36.1,24.7,44.8,75.9,47.3,74.9,34.4,49.9,87,107.8,34.5,48.3,81.1,104.2,70.9
1991-04-01,5.9,13.8,14.3,14.1,23.6,7.4,8.5,10.6,6,10.2,5.7,10.1,2.4,10.2,11.3,11.2,16.7,19,17.5,18.7,0,19.5,15.5,26.5
1991-05-01,0,0,0,9.1,0,0,0,0,0,0,0,8.2,0,0,0,0,0,0,0,2.5,0,0,0.4,41.3
1991-06-01,2.7,0,0.7,6.8,0,0.4,3.1,0,0,0.2,0,6,0,0.7,0,0,0,10.3,17,21.7,0,17,15.2,26.2
1991-07-01,1.4,0,0.4,3.5,0,0.2,0,0,0,0.1,0,3.1,0,0.4,0,0,0,0.4,1.4,0.8,0,0,0.7,13.6
1991-08-01,2.1,0,0.6,5.1,0,0.3,0,0,0,0.2,0,4.5,0,0.5,0,0,0,0.5,1.6,3.5,0,0.2,1.3,19.7
1991-09-01,1.1,0,0.3,5.1,0.5,0.2,0.1,0.1,0,0.1,0,4.5,0,0.4,0.1,0,0,1.3,4.5,13.1,0,0.1,4,21.1
1991-10-01,7.3,20.6,19.3,14.4,16.4,7.5,6,12.5,0,14.2,11.2,9.1,0,10.4,9.3,15.3,18.6,15.9,17.8,16.5,12.1,21.4,24.3,27.5
1991-11-01,5.2,3.3,18.1,18.9,25.6,5.4,13.6,7.7,30.6,13.1,3.5,10.5,4.3,10.9,13.6,11.6,38.9,43.7,24.4,59.3,4,25,29.7,27.9
1991-12-01,21.3,5.5,26.1,37.5,113.6,19.3,44.3,25.5,51.8,17.2,4,25.9,22.7,30.7,51,19.4,45.9,90.1,39.5,42.1,12.1,90,56.6,34.1
1992-01-01,77.5,181.4,150.2,122.7,393.4,120.8,136.2,206.2,175.1,108.7,91.7,121.3,139.6,158.1,230,137,107.5,207.8,104.9,119.7,20,90,100.8,127
1992-02-01,54,24.1,40.7,42.4,22,19.8,14.7,13.8,35.8,24.5,9.6,33,0,30.9,20.5,20.2,39.2,32.7,16.6,49,12.6,29,32,51.6
1992-03-01,12.1,3,14.5,19.7,8.4,7.3,9.8,2.1,30.9,9.3,0,16.5,0,11,10.4,6.7,27,20.2,3.6,17.4,0,17,9.3,39.4
1992-04-01,4.9,0.7,1.6,4.7,5,1.4,1.2,0.9,0,0.6,0,3.9,0,2.2,1.2,0.5,0,6.6,17.3,5.2,0,3.1,8.4,10.3
1992-05-01,0,0,0,0,0,0.1,0.2,0,1,0,0,0.1,0,0.2,0.3,0,0,0.4,0,0.3,0,0,0.1,0
1992-06-01,13.5,4.7,8.5,8,0,2.8,0.1,1.5,0,4.7,0,5,0,4.8,1.4,3.1,8.3,0.3,0,6.2,0,0.8,1.3,5.4
1992-07-01,7.2,0.8,2.3,6.9,0,1.1,0.1,0.3,0,0.8,0,5.8,0,2.1,0.2,0.2,0,1.3,4.5,4.2,0,0.5,2.6,18.7
1992-08-01,2.9,0.6,2.2,4.8,10.7,1.7,5,1.6,0,1.3,0,3.6,0,2.5,2.4,1.5,3.1,14.3,13.3,15.2,5.1,20,15.3,8.5
1992-09-01,0,0,0,1.3,0,0,0.2,0,0,0,0,1.1,0,0,0,0,0,1.2,3,0,0,1.2,0,5.7
1992-10-01,14,35.3,20.8,15.9,23.5,13.2,10,15.3,5,13.4,3,12.4,0,18.4,16.3,15.3,9.8,27.8,34.8,54.6,3,33.2,49.8,27.2
1992-11-01,37.9,37.6,42.9,37.8,53.9,26.3,24.3,23,50,27.2,4.4,30,5.2,38.2,36.7,26,48.2,51.9,34,58.3,25.1,35,42,34.4
1992-12-01,71.8,62,91.1,58.2,55,40.2,36.1,60.9,78.5,67.5,86.9,46.7,10.1,59.5,53.2,70,69.5,79.9,64.3,35.2,28.2,62.2,76.8,47.9
1993-01-01,143.8,100.1,137.9,106.7,152.4,77.5,122,165.1,139,97.3,125.1,93.3,151.6,115.1,158.8,104.3,77.9,181.7,164.5,133.6,80.8,151.7,171.6,87.7
1993-02-01,37,19.6,23,31.6,39.1,13.8,12.1,15.9,0,12.7,2.3,23.9,8,21.1,17,12.1,14,22.3,18.7,21.7,16.9,23.8,27.8,47.3
1993-03-01,58.3,107.7,100.2,74.4,124.4,54.6,61.7,101.6,61.7,69.9,42,55,78.6,76.7,105.1,75.3,93,85.8,68.6,53.9,45.6,47.3,81.1,88.3
1993-04-01,11.8,1.4,4,5.2,3.2,2.2,1,1.2,0,1.8,1.1,4.5,0,3.9,1.1,1.1,0,5.2,13.4,24.5,20.1,3,2,12.2
1993-05-01,0.4,0.4,0.3,1.9,0,0.1,0.2,0.1,0,0.1,0,1.7,0,0.2,0.1,0.1,0,0.4,0,4.7,0,1.2,1.5,8
1993-06-01,1.5,0,0.4,2.3,0,0.2,0.2,0,0,0.1,0,2,0,0.4,0,0,0,0.4,0,0.7,0,1.2,0,7.8
1993-07-01,1.5,0,0.4,3.7,4.7,0.2,0,0,0,0.1,0,3.4,0,2.8,0,0.1,0,0,0,0,0,0,0,14.2
1993-08-01,5.1,26.1,18.9,15.7,46.2,14.3,19.2,23.7,18,14.2,11.5,13.7,11.5,19.2,26.4,18.1,14,39.6,41.1,17.6,26.2,33.4,51.8,26.6
1993-09-01,43.9,2.4,19,27.9,16.5,10.8,7.8,3,19.5,9,0,22.6,0,18.1,9,4.9,16,17.4,9.3,26.6,0,11.4,0,27.8
1993-10-01,18.7,28.7,26.7,31.5,60.7,17.3,22,25.1,10,17.9,7.3,23.9,11.7,24.2,28.1,20.4,25.4,49.2,59.4,35.4,6.5,46.4,113,56.9
1993-11-01,64.9,61.6,55.2,42.7,37.8,35.5,22.9,26.3,65,32.6,3.1,36.8,1.7,52.5,42.7,30.1,39.5,52.7,37,31.4,21.1,30.2,60.5,26.2
1993-12-01,58.9,41.5,53.7,59.8,108.9,45.3,64,51,117.4,34.7,22.3,58.7,33.7,65.6,78,37.1,45,137.5,139.5,74.9,45.8,95.4,109.5,73.7
1994-01-01,43,71.7,111.5,59.9,102.1,43.4,66.2,117.8,72.9,90.7,134.8,42.9,77,61,92.3,100.9,101.3,101.3,88.5,59.5,81.2,80.1,135.7,52.4
1994-02-01,79.9,128.6,105.2,70.7,142,64.5,75.1,101.9,63.8,73.5,66.2,58.2,42.8,91.3,100.3,84.5,53.5,142.4,101.4,46.1,91.3,170.6,206.9,62.2
1994-03-01,21.5,3.6,12.9,22.3,29.1,7,19.1,20.9,0,7.3,2,16.3,32.4,11,20.6,6.4,13.8,21.6,21.9,35,20,26.2,58.1,36.9
1994-04-01,21.2,5,11.7,20,17,5.9,5.8,5.4,0,6.2,0,14.8,3.3,9.5,6.3,4.8,11,31.1,89,28.1,6.5,13.5,7.5,35.7
1994-05-01,0,2.8,1,1.9,11.1,1.9,1.5,2.4,0,0.7,0,1.6,0,2.5,3.1,1.6,0,3.3,2.7,4.5,0,0,26.1,2.9
1994-06-01,0,0,0,1.2,0,0,0.2,0,0,0,0,1.1,0,0,0,0,0,0.4,0,0,0,1,0,5.6
1994-07-01,0.5,0.3,0.2,0.7,0,0.1,0,0.1,0,0.1,0,0.6,0,0.2,0.1,0.1,0,0,0,0,0,0.1,0,2.5
1994-08-01,6.2,0,1.7,2.7,0,0.8,0,0,0,0.6,0,2.1,0,1.6,0,0,0,0,0,0,0,0,0,1.4
1994-09-01,3.9,0.2,4.5,4.5,6.5,2.7,5.9,8.8,10.5,4,10.1,5,9.5,4,8,4.8,1.8,5.5,0,2.2,0,0.4,0,9
1994-10-01,10.5,0,14.7,19,33.2,8,8.5,4.5,21.2,9.7,0,13.6,0,11.7,12.1,8.3,31.5,16.1,0,8.2,1.2,1.4,0,22.1
1994-11-01,31.5,11.4,17.7,27.6,36.2,15,14.4,8.5,31,9.3,0,25,0,22.7,18.5,8.4,13.4,30.1,9.9,21.7,6.5,21.8,25.3,40.4
1994-12-01,86.4,144.2,115.5,85.6,103.5,71.8,42.5,112.1,89.9,83.4,79.8,85.4,66.5,101.6,101.5,93.3,79.9,89.3,11.5,66,26,93.5,129.8,113.4
1995-01-01,57.4,97.5,110.8,117.2,142.8,57.7,20.7,335.3,87.2,104.7,101.5,71.3,30.3,81,149.1,145,105.5,89.7,90.8,79.8,23.9,63.1,195.1,98.6
1995-02-01,94,49.3,72.9,62,217.9,59.3,44.7,203.5,81,33.2,38.8,67.3,2.8,86.4,130.2,61.8,52.5,112.1,55.5,54,15,53.7,103,108.3
1995-03-01,63.5,44.2,55,48.4,72,37.9,33,47.4,84.5,43,55.6,46.5,32.5,55.9,56.5,36.5,29.5,89.2,83.4,73.4,33.6,93.1,118,46.8
1995-04-01,4.3,0,1.1,5,0,0.6,3.9,0,0,0,0,4.3,6.5,1.1,1.5,0,0,1.9,1.9,9.9,0,0,0,15.5
1995-05-01,0,0,0,1.4,0,0,0,1.4,0,0,5.9,1.3,0,0,0.4,0,0,0,2,1.9,0,0,7.7,6.4
1995-06-01,0,0,0,0,0,0,0,0,0,0,0,1.8,0,0,0,0,0,0,0.1,0.4,0,0,0,10.6
1995-07-01,0,0,0,0,0,0,0,0,0,0,0,0.6,0,0,0,0,0,0,0,0,0,0,0,3.7
1995-08-01,24.4,0,9.5,10.2,0,3.2,0,0,0,0.6,0,10.2,0,6.3,0,0,2.5,2.9,4.8,10.8,0,9.1,0,8.9
1995-09-01,10.2,0,4,4.6,0,1.3,0,0,0,0.5,0,7.1,0,2.6,0,0,1,2.5,6.7,22.4,0,7.9,0,19.9
1995-10-01,3.1,2.3,5.9,18.3,0.6,1,0,0,0,3.3,0,8.1,0.3,1.6,0.1,0,0,0.1,5.5,20.5,3.2,0,0,15.6
1995-11-01,19.7,17.6,14.1,10.8,30.5,11.4,4.5,0,10,22.2,0,13.9,0,16.7,8.8,0.6,2.3,18,17.5,31.8,0,18.8,27.5,29.5
1995-12-01,70.3,52.5,82.8,112.6,106.9,47.2,39.5,102.6,103.3,40.5,41.2,77.5,13.3,68.8,84.4,36.2,60.4,98,79,113.3,30.9,68,103.5,111.5
1996-01-01,121.6,121,141,126.2,209.1,80.5,64.4,77.6,98.5,94.9,118.4,100,43.5,116.4,102.4,111.4,130.9,160.3,182.6,122.3,48.6,162.7,173.1,151.6
1996-02-01,37.1,38.7,40.4,29.3,73.7,30.5,47.2,43.7,63,26.4,86.4,31.5,81.3,43.7,56,69.8,64.8,76.7,72.6,11.5,55.3,54.4,124.7,42.2
1996-03-01,33.9,43.6,53.8,66.1,41.6,20.5,38.7,17.6,10.1,35.4,9.7,30.3,30.7,29.6,28.8,20.6,34.7,38.3,29.3,21.9,22.8,23.9,55.2,22.8
1996-04-01,8.6,16,15.8,19,22.5,10,4.7,1.4,20.2,8.3,1.1,11.4,0,14,10.1,4.3,9.3,29.6,4.3,20.2,21.2,49.4,18.8,12
1996-05-01,2.5,6.2,3,0.6,0,1.7,2.6,0,0,0,0,3,0,2.5,1,1.2,2.1,4.1,7,0.4,0,9,0,12.9
1996-06-01,0.3,0,0.4,1.4,0,0,0,0,0,0,0,1.4,0,0.1,0,0,0,0,0,2.5,0,0,0,6
1996-07-01,0,0,0,0,0,0,0,0,0,0,0,0.5,0,0,0,0,0,0,0,0.4,0,0,0,2.9
1996-08-01,14.3,24.1,27.6,18.5,20.6,13.8,0.6,0,30.7,30.8,13,12.8,0,19.5,10,15.1,26.8,22.4,5.8,3.5,6,23.2,0,5
1996-09-01,11,0,6.2,12.2,0,1.4,0,0,0,0,0,8.9,0,2.8,0,0,0,0.5,0,25.7,0,1.5,0,18.3
1996-10-01,2.4,0,2.9,8.2,0,0.3,0.9,0,0,0,0,4.1,0,2.3,0.3,0,0.4,0.7,2.5,15.7,3.3,1,0,8.2
1996-11-01,53.9,27.5,62.4,94.1,116,29.6,18.7,0,22.3,39.5,10.5,50.4,0,43.5,26.1,18.7,31.5,59.5,36,69,25.7,42.7,27.3,61.4
1996-12-01,97.3,71.3,112.6,91.7,184.7,48.2,49.8,22.1,63.3,108.2,57.5,72.6,42.5,84.4,69.1,71.6,100.7,137.7,91.5,128.3,41,166.9,48.3,102.5
1997-01-01,151.4,166.4,184.2,74.4,347.7,102.5,215.1,115,158.3,165.1,144.7,91.1,103.2,137.8,205.8,210.6,211.4,304.6,211.1,149.4,99.8,234.6,215.3,90.2
1997-02-01,82.4,148.3,141,102.4,320.9,87.8,93.9,95.4,164.8,158.6,154.1,81.6,130.4,122.8,151,138.8,126.4,251.8,181.4,78,108.1,260.9,213.8,89.2
1997-03-01,71.8,47.6,78.5,96.7,39.7,29.3,14.5,41.3,60.4,54.5,53.2,62.1,58.1,56.2,36.8,29.5,54,56.4,51.8,85.3,15.7,64.9,14.1,72.8
1997-04-01,9.1,56,49.4,32.5,19.9,8.1,16,7.2,24.1,57.3,59.3,15.4,13.5,16.7,16.4,46,59.6,29.1,17.2,20.1,24,28.6,3.5,11.3
1997-05-01,0,0,0,0,0,0,0,0,0,0,0,1.5,0,0,0,0,0,0,0,0.7,0,0,0,8.8
1997-06-01,0,0,0,0,0,0,0,0,0,0,0,0.4,0,0,0,0,0,0,0,0,0,0,0,2.4
1997-07-01,0,0,0,0,0,0,0,0,0,0,0,0.2,0,0,0,0,0,0,0,0,0,0,0,1
1997-08-01,10.4,3.1,14.4,25.9,33.4,5.5,16.8,0,0,10.9,0,12.9,0,13.1,11.9,1.9,6.8,22.6,20,19.6,10.6,23.5,25.6,22
1997-09-01,84.3,21.6,61.7,64.2,77.1,30.2,119.4,0,64.7,41.2,9.4,57,0,59.3,71.2,22.2,47.3,119.9,24.2,48.2,8.9,78.3,15.1,70.1
1997-10-01,8.1,3,6.5,7,10.2,3.8,2.1,0,10.2,2,4.3,7.2,0,7,4.6,3.1,4.8,6.6,8,7.4,2.1,0,8.4,12.6
1997-11-01,49.4,21.6,33.8,36.9,78.1,24.2,26.8,18.1,46.9,22.8,0,38.1,0,41.3,35,18.5,25.2,54.5,75.3,21,16.1,29.2,32.3,63.5
1997-12-01,23.6,12.9,26.4,44.6,20.5,9.2,36.4,28.4,0,3.7,17.5,21.1,20.2,18.5,25.7,13,18.7,42.7,12.5,45.5,12.6,65.6,43.8,23
1998-01-01,51.1,31.5,40.4,46.8,146.4,46.2,142.2,40.6,108.6,22.6,21.4,55.4,99.2,65.9,112.4,13.8,30.7,165.1,110.9,72.9,42.9,93.5,130.9,104.4
1998-02-01,61,23.5,51.8,67.1,51.7,28.1,102.2,30.8,63,45.8,25.3,51.1,36.2,49.6,69.3,0,36.2,111.1,13.5,59.7,0,94.8,57.2,66.4
1998-03-01,36.5,1.9,24.6,44.4,13.9,10.1,7,3.1,20.5,5.9,0,27.5,0,24.7,10.1,0,8.2,19.1,1,61,25.2,18.5,6,27.3
1998-04-01,34.2,1.2,13.4,6.4,17.5,6.9,6.2,0,0,5.1,0,16.1,0,12.9,5.3,0,7.5,16.7,26,15.6,0,31.4,0,35.1
1998-05-01,0,0,0,0,0,0,0,0,0,0,0,0.4,0,0,0,0,0,0,0,1.7,0,0,0,2.6
1998-06-01,22.6,1.9,12.5,19,19.5,5.5,19.2,0,0,2.4,0,16.7,21,12.8,10.5,0.1,7.7,16.1,21.5,25.3,6.2,8.9,5,36.9
1998-07-01,0,0,0,0,0,0,0,0,0,0,0,0.9,0,0.9,0,0,0,0,0,0,0,0,0,5.4
1998-08-01,4.4,3.6,6,4,0,0.6,0,0,0,0,0,4,0,2,0,12,4.4,0,1.1,6,0,0,0,10.9
1998-09-01,9.7,0,5.1,8.6,0,1.3,0,0,0,0,0,7.4,0,4.3,0,0,1.5,0.8,3.2,12.9,0,2.5,0,16.6
1998-10-01,30,0.7,26.1,60.3,0,4.1,5.7,0,0,3.2,0,25.5,0,20.3,2.2,0,6,4.8,10,41.7,0,6.6,0,16
1998-11-01,68.2,16.6,49.2,65.7,118,31.6,8.9,23.5,30.8,27.7,14,49.8,0,55.2,36.3,6.6,28.5,51.7,43.4,73.6,18.8,37.4,41.8,72.8
1998-12-01,26.1,9.2,20.2,35.2,14.3,12.5,7.5,15.2,35.1,1.7,4.3,23.1,0,22.9,16.9,8.2,13.4,23.8,10.5,20.1,3.1,16.9,0,20.1
1999-01-01,84.7,79.2,75,88.9,37.2,31.6,90.9,35.7,71.8,32.7,165.8,63.4,49.9,59.7,65.9,49.1,90.1,89,70,76.6,16,43.2,164.8,64.9
1999-02-01,95.9,118.9,116.9,73.8,237.6,81.7,79.6,168.5,105.1,97.1,110.8,71.4,155,96.4,141.2,115.5,123.7,158.4,110.3,86.1,77.7,108.3,249.6,94.9
1999-03-01,160.3,158.4,200.6,132.5,375.8,115.7,90.4,147.4,185.4,119.7,102.6,120.3,153.3,161.6,178.5,251.3,182.8,226,48.8,111,90.5,127.3,404,143.2
1999-04-01,27.5,20.4,29.7,12.6,0,5.5,17,11.8,0,48.4,20,9.9,14.7,9,9.9,25.5,33.8,22.9,0,28.2,8.8,46.3,24.7,9.8
1999-05-01,0,0,0,0,0,0,0,0,0,0,0,0,0,0,0,0,0,0.9,0,2.7,0,2.8,0,0.2
1999-06-01,1.2,0,0.4,0,0,0.2,0,0,0,0,0,0.7,0,0.3,0,0,0.2,0,0,0.7,0,0,0,2.3
1999-07-01,1.7,0,2.1,5.4,0,0.2,0,0,0,0,0,2.7,0,1.6,0,0,1.2,0,0,0.8,0,0,0,5.4
1999-08-01,0,0,0,0,0,0,0,0,0,0,0,0.7,0,0,0,0,0,0,0,2.2,0,0,0,4.2
1999-09-01,49.9,7.8,39.7,52,16,10.6,24.7,0,12.3,28.6,0,33.5,0,28.5,14.5,4,21.1,19.3,18,40.8,10.7,0,0,37.3
1999-10-01,49.4,13.6,39.1,42.9,84,25,4.8,3.2,52.6,37.5,14.2,31.8,0,44.5,27.5,0.2,27.7,58.9,34.1,53.9,22.2,65.8,0,13.3
1999-11-01,14.3,8.8,22.2,17.8,95.2,13.6,0,0,0,37.3,0,11,0,21.9,15.8,0.8,18.3,20.6,0,15.6,0,1,0,17.3
1999-12-01,44.2,36.2,62.7,41.3,99.1,19.8,5,0.9,10.2,108.8,33.7,30.7,16.6,37.1,20.7,2.1,63.3,32.6,7.2,35.5,13.9,17.8,2.4,47.2
2000-01-01,140.1,96.1,138.1,114,182.3,81.6,159.6,114,165.3,97.9,92.2,102.4,94,119.2,158.4,99.5,118,212.7,220.1,107.7,92.6,133.1,333.9,109.6
2000-02-01,58.1,29.6,54.7,38.9,51.9,20,100.2,9.5,30.3,44.6,32.7,36.7,44.1,36.8,55.5,32.8,47.7,90,113.4,68.5,62.8,66.1,264.5,51.1
2000-03-01,37.3,25.2,51,54.9,46.9,16,62.9,5.2,30.8,49.7,19.9,32.4,71.6,34.1,39.4,28.1,45,87.1,95,66.4,43.5,115.3,100.4,32.3
2000-04-01,1.8,6.1,6.6,0,2,0.5,0,0,0,6.4,12.5,0.5,0,0.8,0.3,7.4,7.3,0.4,0,0.6,0,0,0,0.3
2000-05-01,1.5,2.2,2.7,7.8,0,2,0,12,0,0,0,2.7,0,2,3.6,1.8,1.5,0.2,0,1.5,0,0.7,0,2.1
2000-06-01,12,0,6.7,10.8,0,1.6,4.5,0,0,0,0,7.9,0,5.4,0,0,3.8,2.1,0,16.5,0,1,0,13
2000-07-01,0,0,0,0,0,0,0,0,0,0,0,1.1,0,0,0,0,0,0,0,0,0,0,0,6.3
2000-08-01,18.6,0.1,8.6,10.4,1,2.7,0.2,0,0,0,0,10,0,7.2,0.2,0.1,4.9,0.5,0,16.1,4.5,0.5,0,16.3
2000-09-01,1.6,1.1,1.6,1,7.3,1.1,0,0,0,0,0.5,1.2,0,1.7,1.2,0.8,1.1,1.8,0,1.9,3.1,0.7,0,3.2
2000-10-01,39.1,7.2,19.5,3.9,10.2,12.3,2.1,0,40.3,8.6,11.5,25.3,0,20.2,10.8,8.2,15.1,24.7,35.7,63.4,4.4,25.2,0,57.3
2000-11-01,1,0.6,8.5,28.9,0,0.6,16.5,3,0,0,0,8.3,0,6.2,7.1,0.5,4.9,7.9,0.8,10.2,9.3,0.2,0,4.2
2000-12-01,68.8,48.8,53.3,49.7,87.2,44.2,128.6,107,60,22.4,35.4,52,13.4,52.9,107.2,46.4,40.8,124.9,107.8,121.2,14.3,78.3,136.6,88.2
2001-01-01,188,134,172.9,145.5,250.9,119.9,222.4,241.4,199,132.4,87.9,131.9,175.4,155,238.4,132.8,146.2,289.6,230.1,158.3,157.6,198.9,657.7,141.8
2001-02-01,116.4,119.9,131.3,87.9,224.5,99.3,197.9,202.8,186,122.9,132.2,99.5,203.3,118,210.6,124.2,119.8,234.4,216.5,122.3,86.1,94,640.9,151.3
2001-03-01,60.6,81.1,71.1,84.2,136.7,73.9,116.7,224.6,114.5,35.5,80.7,69.5,92,75.7,157.1,78.3,56.3,163.4,68.7,57.1,47.1,126.1,367.1,113.1
2001-04-01,10,21.7,23.6,8.7,50.5,11.1,11.4,24,0,33.5,20.3,7.4,10.3,12.1,19.8,24,24.9,22.5,5.2,4.9,10.4,19.8,51.3,16.2
2001-05-01,0.8,9.5,0.6,1.4,0,6.7,0,45.4,0,0,8.4,1.4,0,0.5,13.5,9.1,0.4,0,0,1.2,0,0,0,4.7
2001-06-01,8,2.3,6.3,10.4,8.2,3.4,0,1.2,0,0,1.5,8.2,0,5.5,1.5,1.9,4.1,1.8,0,11.8,0,0,0,21
2001-07-01,0.4,0.1,0.1,0,0,0.1,0,0,0,0,0,3.3,0,0.1,0,0,0.1,0,0,20.4,0,0,0,18.7
2001-08-01,12.3,6.8,14,21.8,6,3.6,12.4,8,0,9.5,4.4,11.6,0,8.6,8.1,7.2,11.3,8.1,6.2,14.3,0,3,0,17.6
2001-09-01,6.8,19.8,8.9,9.2,5.2,13.5,10.6,82.2,0,3.6,17,4.6,0,4.5,29.3,18.4,10.7,6.1,0,8.2,8,0,0,3.6
2001-10-01,45.3,10.3,18.6,2.9,7.1,10,24.4,0,20.4,8.9,3.2,21.1,0,17.4,14.6,9.9,14.3,21,6.5,62.5,0,3.3,0,39.2
2001-11-01,23.7,12.8,21,33.3,0,8.8,2.4,28.2,10.1,11.9,8.9,21.3,0,15,11.4,13.4,16.6,6.8,15.9,17.7,12.8,7,0,33.6
2001-12-01,66.9,35.4,47.4,44.3,27.4,30.2,41.1,48.6,51.5,30.8,29.9,51,35.5,40.5,79.7,35.6,38.8,77.1,41.1,69.7,0,82.5,47.5,99.7
2002-01-01,40.8,28.5,49.8,46.9,85.9,26.6,40.4,35.6,71.5,26.6,21.7,39.9,6.8,46.5,52.3,27.1,34.2,94.4,65,63.1,70.3,72.1,29.4,39.8
2002-02-01,111.6,80.1,91,92.5,120,49.5,23.6,116.1,72.2,89,77.4,76.9,144.1,83,108.2,86.5,103.2,111.6,142.5,58.4,86.8,114.2,139.6,116.8
2002-03-01,99,62.8,92.5,75.5,144.9,57.4,120.5,79.6,70.6,49.1,51.5,62.3,25.3,68.7,91.4,62.1,63.5,122.1,83.3,47.6,54.1,45.1,16.8,73.4
2002-04-01,25.3,10.1,19.8,23.5,23.7,10,0,11,10.3,14.2,8.5,19.7,10.5,20.6,12.2,10.3,18,24.4,41.1,26.5,37.5,31.3,0,32.8
2002-05-01,3.8,0.8,2.4,3,2.4,1.1,0,0.5,0,1.3,0.6,2.4,0,2.5,0.3,0.8,1.9,5.3,19,3.8,9.6,2,0,3.7
2002-06-01,0,4.3,5.2,4.6,12.6,4.5,9.1,6.5,20.5,3.6,3.2,4.1,0,5.8,12,3.9,4.4,17.6,12.3,0,0,16.4,15.4,5.4
2002-07-01,13.3,7,18.5,19.4,28.7,6.4,3.4,3,0,7.1,5.1,16.6,0,16.7,3.6,6.6,9.8,19.9,12.7,40.9,0,7.2,44.7,33.5
2002-08-01,20.1,5.6,11.1,10.5,10.8,4.8,1,3.8,0,5.9,4,8.3,0,8.4,1.1,5.3,8.3,2.5,0,1.7,0,5.2,0,9.5
2002-09-01,10.7,3.2,7.1,6.9,8.3,2.7,0,1.7,0,3.3,2.3,5.6,0,5.7,0,3,4.7,2.4,0,7.2,0,0,0,6.7
2002-10-01,16.9,22.7,37.1,37,67.9,21.5,22.5,23.7,50.4,21.1,17.8,32.3,7.5,36.1,31.1,21.8,26.6,54.2,15.6,44.1,29.5,40.1,0,65.7
2002-11-01,35.7,11.5,25.4,24.6,31.7,9.4,11.3,12.1,0,11.9,9,20.1,5.2,20.7,12.9,11.4,16.1,31.1,32,40.8,24.4,23.1,0,17.4
2002-12-01,38.6,29.2,45.5,45,72.2,25.3,34.5,38.5,36,28.2,24.9,38.2,24.1,41.3,45,29.4,34.9,70.4,41.3,59.8,19.2,65.8,57.1,62.3
2003-01-01,70.8,89,104.4,78.8,174.7,54.6,163.3,105.6,73.7,98,68.2,66.1,37,77.4,130.3,81.9,95.7,160.3,46.2,102.6,55.6,116.7,44.1,93.2
2003-02-01,61.6,55,80.4,88.7,97.3,46.3,23.6,37.2,79.8,62.3,39.7,61.7,0,67.9,45.1,49.1,69.1,90.8,102.5,82,47.7,74,80.7,87.7
2003-03-01,35.6,0,44.4,28.2,55.9,16.3,120.5,51.4,39.1,74.3,28.7,24.1,23.9,24.9,76,34.1,45.1,112,72.4,52.2,55.3,92.7,69,46.3
2003-04-01,5.7,0,1.6,0,0,0.8,0,0,0,0,0,1.6,0,1.5,0,0.6,0.9,4.8,12.7,1.5,3.3,5,0,2.1
2003-05-01,7.1,0,2,0,1.1,1,0,0,0,0,0,2,0,2,0.2,0.1,1.2,0.2,25.2,2.5,5,0,0,2.8
2003-06-01,0,0,0,0,0,0,0,0,0,0,0,0,0,0,0,0,0,0,0,0,0,0,0,0
2003-07-01,12.9,10,7.1,0,10.5,5.2,0,0,0,0,6.2,4.4,20.5,7.8,1.7,4.1,5.3,3,1.6,0,0.7,2.5,0,3.5
2003-08-01,6.6,2.2,2.6,0,0,1.4,0,0,0,0,0.6,1.8,0,2.3,0,0.7,1.8,2.2,3.5,0,1.8,7,0,1.8
2003-09-01,4.7,0.7,4.4,10.4,0.2,0.7,0,0,0,0,0,4.1,0,3.4,0,0.6,2.8,0.3,0,0,0.1,0.7,0,4
2003-10-01,26.8,4.4,14.1,19.5,9.1,6.7,0,0,0,0,2.5,15.3,0,12.4,0,3.4,8.7,0,0,17.7,0,0,0,18.4
2003-11-01,9.1,0,5,9.6,9.7,3.4,3.4,4,10.3,0,0,6.6,0,6.5,4,0.5,1.4,7.6,0,6.6,1.2,3.5,0,9.8
2003-12-01,59.8,0,60.6,84.4,116.2,44.1,72.1,181,57.8,66,24.3,48.2,18.9,45.4,87.2,73.6,54,106.1,100.4,79.4,50.2,77.6,57.8,79.7
2004-01-01,56.6,0,69.7,105.4,203.9,43.8,231.7,127,113.8,79.3,134.6,60.8,52.9,59.9,175.8,76.6,90,257.9,180.2,116.1,51,162.9,314.1,110.8
2004-02-01,21.7,0,54.7,46.4,155.5,42.8,101.8,166,100.9,109.3,86.6,39.6,117.3,35.5,156.7,66.7,86,151,132.7,24.7,24.5,90.5,358.1,60.2
2004-03-01,29.6,0,28.9,47,46.4,18.5,34.8,87,8.2,25.4,15.2,30.8,5.2,19.6,35.5,10.3,17.2,51,57.4,23,9.1,64.8,113,61.7
2004-04-01,8.1,0,5.2,11.2,2.7,1.2,1.2,0,0,0,0,8.2,0,4.6,0,0,0,12.7,0,29.9,12.9,6.9,0,19.8
2004-05-01,0,0,0,0,0,0,0,0,0,0,0,0,0,0,0,0,0,1.8,0,3.4,0,5.3,0,0
2004-06-01,0.8,0,0.2,0,2.1,0.2,0.2,0,0,0,10.1,0.2,3.2,0.5,0,0,2.7,0.5,0,0,0,0,0,0
2004-07-01,11.5,0,10.6,10.8,21.4,2.4,2.4,0,0,13.7,10,8.2,9.6,6.2,0,26.5,15.1,17.2,37.2,27.3,17.9,38.7,0,15.3
2004-08-01,30.1,0,14.8,25,14.8,1.7,1.7,0,0,0,25.5,15.8,3.7,10,0,58.4,23.8,14.7,42.1,38.7,3.8,35.4,66.7,11.6
2004-09-01,1,0,1.8,4.8,1.2,1,1.1,0,6.2,0.9,0,3.1,0,1.6,0,4,1.5,2.7,0,5.3,12.9,1,0,5.2
2004-10-01,3.9,0,1.5,0,1.2,0.5,0,0,0,1.2,0,1.3,0,1,0,0.5,0.6,0.1,0,1.5,11.2,0.3,0,2.1
2004-11-01,18.8,0,8.4,12.1,6,2.6,2.1,0,0,0,0,11,0,7.6,0,0,2.8,6.4,7.7,28.9,3.6,13,0,19.1
2004-12-01,52,0,27.5,43.7,32.7,12.3,11.2,5.4,34.9,5.2,17.4,35.1,0,30.1,0,8,15.5,32.6,30.9,26.9,0,35.1,0,40.4
2005-01-01,130.4,0,73.2,59.9,113.7,42.1,73.2,80.6,73.2,64.1,82.3,74.3,71.4,62.2,96.2,120.7,82.5,116.7,82.7,72.5,4.4,100.4,94.9,104.6
2005-02-01,131.8,121.9,157.4,97.8,214,87.3,115.9,188.3,101.4,156.6,178.1,80.5,123.3,113.3,176.4,233.6,211.6,154.5,56.2,55.2,108.9,115.8,444.6,62
2005-03-01,47.6,16.6,37.9,52.9,54.2,21.1,23.9,17.5,33,15.1,0,33.2,5.5,35.6,40.8,24.5,17.7,44.1,13.9,24.4,24.5,40.3,58.4,23.1
2005-04-01,34.5,18.8,24.6,21.9,30.6,13.2,6.2,9.4,10.5,8,0,18.1,0,21.7,15.8,39.5,19.8,10.4,0,10.5,6.6,2.5,0,15.8
2005-05-01,0,0,0,0,0,0,0,0,0,0,0,0,0,0,0,0,0,0,0,0,0,0,0,0
2005-06-01,0,0,0,0,0,0,0,0,0,0,0,0,0,0,0,0,0,0,0,0,0,0,0,0
2005-07-01,0,0,0,0,0,0,0,0,0,0,0,0.4,0,0,0,0,0,0,0,0,0,0,0,2.4
2005-08-01,0,0,0,0,0,0,0,0,0,0,0,0,0,0,0,0,0,0,0,2,1.1,0,0,0
2005-09-01,51.9,0,37.1,47.5,33,12.7,11.6,7.9,20.3,31,10.9,33.9,0,28.1,17.8,27,23,24.3,10,43.9,1.1,23,81.3,38.3
2005-10-01,29.3,0,16.7,20.2,19.7,7.4,7.2,1.7,16.7,9.8,0,17.7,0,15.5,6.7,0.3,4,15.3,3.4,43.4,20.8,17.3,0,19.2
2005-11-01,53.6,0,56.5,75.5,38.4,14.5,19.7,10.4,22.5,65.6,4,43.6,5.2,34.9,27.5,101.5,56.4,43.8,38,55.2,2.2,46.8,0,49.4
2005-12-01,57.5,16.8,51.4,37.6,81.1,30.3,50.1,39.3,58.4,59.1,23,39.3,21.9,40,70.7,46.5,47.7,114.9,133.9,43.1,2.3,100.5,0,49.6
2006-01-01,193.5,126.5,152.9,91.1,280.9,111.4,159,189,180.2,92.6,149.7,111,129.6,145.3,197.9,177.5,163.6,292.8,264.7,154.2,83.5,259.7,260.8,105.3
2006-02-01,43.7,67.4,65,67.2,115,45.9,63.9,97.2,72.7,34.8,101.6,46.1,52.7,60.9,92.9,110,91.8,111.4,93.6,52.3,12.4,81.4,76.9,55.3
2006-03-01,60.9,71.8,71.4,40.6,133.6,52.8,56.2,67.6,101.7,55.5,38,52.3,30.2,66.8,87.1,69,72.1,111.9,100.7,28.6,176.3,53.3,182,85.4
2006-04-01,32.7,2.2,10.1,0,4.2,6.2,0,1.1,5.2,0.9,0,10.4,0,10.5,2,0,1,5.3,3.5,8.4,1.5,9.3,4.9,9.8
2006-05-01,0.4,0,0.1,0,0,0.1,0,0,0,0,0.1,0.1,0,0.1,0,2,0.6,0,0,0,3.2,0,2.2,0
2006-06-01,0,0,1.2,0.4,0,0,0,0,0,3.3,0,0.1,0,0.1,0,0,1.3,0,0,0,0,0,0,0
2006-07-01,0,0,0,0,0,0,0,0,0,0,0,0,0,0,0,0,0,0,0,0,0,0,0,0
2006-08-01,2.7,0,5.3,17.4,0,0.4,0,0,0,0,0,5.1,0,4.4,0,0,0,0,0,5.8,2.1,0,1.4,0
2006-09-01,22.4,0,10.2,12.7,14.6,5.5,2.9,0.2,15.4,2,0,14.3,0,11.7,0.8,0,0.8,6.4,0,28.1,2.2,1.5,6.9,21.6
2006-10-01,32.6,10.1,26.5,43.2,28.2,9.1,0,8.4,6.5,7.9,28.2,19.9,0,16.8,22,10,16.5,15.2,7.6,34.3,8.3,31.6,17.4,0
2006-11-01,35.9,12.9,40.5,66.9,8.6,10,12.3,13.5,21,25.8,8.6,33,5,18.2,26.3,11.5,19.5,31.1,61.5,63.7,17.3,40.6,58.4,26.7
2006-12-01,20.9,28.8,39.2,67.3,40.2,16.8,24.2,21.2,22.3,17.2,9.4,32.3,8,33.1,25.7,13.6,21.3,58.4,62.7,51.6,37,73.1,79.8,43.1
2007-01-01,81.1,126.8,126.4,105.6,92.8,58.2,59.4,95.6,73.2,94.7,104.8,64.7,67.2,85.5,74.5,149.8,144.4,88.9,91.5,55.3,45.2,57.8,92.8,52.1
2007-02-01,64,40.7,55.9,65.9,32.7,24.4,46.7,65,46.8,20,32.7,48.9,90.2,42,42,83.5,52.2,53.7,76.8,57.3,60.4,50.8,96.2,62.2
2007-03-01,74.5,66.3,90.7,94.7,96.9,42.1,51.2,64.4,43.5,65.7,94.5,60.2,37.4,69,66.1,104,100.1,99.9,114.1,72.6,36.2,125.8,114.2,72.5
2007-04-01,35.1,18.5,25.5,30.3,21.5,13.6,0,5.8,26.9,10.1,4.6,19.7,0,26.8,1.8,1,9.6,13.1,0,0,0,11.4,3.2,0
2007-05-01,10.4,0,5.4,8.8,0.7,1.7,0,0.5,0,0.5,0,4.8,0,4.7,1.8,0,2,1.2,0,5,0,1.8,0.5,0
2007-06-01,0,0,0,0,0,0,0,0,0,0,0,0,0,0,0,0,0,0,0,0,0,0,0,0
2007-07-01,13.6,0,8,18.3,0.1,1.9,0,0.1,0,0,0,8,0,7.6,0.2,0,0.5,0.1,0,19,0,0,0,0
2007-08-01,2.4,0,3,2,0.6,0.5,0,0.4,0,0,0,1.1,0,1.1,1.5,1,5.6,0.5,0,3.3,0,0,0,0
2007-09-01,16.3,8.9,15.4,14,11.5,6.9,0,4.3,10.2,0,1,8.9,0,12.1,7,5.2,14.4,7.5,0,16.3,7.5,5.9,6.8,0
2007-10-01,16.8,7.7,15.2,19.6,4,4.5,0,2.6,0,0,0,9.2,0,11,1.5,3,10.8,8.4,19.2,7,4.6,25.1,17.4,0
2007-11-01,60.3,37.5,47.2,47.6,58.3,25,20.9,30.7,22.5,23.1,13.3,36.6,19,42.2,29.7,10.3,23.9,41.3,54.1,18,22.1,25.9,46.7,39.9
2007-12-01,46.8,40.8,61.4,60.5,81.7,34.8,21.6,43,44.6,21.3,16.1,40,10.2,46.7,85.8,28.8,63,82,57.9,41.3,35.7,91.7,76.7,44.8
2008-01-01,117.2,147.4,113.6,138.4,304.3,110.1,161,216.9,147.8,70.6,271.4,92.7,160.1,134.9,263.1,217.9,8.3,274,175.6,130.1,40.2,199.7,185.1,61.6
2008-02-01,27.9,5.4,44.6,61.1,44,14.9,32.2,32.9,13.5,19.4,47.1,31.9,21.6,24.8,56.1,19,61.1,52,48.3,13.3,21.8,44.4,52.7,46.2
2008-03-01,49.2,27.2,45.4,60.7,0,19.4,118,57.8,51.9,21.1,6.5,42.6,17.6,30.3,51,39.2,27.6,88.5,48.8,18.2,17.7,37,66.9,50.7
2008-04-01,12.6,0,9.5,19.4,0,0,0,0,0,0,0,12.2,0,3.2,0,0,4.7,0,0,8.5,0,1.6,0.4,24.3
2008-05-01,0,0,0,0,0,0,0,0,0,0,0,0.8,0,0,0,0,0,0,0,0,0,0,0,4.9
2008-06-01,0,0,0,0,0,0,0,0,0,0,0,1.8,0,0,0,0,0,0,0,2,0,0,0,10.9
2008-07-01,0,0,0,0,0,0,0,0,0,0,0,0.2,0,0,0,0,0,0,0,0,0,0,0,1.3
2008-08-01,6.8,4.7,6.4,6.6,0,2.4,5.7,3.9,5.8,1.4,0,4.9,0,4.2,4.3,0.2,4.5,6,0,0,0,4.6,2.6,4.8
2008-09-01,1.6,0,0.4,0,0,0.7,0,0,5.6,0,0,2.3,0,1.5,0,0,0,1.8,0,2.3,1.3,0,0.9,7.2
2008-10-01,22.9,8.3,23.2,31.6,0,4.2,6.4,5.5,12.1,0,1.7,20.2,0,10.6,6,14.8,20.5,8.9,0,21.2,6.3,21.5,11.8,29.3
2008-11-01,19.2,3,7.3,6,0,3.4,0,1.1,19.5,0,0,13.2,0,9.5,1,0,0,6.7,0,18.5,10.9,7.9,9.7,26.5
2008-12-01,88.8,85,95.9,111.7,300.6,106.6,109.7,164.9,128.3,70.2,107,87.1,30,98.7,399.9,67,55,257.7,94.1,75.7,45.8,103.5,120,124.3
2009-01-01,69,26.1,80,62.2,73.8,33.1,24.6,36.4,64.1,51.9,8.6,55.1,20.1,52.3,56.5,100.8,113,82.6,46.2,48.4,62.5,99,93.4,84.8
2009-02-01,112.8,106.1,94.6,69.4,294.1,69.3,399.4,168.9,105.5,60.7,70.5,74.5,37.1,98.1,88.6,56.9,42.9,282,82.8,88.3,12.3,95.3,139.7,94.7
2009-03-01,72.3,79,84.5,103.7,148.4,56.5,76.8,82,83.7,38.2,29.9,71.5,30.2,82,108.5,37.9,45.3,116.4,104.2,17.1,58.9,54,60.7,100.4
2009-04-01,18.7,17.5,19.3,19.9,0,12.2,11.6,10.6,52.1,10.8,11,19.5,0,19.7,10.8,9,11.8,26,24.4,13.5,1.2,56.2,19.7,20.4
2009-05-01,1.4,0,0.4,0,0,0,0,0,0,0,0,0.9,0,0.4,0,0,0,0,0.1,0.4,0,0,0,3.1
2009-06-01,0,0,0,0,0,0,0,0,0,0,0,0,0,0,0,0,0,0,0,0,0,0,0,0
2009-07-01,9,0,5,9.6,1.6,1.8,0,0,3.5,0,0,7.8,0,5.2,0,0,0,2,0.8,0,0.5,2.5,1,15.7
2009-08-01,0,0,0,0,0,0,0,0,0,0,0,1.1,0,0,0,0,0,0,0,0,0,0,0,6.7
2009-09-01,49.5,0.4,21.2,21.2,33.9,17,9.6,15.1,21.6,0,0,23.5,0,22.2,50.1,0,9.8,31.2,7.4,7.2,6,10,0.1,18.4
2009-10-01,7.6,0,5.8,16.3,8.8,3,0,0,12.5,0,0,8.9,0,8,3,0,0,9.4,9.6,10,12.4,5.4,0,7.7
2009-11-01,47.1,23.4,39.5,48.9,33.1,17.9,16,23.6,3.5,21,5.9,47.1,8.8,30.9,36.6,8,23.8,46.1,72.6,41.7,44,80.3,90,132.6
2009-12-01,184.1,124.5,143.1,115.1,140.5,68.8,42,77.4,0,45.2,68.3,98.1,8.7,112,56.8,57.5,81.7,81,84.7,67,49,115.1,62.3,135.3
2010-01-01,142.1,144.7,145.8,135.2,227.2,96,49.8,84.1,176.7,69.2,27.1,115.9,34.6,145.7,119.1,66.7,87.8,152.7,104.8,50.8,71.7,143,79.7,146.4
2010-02-01,101.6,102,107.9,96.5,168.3,82,40.9,115.2,134.7,93.3,87.4,82.5,71.4,105.4,101.5,119.6,74.6,123.2,106.4,77.6,100.1,89.8,73.9,96.5
2010-03-01,45.3,12.9,32.8,44,72.5,19.7,52,39.6,56.9,13.8,46.2,41.8,27.8,36.6,51.2,7.3,18.8,66.4,25.7,18.1,11.5,41.6,19,73.5
2010-04-01,30.7,15.3,15.6,7.2,38.6,14.3,23.9,17.1,21,7.8,0,16.8,11.6,18.6,27.8,15.5,3.2,60.2,117.5,21.7,2.5,34.8,0,28.1
2010-05-01,15.6,3.3,20.4,10.3,15.9,7.1,0,3.3,18.1,11.2,0.4,14,1.9,10.9,9.8,7,37.2,15.4,4.5,18.3,0,23,0,31.2
2010-06-01,0,0,0,0,0.4,0,6.8,0,0,0,0,0.2,0,0,0,0,0,11,40.8,0,0,0,0,1.2
2010-07-01,3.1,0,3,9.1,5.2,0.5,0,0,4,0,0,5.2,0,4.8,0,0,0,0,0,0,0,0,0,11.5
2010-08-01,11.8,0,9.2,22.3,7.9,1.9,0,0,6.6,1.1,0,10.6,0,9.9,0.7,0,2,3.1,3,2.8,1.1,3.5,0,9.4
2010-09-01,25.2,14.4,14.1,3.6,28.3,8.7,0,5.9,17.4,6.8,0,14.9,3.2,17.5,10.7,3,10.1,14,2,7.7,1.3,29,0,29.9
2010-10-01,30.4,9.1,21.3,31.7,38.5,8.5,3.5,5.9,37.2,6.7,1.8,27.6,3.6,28.1,14.2,3.5,10,37.3,24,37.8,0,43,2.6,57
2010-11-01,2.6,0,6,19.8,1,0.4,0,0,0.7,0.2,0,5.9,0,5.1,0.8,0,0.4,1.8,1,0,5.9,4,1.7,0
2010-12-01,73.2,13.4,44.2,39.6,87.2,24.7,45.2,33.7,72.4,24.8,19.5,45.5,23.3,47.2,44.6,27.7,32.6,91.1,117,49.6,54.5,46.8,48.5,80.4
2011-01-01,25.3,53.5,52.9,68,132.3,37.1,115.8,127.1,95.5,27.9,58.5,42.6,126.9,56.3,140.7,31,50.7,139.4,77.5,25.1,98.6,80.9,109.2,44.3
2011-02-01,168.5,254.1,243.9,181.9,358,135.1,269,305.2,123.5,179.7,231.1,153.1,160.2,185.8,285,154,248.8,250.6,155.9,153.9,155.1,93.4,202.5,294.9
2011-03-01,74.8,80.3,86.4,65,106.5,49.2,42.1,70.3,48.6,61,73.4,53.3,19.5,68,60.7,59.5,83.5,90.4,107,65,32.4,74.6,83.1,72.3
2011-04-01,23,11.1,16.8,5.3,10.8,9.3,0,6.8,0,15.2,10,11.2,0,10.7,4,18,17,20,5,0,46.4,20,1.2,24.1
2011-05-01,5.2,14,6.4,0,32.7,7,43.8,16.4,5,0,0,2.8,0,6.6,22.9,11,7.1,20.5,3,3.8,0,3.3,4.6,5.5
2011-06-01,0,0,0.5,2,0.7,0.2,0,0,1.5,0,0,0.9,0,0.7,0.3,0,0,0,0,0,0,0,0,1.5
2011-07-01,4.2,14.4,7,5.2,12.1,5.1,33.4,26.8,6.5,5.8,6.2,7.1,33.4,7.9,0,5,0,11.3,4,0,0,8,6,23
2011-08-01,3.2,0,0.8,0,0,0.5,0,0,0,0,0,1.1,0,0.9,0,0,0,0,0,0,0,0,0,1.8
2011-09-01,9.2,12.5,10.1,15.4,7.6,4.8,0.4,3.7,2.7,0,35.1,11.5,0,10.1,0,0,0,4.1,2,17.6,0,4.5,6.5,29.2
2011-10-01,2.8,0,2.7,8.1,2.1,1,0,0,4,0,0,7.8,0,3.3,0,0,0,1.4,0,5,6.3,2,1.7,27.1
2011-11-01,11.3,15.7,14.7,16.3,43.9,16.4,15,15.6,63.9,0,0,19.9,10,23.8,12.4,10.8,8.1,16.1,6,7.2,18.3,39.8,23.5,30.7
2011-12-01,154.7,117.9,127,82.6,192.3,76.6,103.9,91.5,141.1,107.7,0,96,50.7,122.8,39.8,76.3,85.7,237.9,98.5,57,51.6,143.3,146.8,114.3
2012-01-01,152.1,146.4,153.6,142.2,213.8,84.8,102.9,148.6,94.5,86.4,70.3,108.2,109.8,134.4,153.7,62.6,96.4,146.8,78.5,69.8,53.2,122,130.8,134
2012-02-01,126.2,132.3,147.3,113.5,278,114.2,93,152.8,263.5,116.1,101.1,115.7,112,150,187.1,128,130.4,236,192.3,76.3,112.9,139.6,179.2,138.9
2012-03-01,126.8,29.9,74.8,78.2,126.1,50.2,87.6,86.8,61.5,46.6,35.9,69.9,88.9,71.9,98.1,85,40.8,127.7,113,18.1,74,98.7,97.6,65.1
2012-04-01,20,21.7,30,27.7,31.3,13.7,19.3,19.1,11.5,21.4,17.5,18.6,2.4,20.2,18.4,21.9,32.4,29.7,38.8,19.5,7,18.5,36.9,30.9
2012-05-01,0,0,0,0,0.2,0,0,0,0,0,0,0.1,0,0,0,0,0,0,0,0,0,0,0,0.8
2012-06-01,0,0,0.1,0,0,0,0,0,0,0,0,0.3,0,0,0,0,0.2,0,0,0,0,0,0,1.9
2012-07-01,5.8,0,5.7,17.7,2,0.8,0,0,0,0,0,7.8,0,5.3,0,0,0,0,0,0,0,0,0,11
2012-08-01,0,0.1,2.3,8.8,0.3,0.4,0,0.1,0,0.1,0,3.1,0,1.9,0.2,0,0,0,0,1.8,0,0,0,4.7
2012-09-01,1.6,0.8,2,5.2,5.3,6.6,0,2.6,0,0.3,0,4.7,0,3.4,2.7,0,0.4,0.5,2,0,4.7,0,6.2,9.3
2012-10-01,11.8,6.3,10.1,13.1,15.7,15.2,1.5,5.9,0,4.2,0,11,0,12.7,6.8,0,6.6,3.8,9,2.5,19.8,2.5,7.7,18.9
2012-11-01,16.2,16.5,35.6,51.9,42.6,31.6,9.1,14,22.5,13.2,0,32.2,0,32,21.7,15.5,17.9,20.7,12,13,42.7,15,29.3,47.9
2012-12-01,101.6,87.8,121.3,114.5,171.6,95.2,91.5,116.7,72.9,81.6,71.8,96.7,71.2,102.2,120.4,79.8,101,130.5,84,44.1,95,109.8,172,127.9
2013-01-01,108.6,97.1,124.2,66.2,253.5,139,185.1,193.5,164.9,92.8,118.6,79.2,141.9,137,194.8,68.3,112.4,167.6,111.1,45.3,59.7,181.1,130.5,108.3
2013-02-01,113.3,97.5,100.4,87.3,164.5,107,114,104.6,72,62.1,51.5,87.7,13.3,120.1,114.3,38.8,79.2,65,138,58.6,56.5,88.8,121.9,143
2013-03-01,22,34.6,18.2,22.5,64.4,38.6,36.2,39.1,35,13.1,9.5,22.3,11,34.9,42.3,0,17.1,29,29.5,10.9,49.8,22.4,90.5,52.5
2013-04-01,2.2,2.2,2.4,8.5,12,1.2,0,1.1,18.3,0.8,0,5.8,0,2.1,6.3,0,1.2,9.6,6.5,0,0,9.5,0,17.1
2013-05-01,8.7,4.5,13.8,3.4,30.7,17.6,20,13.4,19,6.8,9.1,7.2,0.8,13.5,24.9,4,8.6,31.2,22,13.9,0,21,16,13.1
2013-06-01,55.1,36,24.4,24.2,42.9,14.4,12.6,24.6,37.4,15.4,12.8,32.1,11.1,34.6,20.1,0.5,20.2,7.8,14,22.1,0,18,15.6,55.1
2013-07-01,3.8,28.7,5.8,9,19,10,0,12.3,0,7.2,0,6.6,0,14.3,3.9,0,9.6,0.4,0,3,0,0,0,15.7
2013-08-01,38.5,39.4,41.4,0,42.6,15.4,0,17.5,25,18.4,2.4,19,0,35.3,14.9,10,25.5,18.6,24,30.3,0,10,11,21
2013-09-01,5.8,1.2,3,8.2,1.7,2.4,0,0.9,0,0.9,0,4.4,0,3,0.9,0,1.8,0,0,0,13.1,0,0,3.4
2013-10-01,37,3,18.4,4.1,1.5,0.8,0,0.3,0,3.2,0,20.1,0,13.2,1,0,11,3.6,39,19.5,63.7,43,26.7,44.3
2013-11-01,30.2,9.9,31.4,39.8,15.5,17.2,0,6.2,5.5,8.2,0,26.1,0,22,8.3,0,13.6,3,2,10,26.3,6,1.9,25.4
2013-12-01,187.5,95.3,173,118.2,201.9,96.4,42.9,103.3,182.4,89.3,42.2,116.5,91.4,154.4,122.5,101,122.1,150,143,44.3,64.9,111.3,112.6,95.7
2014-01-01,233.1,110.2,157.2,110.2,228.6,0.4,95.5,86.7,324.7,113.4,112.3,130.8,59.6,121.8,136.7,120.2,138.1,247,114,105.4,48.9,147.5,120.5,145
2014-02-01,66.8,46.2,79.4,44.8,39.9,0.2,55.7,54.5,31,30.1,28.2,53,55.7,19.6,51.6,0,41.6,76.9,62,25.6,33.9,65.7,3.5,43.6
2014-03-01,24.6,5.5,52.6,14.5,39,0.8,0,2,50.5,9.1,0,25.6,0,35.8,11.8,0,15.4,34.8,36,29.1,50,23.2,31.3,45.1
2014-04-01,12.4,0,19.2,14.8,18.7,1.4,9.9,3.2,40,2.9,0,25.6,0,2.7,13.8,0,5.1,29.4,17,6.7,55,17.4,2.9,14.6
2014-05-01,9.8,0,12,16.3,5.1,3.8,12.6,4.7,0,1.8,0,6,0,5.5,6.8,0,3.2,7.4,0,8.6,0,3,0,17.6
2014-06-01,0,12.5,0,2.1,5,0,0,3.8,0,2.8,0,0,0,0,0,0,3.5,0,0,0,0,0,0,0.1
2014-07-01,1,23,0,0,9.3,0,0,7,0,5.1,0,1.6,0,0.2,0,0,6.5,0,0,2.7,0,0,0,0
2014-08-01,29,23,12,12.5,17.2,7.4,0,9.7,0,8.2,1.1,24,0,6.5,3,3.5,10.9,2,8,4.8,2.4,0,0,19.5
2014-09-01,80.8,5.6,36.4,73.5,114.8,46.3,0,4,210,9.2,3.3,48.8,2.5,33.3,53.4,5.5,13.7,81.3,15.9,26.7,0,7,11.8,37.7
2014-10-01,55,23,24,15.1,67.9,27.2,0,19.7,60.5,15.2,12.6,15.4,6.5,33.5,27.2,10.5,19.3,29.6,16,9,9,11.8,38.2,43.8
2014-11-01,12.7,3.4,14.6,39.5,21.9,19.6,0,11.2,10,2.9,0,27.6,7,5.7,12.8,0,4.8,17.8,11,2.1,15.2,33.8,12.9,43
2014-12-01,71.7,0.8,42.8,57.9,148.7,95.2,9.6,36.7,195,8.4,0,46.2,0,0,86.9,6.5,13.4,99.1,39,39.3,46.9,44,19.9,42.1
2015-01-01,131.2,5.8,148.6,185.3,353.5,155.6,26.2,139.2,285,52.6,75.7,173.2,94,183.2,187.6,27.5,69.5,106.4,155.4,80.8,76.9,137.3,179.1,103.7
2015-02-01,83.8,83.8,84,42.4,254.1,96.4,23.5,113,270,51.9,60.6,60.8,56.4,94,135.2,12.6,65.9,82.2,61.5,52.2,94.6,36.5,129.1,60.2
2015-03-01,37.4,57.4,53.4,46.7,149.3,38.2,27.8,92.2,159,37.4,9.6,40.8,59,23.1,154.8,50,47.4,41,73.7,40.2,104.7,64.5,88.9,50.7
2015-04-01,65.5,43.6,44.2,11,201.6,59,6.7,60.2,289,17.3,3.4,50.2,19,52.1,81.8,0,24.8,48.6,52,43.6,2.5,17.6,82.6,76.9
2015-05-01,3.8,0,4.6,11,0.9,0.8,0,0.3,0,3.8,11,11.4,0,0.9,0.3,0,4.2,0,0,7.1,0,0,0,7.6
2015-06-01,0,0,1.6,0,25.2,0.6,0,0.2,0,0.2,0,0,0,0,20,0,0.4,101,0,0,0,0,0,0
2015-07-01,8.2,0.6,8,4.5,26.3,6.2,0,2.4,0,1.3,0,7.2,0,0,20,0,2.3,89.8,2,1.7,0,13,0,6.3
2015-08-01,35.8,1,40.4,22.4,17.5,3,0,1.4,0,6.3,0,23,0,14.5,8.8,0,10.9,38.8,3,21.2,0,0,0,21
2015-09-01,26.5,0,6,11,14.1,3.2,0,1.1,0,0.9,0,5.2,0,0,10.7,0,1.6,48.6,6,24.3,0,3.2,6,13.9
2015-10-01,57.1,15.8,40.2,24.7,51,25.6,7,15.8,85,10.8,0,42,0,0,30.8,4.5,16.3,0,19,42.2,0,15.7,14.2,57.6
2015-11-01,40.4,21.5,31.6,53.9,17.7,22.4,0,14.5,0,9.5,0,40.8,0,0,10.6,0,14.4,10.2,32,50.6,26.1,16.5,5.1,34.1
2015-12-01,29.4,0.5,15.4,28.2,44,14,25.5,5.2,67,2.4,0,36.4,0,0,28.7,0,4.2,32.4,47,47.8,27.7,51,4,64
2016-01-01,54.2,40.3,63.2,80.6,61.7,70,20.5,53,15,23.1,26.3,61,22.5,0,44.8,26.5,5.6,34,47,71.6,9.3,36.3,33.2,96.9
2016-02-01,75.7,104,143.8,95.1,252.7,78,77.8,116.7,440,104.1,101.9,65.2,79.6,0,175.7,121.5,109.6,104,154,88.9,40.5,96.5,118.7,58.7
2016-03-01,8.2,0.6,14.8,42.3,28.1,1,0,28.3,67.2,0.6,0,11.2,61,0,15.5,0,2,3.4,41,0,8.4,36.5,3.8,19.3
2016-04-01,19.8,29.6,30.8,17.7,59.6,18.6,35,32.4,35,18.1,12.2,13.2,16,58.8,35.8,20,16.4,37,72,32.3,0,57.7,77.2,65.9
2016-05-01,0,0,0,0,0,0,0,0,0,4.3,16.6,0,0,0,0,0,0,0,0,0,0,0,0,0
2016-06-01,2.2,0,2.8,0,4.6,4.4,0,1.6,0,1.7,3.2,3.2,0,1.5,2.5,2.5,1.2,4.2,1,17.8,0,0,0,5.2
2016-07-01,2.3,0,7,0,2.7,2.2,0,1,0,1.2,3.9,0.6,0.5,1.7,1.3,0,0.8,2.2,5,3.2,0,2.8,0,0
2016-08-01,0.4,0,0,3.9,0.1,0,0,0,0,0,0,18,0,0,0.1,0,0,0.4,0,2.1,0,0,0,0
2016-09-01,0.7,0,2.2,0,8.3,3.2,0,1.1,4,1.1,0,8.8,0,11,2.1,0,4.8,0.2,0,3.8,0,0.2,0,2.9
2016-10-01,39.8,10.3,32.2,35.5,23.7,9,0,6.4,0,5.4,0,33.2,0,30.3,7.6,0,14.4,21.2,0,47.3,9.9,5.2,4.7,22.9
2016-11-01,16.8,4,7,9.8,23.1,18,8.4,9.9,23.5,1.3,0,10.4,0,1.9,15.9,0,2.2,3.2,0,3.5,14.4,6.5,0.1,18.9
2016-12-01,44.8,14.6,45.6,16.9,70.5,25.6,3.5,18.4,47.1,21.6,30.3,36.6,8.5,54.6,31,8.7,36.8,49.4,65,56.6,40.1,76.5,43.2,18.9
2017-01-01,125.4,113.3,66.2,115.2,206.8,116.8,62.9,207.1,116,89.3,83.8,94.6,250.5,133.6,116.1,106.5,74.6,110,102,33.9,22.9,96.7,126.5,73.4
2017-02-01,54.9,106.4,53.2,10.1,164.8,111.4,9.8,102.4,75,68.1,75.2,21,60.5,91.8,80.1,77.6,65,89.6,68.8,38,28.1,55.5,58.1,85.5
2017-03-01,59.8,85.2,79.2,81.7,113.8,47.6,25.3,75.1,99.7,64.8,82.3,38,55.5,81.5,56.6,65,41,35.4,42.6,52,41.3,65.2,71.5,65.3
2017-04-01,33.4,16,11.6,22,30,3.2,38.8,23.3,57,4.5,0,24.4,15,7.4,30.6,0,5.4,9,16,22.4,10.2,17.3,14.2,20.7
2017-05-01,38.9,2.2,36.4,100.3,53.8,14.6,0,6.1,57.8,9.7,0,49.4,0.5,48.9,18.8,8.8,19.9,4.2,11.8,54.3,0,17.4,1.6,103.7
2017-06-01,0,0,0,0.1,0.9,1,0,0.4,0,0.1,0,0,0,0.5,0.4,0,0.4,0,0,0,0,0,0.1,1.9
2017-07-01,2,0,8.8,0,5.3,5,0,1.9,0,1.4,0,0.2,1.1,4.7,1.9,0,6.2,0,0,2.9,0,0,1.5,2.1
2017-08-01,0,0,0.2,0,0.5,0.8,0,0.3,0,0,0,0,0,0,0.3,0,0,0,0,0,1.2,0,0,0
2017-09-01,18.3,6.3,42.4,58.5,30.3,7.2,0,4.5,17.7,6,5.6,50.8,0,37.3,9.1,0,14,13,29,50.2,8.5,30.7,0,19.1
2017-10-01,14.2,13.3,15.2,47.1,15.2,6.2,0,14.5,0,5.5,0,17.4,18,18.6,5,0,12,13.6,27,28,10.7,21.9,8.7,16.9
2017-11-01,31.4,11.6,31.4,10.7,33.5,0,0,3.6,37.1,43.1,132.7,24.6,0,40.6,9.7,4.5,22.4,9,9.5,10.5,25.4,14.8,16.6,14.8
2017-12-01,54.8,43,40.6,47.8,36.1,0,26.6,32.3,10.2,35.5,28.9,45.8,21.5,37.2,26.2,34.5,65.6,68.6,47,33.6,24.1,56.5,34.9,21.4
2018-01-01,65.7,121.1,142.8,76.1,154.2,63.3,31.6,110.7,122.7,81.2,72.1,110,86,55.1,89.3,61.5,95.6,91.2,109,77,81.2,111.5,92.3,75.9
2018-02-01,102.5,221.1,98.8,119.6,269.9,121.9,43,144.9,105.4,146.1,21.7,82.4,122,220.8,107.9,262,123,114.4,192,89.1,91.2,79.5,131.9,135
2018-03-01,51.9,26.5,86.2,51.5,91.3,41.7,51.7,50.7,90.9,49.8,39.8,23.4,32,83.7,54.5,70.5,61.6,10,51.2,17.2,82.7,57.5,104.1,16.3
2018-04-01,0.4,0,4.8,5.1,1.4,0.5,10.5,5.3,0,1.4,2.5,9.8,3.5,2.4,5.8,0,1.9,1.2,8,0,22,15.8,14.7,2.8
2018-05-01,9.8,4.8,7,16.4,7.2,5.7,0,0.9,0,3.8,2.5,9.8,0,16,0,0,5.6,0,0,0,0,1.8,0,4.5
2018-06-01,44.3,8.7,15.2,35.1,23.5,10.1,45,17.8,0,8.5,7.9,20.2,0,9.1,19.8,8,10.6,8,20.6,20.5,0,10.3,2.5,50.7
2018-07-01,25.8,16.4,42.8,30.2,41.3,19.2,32.7,24.1,27.3,14.3,4.5,27.2,33,38.6,41.7,4.2,21.5,33.6,62.6,22.6,25.1,41.7,5.4,6.4
2018-08-01,6.9,8.5,19.6,12.4,9.4,7,11.6,22.6,0,7.8,0,26.6,39.6,16.3,20.3,8.5,11,0,0,0,6.8,0,0,14.7
2018-09-01,3.2,2.9,3.4,0,10.5,3.6,0,14.3,0,2.1,0,3.4,29.7,12.6,14.4,0,3.2,17.8,2,1.5,2.3,0.3,0,9.7
2018-10-01,10.7,8.8,14.8,47.7,34.6,11.3,27,47.7,22.4,7.6,19,31.2,73.7,21.8,46.1,1.5,10.5,17,15.4,31.3,6.6,8.6,18.2,30.4
2018-11-01,25,27.6,34,20.4,34.7,22.9,0,45.5,0,27.5,43.9,20.6,84.6,69.7,33.3,47.3,33,12,30.2,5.6,7.7,10.1,9.5,22.2
2018-12-01,171,77.3,93.2,93.7,116.6,72.6,49.1,62,86.2,70,39,79.4,60.1,113.9,67.1,72,91.9,32.2,35.6,57,54.5,14.3,44.7,59.3
2019-01-01,60.9,141.5,144.6,91.2,191.7,85.5,298.3,231.5,97.3,122.1,147.4,47.4,120.5,161.9,198,97.5,146.6,60.8,118.4,38.1,154.9,81.6,84.9,78.4
2019-02-01,92,235,115.4,160.6,285.3,132.2,73.8,179.1,250.1,156.5,133.4,118.8,87.5,168,117.4,176,184.2,4.2,136.2,97.7,163,96.8,177.1,142
2019-03-01,36.3,35.7,40.4,55.9,76.8,33.4,0,18.2,83.9,14,0,43.4,15.1,47.2,36.3,0,20.7,67.5,77.5,3.7,123.9,54.4,19.9,23.2
2019-04-01,43.2,25.5,33,31.6,40.4,22.5,0,8,18.9,10.6,0,27.2,0,42.9,11.7,0,15.9,23.8,47.3,21.2,12,16.2,0,10.6
2019-05-01,6.2,0,2.6,3,0.4,1,0,0.5,0,0.1,0,2.3,1,0.8,0.4,0,0.2,2.1,6.5,1.8,0,1.5,0,0
2019-06-01,2.4,2.9,4.7,2.3,4.6,2.7,0,1,0,2.5,0,3.2,0,8,1.7,3.5,3.4,0.9,1.5,3.8,0,1.7,0,3.6
2019-07-01,6.9,4,13,3.6,16.5,8.1,0,1.5,0,4.7,0,11.3,0.5,31,1.3,0.5,7.6,3,4,3.9,31,6,0,17.8
2019-08-01,0,0,1.4,5.6,0,0,0,0,0,0,0,1.3,0,0,0,0,0,0,0,0,37.9,0,0,0
2019-09-01,44.4,26.1,37,22.9,46.5,22.8,12,16.8,27.2,21.3,16.1,29.4,0,37.1,19.2,19,27.2,38.1,44.3,44.8,39.9,33.5,5.5,40.2
2019-10-01,9,3.9,12.2,13.3,15.6,7.2,0,1.2,11.8,4.7,0,15.1,0,17.9,3.9,5.5,6.6,12.3,28,28.5,35.4,3.6,4.5,40.3
2019-11-01,35,12.8,46.5,32.2,71.9,32.1,0,8.7,54.8,13.2,0,41,10,86.4,20.9,0,21.2,35.9,19.7,64,29,33.7,33.3,52.5
2019-12-01,26.4,68.6,69.8,86.3,106.6,40.9,61.8,70.3,60.6,46.7,45.6,49.3,40.3,62.5,81.8,45.5,55.8,65.1,67,9.8,23.7,24.5,15,65.7
2020-01-01,81.8,23.7,97.5,113.3,179.6,54,168.4,132.7,78.5,74.2,84.7,83,109,137.1,144.6,87.5,90.7,169.4,106.3,58.9,60.2,87.8,74,64.8
2020-02-01,73.2,53.1,85.1,44.4,155.2,59.6,70.5,81.9,92.9,51.8,17.8,65.5,86,127.5,103.3,61.5,68.5,155,169,103.8,52.5,130.9,133.3,82
2020-03-01,30.6,77.8,69.5,35.1,97.9,43.9,16.3,85.7,29.4,48.9,22.6,42.5,106,91.2,78.7,41.5,64.1,66.7,114,53.5,15.4,58.6,86.7,58
2020-04-01,17.4,0.5,15.3,0,23.7,10.4,0,0.2,0,5.9,0,12.8,0,49.4,0.1,0,9.9,4.3,16,5,12.3,1,8.7,9.2
2020-05-01,0.6,0,0.5,2,0,0,0,0,0,0,0,0.5,0,0,0,0,0,0,0,0,6.6,0,0,0
2020-06-01,1.1,0,0,0,0,0,0,0,0,0,0,1.1,0,0,0,0,0,0,0,2,4.2,0,0,5.8
2020-07-01,0,0,0,0,0,0,0,0,0,0,0,0,0,0,0,0,0,0,0,0,3.4,0,0,0
2020-08-01,1,0,0.3,0,0.1,0.2,0,0,0,0,0,0.3,0,0.2,0,0,0,0,0,0,1.9,0,0,0
2020-09-01,11.4,0,10.5,0,26.4,6.7,34.8,12.8,0,3,0,11.9,7,26,18.3,0,5.1,37.1,16,16.3,7,45.4,0,26.6
2020-10-01,31.8,29.8,31.7,33.4,21.2,14.2,0,37.6,0,12,3,26,58.7,16.7,31.9,6.5,16,17.1,31,19.7,10.9,28,33.3,46.8
2020-11-01,0,8.9,14.4,10.3,15.1,8.2,0.4,3.1,0,7.5,0,8.7,0,29.1,8,10.5,10,2.6,1,5.5,13.1,1.3,0,3.9
2020-12-01,34.9,42.9,60.5,74.4,173.7,64.8,92.8,84.2,278,44,30.9,41.7,12.2,33.8,113.2,73,50.5,189.8,118,49.4,53.4,82.6,89.9,58.6
