"fecha","100","101","102","105","106","107","108","111","112","113","114","115","116","117","118","119","120","121","200","201","202","203","204","205"
"1981-01-01",NA,NA,NA,NA,NA,NA,NA,NA,NA,NA,NA,NA,NA,NA,NA,NA,NA,NA,NA,NA,NA,NA,NA,NA
"1981-02-01",NA,NA,NA,NA,NA,NA,NA,NA,NA,NA,NA,NA,NA,NA,NA,NA,NA,NA,NA,NA,NA,NA,NA,NA
"1981-03-01",1.182,1.134,1.088,0.574,1.114,1.018,0.488,0.986,1.278,0.987,1.067,0.888,0.967,1.168,0.596,1.028,1.168,0.969,0.406,1.011,0.01,0.589,-0.199,0.961
"1981-04-01",1.337,1.194,1.213,0.508,1.119,1.071,0.516,0.988,1.171,0.915,1.145,1.109,1.022,1.288,0.592,1.059,1.167,0.821,0.485,1.093,0.101,0.825,-0.031,1.018
"1981-05-01",0.512,1.05,0.936,0.144,0.934,1.034,0.244,0.849,0.708,0.687,0.954,0.757,0.856,0.785,0.198,1.233,0.742,0.485,0.281,0.741,0.048,0.82,-0.315,0.334
"1981-06-01",0.082,0.74,0.027,0.02,-0.169,0.611,0.321,0.866,0.004,0.883,0.68,0.714,0.944,-0.03,0.577,0.555,0.594,0.269,0.33,0.588,0.23,0.872,0.043,0.724
"1981-07-01",-1.055,-0.399,-0.468,-0.771,-0.741,-0.325,-0.739,-0.268,-0.654,-0.233,0.009,-0.79,-0.549,-0.918,0.132,0.057,-0.11,-0.975,0.024,0.178,-0.027,0.229,-0.552,0.685
"1981-08-01",0.587,0.872,1.189,0.637,0.681,0.858,0.484,0.856,0.522,1.26,1.453,0.573,0.7,0.533,1.137,1.366,1.583,0.125,0.765,0.858,1.142,1.077,0.577,1.141
"1981-09-01",1.889,2.142,2.148,1.793,1.747,1.923,1.725,1.914,1.596,2.02,2.352,1.839,1.474,1.693,2.287,1.999,2.149,1.729,1.956,1.861,1.892,2.014,1.354,1.68
"1981-10-01",1.899,1.739,1.855,1.867,1.634,1.788,1.758,1.755,1.843,1.849,1.884,1.861,1.829,1.818,1.608,1.801,1.976,1.952,1.895,2.051,1.572,2.135,1.198,1.829
"1981-11-01",1.285,0.592,0.965,1.37,0.885,0.985,1.18,0.664,1.192,0.813,0.594,1.334,1.156,1.13,0.895,0.663,0.827,1.085,1.067,1.77,0.916,1.418,0.735,1.594
"1981-12-01",0.585,0.299,0.337,1.026,0.313,0.239,0.553,0.45,0.488,0.925,0.515,0.563,0.877,0.418,0.236,0.478,0.476,0.615,0.953,1.288,0.858,1.262,0.273,0.641
"1982-01-01",0.823,0.602,0.386,0.857,0.555,0.719,0.459,0.625,0.597,0.97,0.64,0.72,0.437,0.531,0.473,0.523,0.356,0.761,0.935,0.768,0.575,1.05,0.138,1.062
"1982-02-01",0.164,0.038,-0.072,0.119,-0.079,0.137,-0.131,-0.018,-0.064,0.863,0.332,0.085,-0.185,-0.078,-0.143,0.175,0.048,0.101,0.264,0.159,-0.118,0.417,-0.566,0.197
"1982-03-01",0.448,0.087,0.303,0.702,0.121,0.418,-0.1,0.056,0.164,0.741,0.234,0.591,-0.391,0.244,0.201,0.247,0.224,0.332,-0.056,0.17,-0.283,0.377,-0.429,0.637
"1982-04-01",0.117,-0.174,0.203,0.683,-0.233,0.074,-0.236,-0.214,-0.053,0.535,0.029,0.492,-0.493,0.048,0.061,0.193,0.134,0.074,-0.458,0.089,-0.443,0.081,-0.588,-0.03
"1982-05-01",1.414,1.046,1.259,1.785,0.846,1.179,0.721,0.879,1.005,1.127,0.928,1.718,0.34,1.146,1.224,1.153,0.882,1.211,0.309,1.014,0.351,1.102,0.262,1.014
"1982-06-01",1.444,1.674,1.064,1.539,1.392,1.807,1.514,1.962,1.364,1.884,1.798,1.444,1.894,1.342,1.656,1.812,1.012,1.764,0.925,0.944,1.49,1.466,0.576,0.357
"1982-07-01",0.948,1.131,0.44,1.066,0.311,1.121,1.254,1.375,0.69,1.685,1.461,0.819,1.506,1.067,1.362,1.587,1.205,1.13,0.464,0.298,1.481,0.483,0.6,0.003
"1982-08-01",0.72,0.622,0.29,0.738,0.69,0.901,0.793,0.761,1.032,0.356,0.461,0.673,0.648,1.109,1.049,0.706,0.616,1.058,0.404,0.569,0.73,0.449,0.321,0.602
"1982-09-01",0.793,0.683,0.435,0.584,0.661,1.062,1.161,0.883,1.119,0.367,0.664,0.559,0.427,0.941,1.203,1.077,0.683,0.721,0.984,0.838,0.952,0.806,0.738,1.122
"1982-10-01",0.622,0.932,0.631,0.388,1.388,1.252,1.318,1.298,1.415,0.899,0.707,0.62,0.888,0.992,1.46,1.228,0.86,1.663,1.617,0.847,1.475,1.264,1.34,1.08
"1982-11-01",0.522,0.643,0.555,0.56,1.336,0.988,1.364,1.279,1.453,0.851,0.771,0.647,1.294,0.79,1.178,1.12,0.795,1.285,1.843,1.041,1.576,1.517,1.346,1.141
"1982-12-01",-0.568,-0.813,-0.52,-0.497,-0.068,-0.467,-0.412,-0.588,-0.267,0.117,-0.426,-0.635,-0.156,-0.298,-0.485,-0.201,0.105,-0.555,0.452,-0.552,0.131,0.026,-0.188,-0.479
"1983-01-01",-1.521,-1.771,-1.522,-1.518,-1.308,-1.466,-1.466,-1.574,-1.362,-1.296,-1.625,-1.644,-1.296,-1.483,-1.64,-1.552,-1.339,-1.705,-1.422,-1.283,-1.634,-1.588,-1.733,-1.45
"1983-02-01",-1.824,-1.975,-1.846,-2.015,-1.797,-1.728,-1.768,-1.85,-1.995,-1.757,-2.053,-1.849,-1.903,-1.734,-1.887,-1.898,-1.866,-2.037,-2.072,-1.754,-2.056,-2.291,-1.983,-2.158
"1983-03-01",-2.102,-2.279,-2.185,-1.975,-2.066,-2.162,-1.836,-1.988,-2.124,-2.407,-2.371,-1.931,-2.114,-2.162,-2.126,-2.281,-2.415,-2.266,-2.197,-1.765,-2.148,-2.678,-2.131,-2.143
"1983-04-01",-1.639,-1.663,-1.621,-1.503,-1.351,-1.547,-1.534,-1.488,-1.521,-1.837,-1.776,-1.496,-1.811,-1.484,-1.569,-1.663,-1.816,-1.653,-1.767,-1.505,-1.668,-1.678,-1.732,-1.732
"1983-05-01",-1.618,-1.514,-1.55,-1.404,-1.342,-1.517,-1.55,-1.471,-1.339,-1.703,-1.666,-1.568,-1.721,-1.541,-1.468,-1.627,-1.603,-1.449,-1.57,-1.535,-1.521,-1.445,-1.61,-1.617
"1983-06-01",-0.598,-0.601,-0.531,-0.562,0.341,-0.272,-0.006,-0.33,-0.273,-0.272,-0.916,-0.458,-0.871,-0.628,-0.379,-1.223,-0.405,-0.805,-1.095,-0.935,-0.249,-0.283,-1.196,-1.114
"1983-07-01",-0.712,-0.603,-0.205,-0.63,0.188,-0.968,0.292,-0.129,-1.106,-0.445,-0.951,-0.109,0.48,-1.307,-0.643,-1.176,-0.467,-1.109,-1.504,-1.025,0.242,-1.242,-0.838,-0.875
"1983-08-01",0.05,0.063,0.58,-0.3,0.446,-0.326,0.185,-0.14,-0.484,0.038,-0.402,0.246,0.025,-0.223,-0.461,-0.124,0.798,-0.727,-0.72,-0.389,-0.059,-0.299,-0.514,-0.236
"1983-09-01",0.3,0.181,0.675,0.11,0.358,-0.157,0.044,-0.311,0.199,0.578,-0.136,0.497,0.54,0.07,-0.453,0.232,0.936,-0.054,-0.021,0.026,0.308,0.273,-0.197,0.485
"1983-10-01",0.082,0.038,0.367,0.032,-0.475,-0.329,-0.216,0.201,-0.229,0.582,0.254,-0.1,0.852,0.082,-0.404,0.366,0.898,-0.358,-0.388,-0.525,-0.214,-0.19,-0.713,-0.121
"1983-11-01",-0.502,-0.392,-0.263,-0.458,-1.013,-0.61,-0.214,0.219,-0.791,0.308,0.073,-0.48,0.853,-0.408,-0.606,-0.111,0.01,-0.792,-0.815,-1.17,-0.258,-0.769,-1.036,-1.169
"1983-12-01",-1.53,-1.093,-0.955,-1.467,-1.296,-1.274,-0.744,-1.056,-1.031,-0.41,-0.861,-1.228,-0.42,-1.119,-1.115,-0.833,-0.548,-0.707,-0.51,-1.164,-0.438,-0.663,-0.896,-1.3
"1984-01-01",0.363,0.829,0.876,0.725,1.564,1.279,0.925,1.07,1.766,1.461,1.605,0.534,1.423,0.967,0.912,1.453,0.901,1.862,1.754,1.808,1.393,1.724,0.809,1.111
"1984-02-01",1.494,1.473,1.618,1.634,2.108,1.85,1.397,1.601,2.191,1.894,2.033,1.452,1.809,1.744,1.578,1.966,1.757,2.329,2.3,2.313,2.033,2.302,1.888,1.886
"1984-03-01",2.259,2.135,2.311,2.537,2.458,2.319,1.893,2.018,2.378,2.265,2.412,2.227,2.067,2.272,2.212,2.39,2.242,2.627,2.472,2.657,2.307,2.544,2.087,2.452
"1984-04-01",2.151,1.872,1.856,2.271,2.279,2.072,1.648,1.668,2.083,1.725,1.882,2.024,1.87,2.095,1.909,1.963,1.95,2.379,2.088,2.333,2.008,2.336,1.919,2.121
"1984-05-01",1.439,1.902,1.546,1.576,2.038,1.936,1.613,1.436,1.637,1.865,1.67,1.217,1.846,1.948,1.86,1.821,1.974,2.191,1.593,1.766,1.562,1.889,1.456,1.607
"1984-06-01",1.117,0.791,0.4,0.861,1.211,0.786,1.17,0.957,1.211,0.325,0.642,1.016,1,1.156,1.062,0.859,0.824,0.594,0.699,0.584,0.937,1.338,0.683,0.287
"1984-07-01",1.129,0.684,0.571,0.717,0.932,0.594,0.637,0.696,1.342,0.235,0.476,1.052,1.456,0.962,1.131,0.747,0.626,0.022,0.528,0.362,0.987,1.43,1.226,-0.112
"1984-08-01",1.516,1.362,0.356,1.263,1.099,1.357,1.022,1.546,1.457,1.525,1.601,1.403,1.854,1.339,1.414,1.464,0.677,0.299,0.65,0.692,1.257,1.235,1.233,0.399
"1984-09-01",0.556,0.972,-0.185,0.555,0.354,0.816,1.209,1.553,0.469,1.217,1.498,0.555,1.686,0.539,0.967,1.092,0.276,0.183,0.543,0.413,1.148,0.463,1.114,0.22
"1984-10-01",1.114,1.674,0.873,1.592,1.429,1.607,1.937,1.764,1.197,1.758,1.944,1.22,1.941,1.197,1.66,1.667,1.199,1.042,1.316,0.993,2.026,1.313,2.31,1.057
"1984-11-01",1.888,2.074,1.986,2.066,1.849,1.935,2.146,2.054,1.757,1.793,1.998,1.97,1.993,1.925,1.978,2.051,1.887,1.714,2.187,1.424,2.49,1.939,2.613,1.864
"1984-12-01",1.643,1.237,1.551,1.816,1.563,1.604,1.299,0.654,1.562,1.29,1,1.764,1.104,1.577,0.83,1.193,1.541,1.295,1.863,1.327,2.085,1.541,2.05,1.761
"1985-01-01",1.479,0.732,1.008,1.495,1.126,1.345,0.037,-0.181,1.068,0.562,0.138,1.512,-0.163,1.319,0.174,0.423,0.832,0.54,0.936,0.941,0.782,0.809,0.512,1.132
"1985-02-01",1.003,0.595,0.436,0.817,1.025,1.206,0.59,0.595,1.145,0.473,0.549,0.964,0.943,0.98,0.783,0.862,0.51,0.676,0.673,0.689,0.369,0.729,0.422,0.422
"1985-03-01",0.953,0.734,0.403,0.585,0.96,1.206,0.653,0.791,1.058,0.571,0.621,0.848,0.95,1.001,0.957,0.982,0.499,0.632,0.861,0.843,0.511,0.756,0.491,0.456
"1985-04-01",1.172,0.999,0.74,0.578,1.179,1.304,1.354,1.315,1.477,1.013,1.166,1.133,1.501,1.241,1.422,1.431,0.933,1.187,1.378,1.315,1.11,1.256,1.025,1.321
"1985-05-01",1.172,0.912,0.825,0.755,1.156,1.138,0.892,0.707,1.412,0.831,0.792,1.119,0.434,1.2,0.726,0.958,0.891,0.951,1.259,1.488,0.918,1.206,0.523,1.559
"1985-06-01",2.072,1.907,2.267,2.078,2.313,2.324,2.053,2.2,2.385,2.111,2.205,2.33,1.667,2.346,2.195,2.382,2.091,2.347,2.042,1.593,2.105,2.249,2.472,2.173
"1985-07-01",0.27,0.765,1.153,1.391,1.056,1.938,1.236,1.588,1.687,1.237,1.74,1.32,1.162,1.322,1.562,1.645,0.924,1.863,1.341,0.642,1.376,1.008,1.796,1.224
"1985-08-01",0.554,0.484,0.633,1.174,0.681,1.417,0.566,0.932,1.295,0.965,0.927,1.286,0.611,1.084,1.063,1.207,-0.123,1.656,1.091,0.554,0.588,0.717,0.814,1.217
"1985-09-01",1.764,1.444,1.17,1.471,1.685,1.786,1.264,1.167,2.156,1.42,1.226,1.798,0.423,1.649,1.315,1.38,0.871,1.92,1.046,1.55,0.575,1.348,0.229,1.622
"1985-10-01",1.114,0.878,0.921,0.64,1.14,1.182,0.775,0.818,1.591,1.012,0.669,1.085,0.164,1.078,0.893,1.021,0.633,1.16,0.665,1.218,-0.103,0.806,-0.318,1.302
"1985-11-01",1.565,1.973,1.876,1.189,1.924,1.982,2.161,2.151,1.996,2.179,2.112,1.486,1.826,1.665,2.083,2.001,2.093,2.132,1.361,1.921,1.466,1.858,1.453,1.713
"1985-12-01",1.714,1.672,1.916,1.261,1.728,1.867,1.784,1.449,1.793,2.242,1.744,1.415,1.693,2.057,1.6,1.769,2.181,1.925,1.616,1.897,1.93,1.939,1.586,1.291
"1986-01-01",1.356,1.302,1.398,0.732,1.186,1.386,1.27,0.838,1.119,1.667,0.764,1.1,1.156,1.565,0.943,0.931,1.569,1.191,1.003,1.295,1.574,1.23,1.189,0.963
"1986-02-01",0.659,0.383,0.507,0.027,0.601,0.542,0.547,0.12,0.63,0.325,-0.041,0.337,0.295,0.765,0.027,-0.019,0.299,0.498,0.67,0.536,0.92,0.829,0.881,0.205
"1986-03-01",0.456,0.439,0.133,0.292,0.852,0.495,0.66,0.461,0.758,-0.071,0.063,0.284,0.265,0.55,0.2,0.09,-0.274,0.754,1.059,0.642,0.706,1.151,0.91,0.149
"1986-04-01",0.772,0.483,0.637,0.926,1.077,0.756,0.667,0.655,1.161,0.118,0.486,0.607,0.152,0.806,0.401,0.392,0.305,1.011,1.319,0.972,0.821,1.404,0.991,0.328
"1986-05-01",1.612,1.5,1.407,1.673,1.751,1.567,1.38,1.492,1.838,1.201,1.632,1.478,1.202,1.797,1.338,1.421,1.276,1.551,1.739,1.554,1.081,1.75,1.1,0.936
"1986-06-01",0.611,1.007,1.092,1.125,1.031,1.248,0.964,0.971,1.554,0.398,0.915,0.735,0.954,0.854,1.183,0.617,0.89,0.927,0.484,0.677,0.793,0.645,0.354,0.836
"1986-07-01",-0.423,0.327,-0.126,0.225,0.098,0.825,0.721,0.285,0.877,0.662,1.264,-0.126,0.434,0.145,0.823,0.947,0.316,0.126,0.519,0.35,1.087,0.68,0.767,0.208
"1986-08-01",0.198,0.575,0.675,0.296,0.155,0.662,0.581,0.684,0.834,0.516,0.881,0.527,0.33,0.324,0.633,0.927,0.599,0.061,0.58,0.429,0.872,0.585,0.757,0.449
"1986-09-01",1.385,1.574,1.565,1.378,1.388,1.628,1.349,1.461,1.404,1.25,1.548,1.415,0.873,1.371,1.454,1.444,1.475,1.416,1.275,1.434,1.372,1.177,1.397,1.184
"1986-10-01",1.192,1.355,1.397,1.077,1.055,1.357,1.066,1.434,1,1.329,1.498,1.204,1.411,1.341,1.087,1.364,1.494,1.01,0.345,0.78,0.638,0.669,0.314,1.014
"1986-11-01",0.46,0.869,0.746,0.497,0.586,0.854,0.679,1.027,0.597,1.054,1.297,0.652,1.305,0.828,0.594,1.15,1.095,0.65,0.374,0.731,0.32,0.565,0.191,0.411
"1986-12-01",1.202,1.999,1.333,1.299,2.006,1.827,1.706,2.106,1.983,1.575,2.096,1.216,2.179,1.521,1.902,2.047,1.282,1.82,1.18,1.033,1.043,1.503,1.007,1.262
"1987-01-01",1.397,1.864,1.626,1.617,2.046,1.706,1.64,1.878,1.819,1.709,2.049,1.52,1.911,1.688,1.849,1.982,1.678,1.742,1.899,1.589,1.516,1.793,1.309,1.964
"1987-02-01",0.608,1.092,0.838,0.76,1.231,0.866,0.854,1.148,0.98,0.862,1.42,0.665,1.118,0.798,1.057,1.191,0.681,0.738,0.866,0.408,0.471,0.971,0.117,1.04
"1987-03-01",-0.34,-0.151,-0.183,-0.442,0.049,-0.285,-0.125,-0.031,-0.123,0.158,0.747,-0.333,0.287,-0.18,-0.087,0.342,0.192,-0.418,-0.115,-0.557,-0.428,-0.086,-0.644,-0.093
"1987-04-01",-1.474,-1.409,-1.563,-1.576,-1.652,-1.354,-1.289,-1.246,-1.477,-1.274,-0.967,-1.454,-1.059,-1.615,-1.334,-1.129,-1.209,-1.562,-1.627,-1.593,-1.459,-1.772,-1.51,-1.465
"1987-05-01",-0.432,-0.831,-0.61,-0.486,-0.976,-0.509,-0.996,-0.824,-0.674,-0.486,-0.29,-0.542,-0.286,-0.633,-0.932,-0.45,-0.154,-0.992,-1.395,-0.957,-1.137,-1.313,-1.316,-0.499
"1987-06-01",0.191,-0.356,0.057,0.242,-0.302,0.097,-0.574,-0.891,-0.034,-0.014,-0.052,0.249,0.472,0.453,-0.045,-0.698,0.52,-0.333,-0.848,-0.449,-0.433,-0.592,-1.129,0.357
"1987-07-01",0.995,0.696,0.901,0.916,0.648,0.88,0.741,1.188,0.843,1.461,0.476,0.833,0.802,0.868,1.301,0.825,1.251,0.969,0.581,-0.208,1.356,0.146,0.047,0.449
"1987-08-01",0.438,0.368,0.044,0.403,0.748,0.694,0.19,0.551,0.589,0.498,0.382,0.391,-0.117,0.618,0.922,0.088,0.12,0.778,-0.123,-0.352,0.203,-0.522,-0.681,0.196
"1987-09-01",-0.192,-0.284,-0.415,-0.134,0.092,0.041,-0.181,-0.136,-0.203,0.047,-0.134,-0.163,-0.345,-0.003,0.128,-0.338,-0.371,0.133,-0.559,-0.733,-0.395,-0.887,-1.183,-0.243
"1987-10-01",0.335,0.471,-0.012,0.368,-0.06,0.416,-0.074,0.524,-0.052,0.737,0.59,0.306,0.168,0.346,0.582,0.358,0.384,0.237,-0.636,-0.306,-0.611,-0.247,-0.833,-0.121
"1987-11-01",0.503,0.484,0.411,0.713,1.438,1.219,1.09,1.355,1.296,0.739,0.986,0.665,0.508,0.318,1.534,0.686,0.682,1.477,0.933,0.871,0.808,1.385,0.647,0.258
"1987-12-01",-0.593,-1.21,-0.838,-0.672,-0.076,-0.134,-0.728,-0.836,-0.205,-0.622,-0.891,-0.348,-1.384,-0.934,-0.284,-0.93,-0.568,0.208,-0.184,-0.105,-0.414,-0.127,-0.831,-1.009
"1988-01-01",-0.896,-1.111,-1.014,-1.124,0.043,-0.4,-0.157,-0.623,0.082,-0.717,-0.573,-0.771,-0.307,-0.846,-0.307,-0.45,-0.804,0.155,0.136,0.264,-0.277,0.332,-0.374,-0.733
"1988-02-01",-0.979,-0.942,-1.179,-1.179,-0.689,-0.893,-0.833,-1.232,-0.595,-0.961,-0.896,-0.912,-1.035,-0.841,-1.017,-0.547,-0.994,-0.584,-0.933,-0.716,-1.161,-0.879,-1.131,-0.822
"1988-03-01",0.116,-0.119,-0.115,0.447,0.433,-0.028,-0.475,-0.608,0.427,-0.199,-0.239,0.128,-0.493,0.11,-0.178,0.274,0.058,0.061,-0.192,0.208,-0.705,0.051,-0.739,0.959
"1988-04-01",0.754,0.226,0.718,1.243,0.381,0.126,-0.775,-0.507,0.321,0.198,0.028,0.786,-0.698,0.31,-0.152,0.386,0.648,-0.123,-0.349,-0.239,-0.793,-0.479,-0.955,1.32
"1988-05-01",1.703,0.757,1.805,1.876,1.251,0.77,-0.05,0.406,1.083,1.035,0.849,1.718,0.436,1.071,0.912,1.035,1.707,0.576,0.835,0.811,0.109,0.614,-0.078,2.041
"1988-06-01",1.57,0.595,2.203,1.677,0.777,0.895,0.912,0.742,0.667,1.709,1.106,1.491,1.116,1.131,0.318,1.09,2.166,0.873,1.176,0.008,0.889,0.408,0.944,0.57
"1988-07-01",0.343,-0.087,0.34,0.259,0.886,0.53,0.762,-0.15,0.693,0.281,-0.099,0.115,-0.344,0.355,0.393,-0.112,0.621,0.903,1.137,-0.103,0.149,0.506,0.607,-0.387
"1988-08-01",-1.062,-0.886,-1.161,-0.931,-0.764,-0.613,-0.57,-1.215,-0.854,-1.184,-0.99,-1.234,-1.302,-0.749,-0.763,-1.239,-1.095,0.031,0.087,-0.988,-1.014,-0.645,-0.895,-1.118
"1988-09-01",-1.011,-0.765,-1.1,-0.918,-1.133,-0.534,-1.164,-1.289,-1.061,-1.059,-1.057,-1.121,-1.37,-0.688,-1.022,-1.026,-0.657,-1.009,-1.1,-0.788,-1.187,-1.037,-1.513,-0.863
"1988-10-01",-1.057,-0.369,-1.108,-1.025,-1.59,-0.662,-1.486,-1.095,-1.235,-0.513,-0.522,-1.274,-1.177,-0.779,-0.944,-0.643,-0.362,-1.398,-1.483,-1.292,-1.808,-1.514,-1.928,-1.081
"1988-11-01",-1.017,-0.302,-0.876,-1.184,-1.216,-0.601,-1.116,-0.625,-0.879,-0.01,-0.052,-1.034,-0.331,-0.79,-0.851,-0.233,0.061,-1.376,-1.354,-1.263,-1.642,-1.419,-2.195,-1.247
"1988-12-01",-0.964,-0.657,-0.601,-1.278,-1.502,-1.121,-1.049,-0.748,-1.095,-0.14,-0.383,-1.251,-0.484,-1.171,-1.205,-0.608,-0.298,-1.281,-1.223,-1.257,-1.221,-1.252,-1.765,-1.306
"1989-01-01",-1.375,-1.146,-1.101,-1.348,-1.439,-1.413,-0.973,-1.267,-0.969,-1,-1.298,-1.352,-0.993,-1.259,-1.145,-1.255,-1.038,-0.962,-0.613,-0.85,-0.723,-0.698,-0.768,-1.287
"1989-02-01",-1.255,-1.281,-1.258,-1.173,-1.469,-1.376,-0.863,-1.257,-0.846,-1.253,-1.344,-1.284,-1.255,-1.3,-1.148,-1.407,-1.391,-0.935,-0.154,-0.549,-0.116,-0.359,-0.365,-0.931
"1989-03-01",-1.497,-1.409,-1.626,-1.425,-1.367,-1.444,-0.756,-1.084,-0.848,-1.467,-1.444,-1.275,-1.187,-1.553,-1.099,-1.538,-1.588,-0.702,0.083,-0.764,0.148,-0.211,0.081,-1.149
"1989-04-01",-0.629,-0.348,-0.865,-0.766,-0.461,-0.571,-0.078,-0.255,-0.351,-0.633,-0.414,-0.693,-0.489,-0.86,-0.435,-0.701,-0.724,-0.193,0.433,-0.457,0.696,0.139,0.355,-0.42
"1989-05-01",-0.253,0.513,-0.45,-0.374,0.207,0.014,0.387,0.258,-0.005,-0.126,-0.029,-0.11,0.291,-0.221,0.146,-0.176,0.077,0.55,0.668,-0.167,0.892,0.401,0.771,0.102
"1989-06-01",1.285,2.183,0.809,0.925,1.53,1.651,1.435,1.492,1.153,1.453,1.519,0.891,1.894,1.466,1.944,1.352,1.752,1.595,1.597,0.933,1.98,0.871,1.179,0.591
"1989-07-01",0.711,1.275,0.005,0.299,0.729,1.347,0.629,0.829,1.251,1.322,1.254,0.722,0.297,1.044,1.303,1.282,0.827,1.192,1.573,1.235,1.402,0.859,0.8,0.356
"1989-08-01",0.616,0.975,-0.077,0.245,0.948,1.084,0.601,1.244,0.89,0.886,1.071,0.563,0.606,0.442,1.09,0.553,0.172,1.142,1.354,0.96,1.184,0.448,0.552,0.091
"1989-09-01",-0.148,-0.362,-0.53,0.002,-0.075,-0.206,0.252,0.233,-0.275,-0.198,-0.123,-0.068,0.32,-0.414,0.061,-0.535,-0.805,-0.055,-0.074,0.212,0.429,-0.016,-0.004,0.086
"1989-10-01",-1.007,-1.215,-1.307,-1.131,-1.081,-0.987,-0.751,-0.707,-1.145,-1.282,-0.978,-0.943,0.103,-1.359,-0.883,-1.36,-1.296,-1.024,-1.276,-1.043,-0.767,-1.17,-0.954,-1.022
"1989-11-01",-0.692,-0.951,-0.94,-0.99,-1.063,-1.066,-0.948,-0.72,-1.285,-0.821,-0.838,-0.853,0.061,-0.848,-1.333,-1.107,-0.697,-1.304,-1.538,-1.388,-1.277,-1.461,-1.401,-1.164
"1989-12-01",-1.188,-1.377,-1.312,-1.472,-1.645,-1.326,-1.682,-1.45,-1.797,-1.281,-1.202,-1.294,-1.325,-1.33,-1.751,-1.339,-0.902,-1.741,-1.925,-1.694,-2.01,-2.091,-1.848,-1.721
"1990-01-01",-0.741,-0.913,-0.35,-1.033,-1.108,-0.949,-1.422,-1.049,-1.052,-0.31,-0.336,-0.958,-0.632,-0.837,-1.28,-0.545,0.137,-1.274,-1.561,-1.046,-1.569,-1.196,-1.572,-1.261
"1990-02-01",-1.109,-1.116,-0.755,-1.224,-1.285,-1.034,-1.556,-1.437,-1.266,-0.786,-0.876,-1.181,-1.151,-1.013,-1.494,-0.838,-0.539,-1.359,-1.546,-1.257,-1.608,-1.24,-1.622,-0.872
"1990-03-01",-1.272,-1.217,-1.015,-1.444,-1.485,-1.148,-1.499,-1.386,-1.302,-0.894,-0.9,-1.351,-1.061,-1.148,-1.541,-0.938,-0.758,-1.525,-1.569,-1.394,-1.509,-1.114,-1.572,-0.938
"1990-04-01",-1.525,-1.226,-1.561,-1.476,-1.471,-1.207,-1.308,-1.358,-1.407,-1.218,-1.249,-1.447,-1.211,-1.369,-1.51,-1.138,-1.462,-1.465,-1.474,-1.659,-1.315,-1.29,-1.382,-1.114
"1990-05-01",-1.338,-1.195,-1.332,-1.414,-1.486,-1.163,-1.206,-1.084,-1.226,-1.127,-0.94,-1.296,-0.955,-1.283,-1.304,-1.079,-1.406,-1.477,-1.344,-1.377,-1.071,-1.252,-1.105,-1.493
"1990-06-01",0.684,0.289,0.794,1.001,0.271,0.472,0.799,-0.371,0.276,0.914,0.277,0.874,0.261,0.548,0.183,0.231,0.45,0.572,0.911,0.729,0.283,0.695,0.615,0.992
"1990-07-01",1.381,1.758,1.222,1.56,1.397,1.552,1.575,1.755,1.204,2.054,1.696,1.247,1.358,1.362,1.599,1.419,1.742,1.038,1.592,1.057,1.681,1.412,1.935,1.466
"1990-08-01",0.992,1.387,0.983,1.271,1.09,1.279,1.409,1.352,0.999,1.658,1.227,0.981,1.169,1.119,1.345,1.083,0.891,1.094,1.557,0.896,1.503,1.222,1.783,1.223
"1990-09-01",-0.35,0.511,-0.057,0.176,-0.019,0.231,0.276,0.794,-0.011,0.589,0.5,-0.089,0.748,0.04,0.368,0.288,-0.246,-0.432,0.094,-0.197,0.926,0.054,0.857,0.104
"1990-10-01",0.547,0.72,0.855,0.893,0.633,0.702,0.862,0.581,0.632,0.711,0.508,0.819,0.867,0.6,0.514,0.515,0.342,0.596,1.117,0.484,1.37,0.719,0.941,0.393
"1990-11-01",1.281,1.505,1.437,1.148,1.208,1.213,1.252,1.079,1.065,1.274,1.286,1.216,1.19,1.163,1.167,1.366,1.209,1.295,1.417,1.093,1.326,1.157,1.132,0.745
"1990-12-01",1.541,0.956,1.27,1.015,1.13,0.98,1.063,1.288,0.954,1.179,1.059,1.287,1.446,1.013,0.877,0.976,1.121,0.812,1.148,0.863,1.085,0.839,0.869,0.68
"1991-01-01",0.437,0.117,0.174,0.128,-0.171,-0.277,-0.313,0.273,-0.303,0.78,0.512,0.296,0.52,-0.165,-0.113,0.306,0.52,-0.264,-0.415,-0.397,-0.367,-0.393,-0.674,-0.218
"1991-02-01",-0.573,-0.718,-0.805,-0.776,-0.887,-1.021,-1.005,-0.544,-0.993,-0.119,-0.248,-0.662,-0.381,-1.003,-0.831,-0.448,-0.369,-1.04,-1.16,-1.213,-1.099,-0.958,-1.31,-1.183
"1991-03-01",-1.135,-0.835,-0.976,-0.846,-1.111,-1.239,-1.218,-0.989,-0.978,-0.357,-0.499,-1.02,-0.782,-1.13,-0.999,-0.656,-0.499,-0.844,-1.211,-1.328,-1.232,-1.182,-1.418,-1.42
"1991-04-01",-1.081,-0.725,-0.701,-0.957,-0.769,-0.935,-1.008,-0.824,-0.737,-0.704,-0.746,-1.097,-0.809,-0.961,-0.782,-0.691,-0.682,-0.644,-0.904,-1.061,-0.991,-0.914,-1.175,-1.395
"1991-05-01",-0.766,-0.475,-0.271,-0.46,-0.333,-0.605,-0.47,-0.309,-0.285,-0.647,-0.445,-0.811,-0.301,-0.501,-0.322,-0.551,-0.414,0.123,-0.403,-0.759,-0.489,-0.786,-0.585,-0.915
"1991-06-01",-0.409,-0.346,-0.175,-0.663,-0.495,-0.37,0.092,-0.158,-0.617,-0.376,-0.525,-0.705,-0.314,-0.335,-0.572,-0.362,-0.216,0.14,0.676,0.856,-0.172,-0.108,0.104,0.584
"1991-07-01",-0.161,-0.344,-0.294,-0.448,-0.209,-0.1,0.85,-0.188,0,-0.471,-0.26,-0.027,-0.409,-0.183,0.08,-0.517,-0.269,0.417,1.178,1.009,-0.047,0.673,0.899,0.428
"1991-08-01",-0.34,-0.945,-0.903,-0.345,-0.841,-0.777,0.474,-0.412,-0.547,-0.889,-0.437,-0.119,-0.285,-0.841,-0.14,-1.126,-0.857,0.019,0.784,0.79,-0.464,0.23,0.627,0.033
"1991-09-01",-0.944,-1.25,-1.125,-0.88,-1.367,-1.101,-0.288,-0.878,-1.091,-1.088,-0.548,-0.483,-0.615,-1.327,-0.564,-1.21,-1.187,-0.702,-0.595,-0.536,-0.83,-0.577,-0.342,-1.274
"1991-10-01",-1.194,-1.245,-0.807,-1.25,-1.425,-1.327,-0.563,-0.992,-1.347,-1.116,-0.662,-1.181,-0.116,-1.545,-1.256,-1.327,-0.908,-0.703,-0.559,-1.032,-0.651,-0.79,-0.161,-1.683
"1991-11-01",-0.879,-0.462,-0.488,-0.951,-0.689,-0.686,0.364,-0.287,-0.702,-0.202,0.026,-0.974,0.78,-0.962,-0.603,-0.466,-0.032,-0.19,-0.492,-0.988,0.013,-0.388,0.117,-1.066
"1991-12-01",-1.897,-1.513,-1.57,-2.077,-1.599,-1.893,-1.167,-1.475,-1.866,-1.405,-1.124,-2.067,-0.213,-1.906,-1.515,-1.455,-1.092,-1.549,-1.845,-1.885,-1.172,-1.534,-1.35,-1.834
"1992-01-01",-0.971,-0.549,-0.643,-1.01,-1.084,-0.93,-1.283,-1.155,-1.31,-0.254,-0.249,-0.996,-0.67,-0.993,-1.278,-0.562,-0.609,-1.252,-1.663,-1.482,-1.446,-1.27,-1.581,-1.383
"1992-02-01",-1.23,-1.251,-0.99,-1.247,-1.64,-1.443,-1.752,-1.677,-1.808,-0.942,-0.963,-1.166,-1.555,-1.299,-1.699,-1.249,-1.141,-1.744,-1.791,-1.738,-1.772,-1.742,-1.793,-1.656
"1992-03-01",-1.229,-1.301,-1.09,-1.289,-1.949,-1.536,-1.787,-1.768,-1.995,-0.966,-0.994,-1.203,-1.75,-1.407,-1.845,-1.315,-1.133,-1.981,-1.885,-1.894,-1.961,-2.007,-1.951,-1.725
"1992-04-01",-1.728,-1.779,-1.799,-1.661,-2.045,-2.062,-1.795,-1.719,-2.067,-1.672,-1.509,-1.695,-1.632,-1.99,-1.792,-1.712,-1.482,-1.975,-1.899,-2.07,-1.85,-2.03,-1.895,-1.926
"1992-05-01",-1.894,-1.436,-1.752,-2.004,-2.011,-1.731,-1.646,-1.43,-2.051,-1.449,-1.146,-1.993,-1.093,-1.948,-1.528,-1.348,-1.371,-1.846,-1.965,-2.248,-1.816,-2.008,-1.961,-2.306
"1992-06-01",-0.796,-0.823,-1.116,-0.906,-1.196,-1.299,-0.688,-0.81,-1.939,-0.746,-0.541,-1.404,0.622,-1.776,-0.947,-1.057,-0.529,-0.552,-1.963,-2.112,-1.058,-0.77,-1.366,-0.882
"1992-07-01",1.243,0.889,0.992,1.239,0.871,0.451,0.539,0.786,-0.315,0.903,0.469,0.82,1.496,0.847,0.466,0.051,1.25,1.113,-0.639,-0.174,0.165,0.825,0.442,0.71
"1992-08-01",1.793,1.468,1.749,1.701,1.399,1.25,1.261,1.293,0.875,1.792,1.338,1.549,1.9,1.539,1.127,1.095,2.071,1.569,0.467,0.805,1.075,1.369,1.195,1.153
"1992-09-01",0.449,1.002,0.873,0.81,0.558,0.476,1.171,1.511,0.128,1.442,1.455,0.626,2.185,0.506,0.798,0.811,1.398,0.556,0.453,0.475,1.073,0.871,0.74,0.524
"1992-10-01",0.23,0.565,0.478,0.084,0.382,0.308,1.128,1.055,0.279,1.122,1.187,0.159,1.822,0.184,0.5,0.703,1.077,0.4,0.468,0.317,1.077,0.749,0.76,0.283
"1992-11-01",0.028,0.635,0.317,-0.161,0.075,0.4,0.67,1.117,0.132,0.994,1.259,-0.133,1.611,0.188,0.713,0.706,0.676,0.14,-0.05,-0.128,0.763,-0.111,0.487,-0.271
"1992-12-01",0.04,0.334,0.11,-0.333,-0.06,0.459,-0.019,0.745,0.19,0.619,0.768,-0.303,0.832,0.277,0.334,0.428,0.361,-0.232,-0.975,-0.449,-0.493,-0.889,-0.615,-0.233
"1993-01-01",0.832,0.975,0.499,0.691,0.45,0.787,0.519,0.911,0.754,1.142,1.143,0.756,0.807,0.669,0.858,0.779,1.123,0.223,-0.038,0.344,0.588,-0.198,0.799,0.887
"1993-02-01",0.086,-0.039,-0.358,-0.06,-0.312,-0.121,-0.3,-0.138,-0.074,0.102,0.215,0.008,-0.236,-0.117,-0.079,-0.192,0.079,-0.68,-0.706,-0.245,-0.322,-0.887,-0.24,0.109
"1993-03-01",0.174,0.052,-0.106,-0.089,-0.206,-0.06,-0.293,-0.392,0.15,0.295,0.263,0.068,-0.085,0.005,-0.195,-0.199,0.242,-0.676,-0.416,-0.091,-0.1,-0.627,0.091,0.024
"1993-04-01",-0.996,-0.929,-0.873,-1.144,-1.041,-0.933,-1.028,-1.175,-0.74,-0.812,-0.875,-1.119,-0.756,-0.868,-1.077,-1.047,-1.01,-1.294,-0.988,-0.801,-1.011,-1.082,-0.842,-1.197
"1993-05-01",-0.219,0.15,0.028,-0.439,-0.131,-0.015,-0.243,-0.42,0.209,0.146,0.268,-0.494,0.337,-0.082,-0.437,-0.188,-0.101,-0.447,-0.307,-0.259,-0.43,-0.135,-0.028,-0.578
"1993-06-01",-0.053,0.095,-0.367,-0.039,-0.689,-0.197,-0.017,-0.196,-0.345,-0.148,-0.346,-0.263,-0.799,0.063,-0.282,-0.411,-0.505,0.036,-0.435,0.841,-0.335,0.277,0.021,0.564
"1993-07-01",0.39,0.244,0.329,0.319,0.059,0.081,0.623,0.364,0.048,0.358,0.095,0.1,0.289,0.468,0.513,0.05,0.192,0.507,-0.506,0.784,0.058,0.217,0.694,0.654
"1993-08-01",0.843,0.632,1.018,0.776,0.541,0.599,0.988,0.732,0.652,0.846,0.404,0.704,0.763,0.842,0.924,0.626,-0.205,0.858,0.43,1.121,0.859,0.79,1.38,0.97
"1993-09-01",1.302,0.664,1.15,1.143,0.747,0.759,0.725,0.688,0.583,1.276,0.765,1.083,1.378,1.076,0.742,0.785,0.455,0.994,0.788,0.799,0.93,0.734,1.142,0.742
"1993-10-01",1.23,1.012,1.32,1.144,0.928,1.079,0.905,1.016,0.811,1.405,1.165,1.15,1.541,1.212,0.77,1.179,0.763,0.952,0.948,1.069,0.957,0.964,1.131,0.793
"1993-11-01",1.607,1.278,1.426,1.31,1.245,1.423,1.098,0.811,1.21,1.372,0.878,1.343,0.807,1.666,0.797,1.366,1.424,1,0.916,0.797,0.851,0.881,0.774,0.887
"1993-12-01",1.229,1.151,1.03,0.984,1.092,1.25,0.972,0.543,1.019,1.154,0.662,0.918,0.479,1.448,0.639,1.099,1.114,1.153,0.717,0.76,0.942,0.847,0.957,0.668
"1994-01-01",0.136,-0.13,-0.128,0.023,-0.137,0.038,-0.232,-0.499,-0.205,0.039,-0.587,0.063,-0.518,0.177,-0.274,-0.169,-0.094,0.129,-0.092,-0.673,0.223,-0.118,-0.033,-0.354
"1994-02-01",-0.472,-0.513,-0.424,-0.612,-0.231,-0.351,-0.243,-0.287,-0.226,-0.484,-0.741,-0.593,-0.133,-0.347,-0.125,-0.53,-0.739,0.265,-0.113,-0.691,0.283,-0.015,0.067,-0.845
"1994-03-01",-0.971,-0.981,-0.862,-0.982,-0.609,-0.777,-0.705,-0.663,-0.537,-0.923,-1.118,-0.9,-0.33,-0.948,-0.489,-0.93,-1.125,-0.362,-0.515,-0.85,-0.136,-0.395,-0.302,-0.978
"1994-04-01",-0.563,-0.461,-0.351,-0.694,-0.087,-0.248,-0.246,-0.152,0.002,-0.601,-0.593,-0.658,0.101,-0.311,-0.029,-0.452,-0.71,-0.028,-0.17,-0.209,0.122,0.022,0.031,-0.555
"1994-05-01",-0.683,-0.661,-0.791,-0.502,-0.433,-0.464,-0.729,-0.833,-0.534,-0.955,-0.942,-0.492,-0.59,-0.615,-0.642,-0.62,-1.011,-0.778,-0.583,-0.086,-0.378,-0.455,-0.4,-0.16
"1994-06-01",-0.945,-0.801,-0.837,-0.347,0.406,0.228,-0.232,-0.289,-0.288,-0.85,-0.897,-0.721,-0.426,0.416,-0.344,-0.497,-1.512,-0.176,0.377,-0.148,0.67,-0.002,0.616,0.25
"1994-07-01",-0.818,-1.45,-1.21,-0.915,-0.18,-0.579,-0.43,-0.892,-0.865,-1.265,-1.557,-0.968,-1.131,-0.479,-0.693,-1.417,-1.879,-0.357,-0.129,0.039,0.091,-0.235,0.08,0.235
"1994-08-01",-0.901,-1.28,-1.387,-0.851,-0.341,-0.655,-0.285,-0.778,-0.749,-0.932,-1.145,-1.236,-0.637,-0.604,-0.622,-1.005,-1.504,-0.515,-0.168,-0.059,0.032,-0.553,0.118,-0.279
"1994-09-01",-0.843,-1.4,-1.355,-1.006,-1.06,-1.162,-0.686,-0.936,-0.829,-1.401,-1.463,-1.214,-1.125,-1.097,-0.9,-1.114,-1.537,-0.685,-0.289,-0.38,-0.475,-0.944,-0.157,-0.987
"1994-10-01",-1.324,-1.135,-1.31,-1.025,-0.918,-1.08,-0.861,-0.884,-0.789,-1.146,-1.159,-1.533,-0.891,-1.084,-1.158,-0.862,-1.356,-1.08,-0.532,-0.905,-0.714,-1.205,-0.522,-1.37
"1994-11-01",-0.636,-0.837,-0.688,-0.679,-0.654,-0.668,-0.217,-0.242,-0.246,-0.73,-0.534,-0.638,-0.313,-0.669,-0.701,-0.558,-0.468,-0.386,-0.086,-0.749,-0.14,-0.489,-0.038,-0.97
"1994-12-01",-0.851,-0.436,-1.033,-0.932,-1.088,-0.752,-0.199,0.002,-0.479,-0.365,-0.129,-0.753,0.745,-0.869,-0.689,-0.471,-0.545,-0.653,0.089,-1.011,0.371,0.02,0.203,-1.104
"1995-01-01",-1.547,-1.272,-1.651,-1.689,-1.718,-1.41,-1.153,-1.046,-1.584,-1.353,-1.029,-1.553,-0.731,-1.659,-1.309,-1.255,-1.566,-1.401,-0.964,-1.628,-0.533,-1.195,-0.89,-1.825
"1995-02-01",-1.445,-1.261,-1.476,-1.267,-1.601,-1.33,-1.575,-1.534,-1.603,-1.266,-1.296,-1.683,-1.485,-1.601,-1.526,-1.283,-1.268,-1.637,-1.273,-1.651,-1.032,-1.441,-1.342,-1.588
"1995-03-01",-1.217,-1.332,-1.232,-1.021,-1.354,-1.213,-1.451,-1.479,-1.488,-1.154,-1.353,-1.594,-1.464,-1.49,-1.478,-1.186,-1.145,-1.395,-1.292,-1.506,-0.683,-1.272,-0.959,-1.381
"1995-04-01",-0.434,-0.66,-0.314,-0.154,-0.516,-0.537,-1.023,-0.971,-0.679,-0.292,-0.812,-1.036,-0.993,-0.617,-0.951,-0.448,-0.178,-0.733,-0.853,-0.846,-0.323,-0.417,-0.525,-0.631
"1995-05-01",-0.42,-0.389,-0.447,-0.295,-0.381,-0.332,-0.224,-0.14,-0.431,-0.239,-0.482,-0.754,0.027,-0.426,-0.346,-0.192,-0.545,0.074,-0.346,-0.581,0.577,0.205,0.699,-0.507
"1995-06-01",-1.367,-0.922,-1.243,-0.839,-1.933,-0.715,-1.151,-0.6,-0.99,-0.949,-1.301,-0.625,-1.482,-1.294,-0.968,-0.674,-1.335,-1.329,-1.283,-1.107,-0.965,-1.312,-0.53,-0.229
"1995-07-01",-1.018,-1.049,-1.267,-0.643,-1.797,-0.888,-1.345,-0.701,-1.111,-1.008,-1.097,-0.491,-1.11,-1.23,-1.152,-0.971,-1.415,-1.293,-1.141,-0.728,-0.767,-1.07,0.263,-0.033
"1995-08-01",-0.963,-1.388,-1.514,-0.76,-1.503,-1.44,-1.833,-1.601,-1.611,-1.152,-1.703,-0.559,-1.39,-1.229,-1.826,-1.128,-1.595,-1.837,-1.85,-0.985,-1.477,-1.618,-1.106,-0.185
"1995-09-01",-1.02,-1.447,-1.446,-0.997,-1.346,-1.527,-1.897,-1.891,-1.82,-1.256,-1.841,-0.911,-1.686,-1.317,-1.961,-1.173,-1.567,-1.795,-1.719,-1.26,-1.733,-1.734,-1.762,-1.091
"1995-10-01",-1.524,-1.643,-1.962,-1.607,-1.665,-1.88,-2.387,-2.327,-2.033,-1.518,-2.185,-1.512,-2.282,-1.734,-2.232,-1.426,-1.973,-1.992,-2.029,-1.843,-2.062,-1.993,-1.862,-1.47
"1995-11-01",-1.399,-1.137,-1.45,-1.313,-1.11,-1.339,-1.536,-1.041,-1.418,-1.053,-0.937,-1.631,-0.678,-1.49,-1.271,-1.157,-1.171,-1.401,-1.112,-1.281,-1.128,-1.062,-1.015,-1.211
"1995-12-01",-0.849,-0.793,-0.553,-0.298,-0.961,-0.541,-1.079,-0.798,-0.814,-0.339,-0.611,-0.821,-0.572,-1.006,-1.075,-0.72,-0.326,-1.202,-1.113,-0.964,-1.313,-0.89,-1.186,-0.82
"1996-01-01",-0.125,-0.301,-0.12,-0.034,-0.242,-0.256,-0.701,-0.879,-0.209,-0.375,-0.738,0.025,-0.721,-0.449,-0.869,-0.533,-0.2,-0.622,-0.787,-0.166,-0.975,-0.211,-0.942,-0.1
"1996-02-01",-0.513,-0.595,-0.328,-0.409,-0.485,-0.537,-0.617,-0.833,-0.606,-0.638,-0.841,-0.313,-0.593,-0.744,-0.745,-0.801,-0.435,-0.844,-0.959,-0.574,-0.957,-0.659,-0.917,-0.696
"1996-03-01",-0.607,-0.805,-0.587,-0.852,-0.82,-0.831,-0.886,-1.111,-0.925,-0.966,-1.082,-0.519,-0.804,-0.836,-0.982,-1.106,-0.604,-1.046,-1.118,-0.946,-1.044,-1.002,-0.987,-0.841
"1996-04-01",-0.91,-0.896,-0.759,-0.98,-0.987,-0.899,-0.759,-0.811,-0.983,-0.91,-0.753,-0.85,-0.542,-0.897,-0.73,-1.001,-0.612,-1.037,-0.884,-0.924,-0.89,-1.011,-0.856,-0.975
"1996-05-01",-0.301,-0.766,-0.417,-0.441,-0.82,-0.502,-1.094,-1.215,-0.578,-0.903,-0.929,-0.179,-1.038,-0.233,-1.072,-0.861,-0.417,-0.771,-0.524,-0.417,-0.806,-0.615,-0.914,-0.046
"1996-06-01",-0.122,0.3,-0.074,-0.975,0.855,0.134,-0.033,-0.196,0.537,-0.037,-0.221,-0.092,0.454,-0.07,0.196,0.212,-0.083,0.299,0.491,0.492,0.401,0.686,-0.163,-0.24
"1996-07-01",-0.106,0.417,0.038,-0.64,0.275,0.619,-0.14,0.513,0.339,0.424,0.233,-0.234,1.262,-0.447,0.47,0.775,0.227,-0.413,0.006,-0.114,0.488,-0.051,0.197,-0.759
"1996-08-01",0.1,0.28,0.476,-0.385,0.022,0.307,-0.384,0.3,0.133,0.369,0.214,-0.102,0.941,-0.266,0.058,0.596,0.724,-0.64,-0.151,-0.01,0.089,-0.051,-0.04,-0.483
"1996-09-01",-0.038,-0.322,0.195,-0.216,-0.419,0.288,-0.584,0.074,-0.242,0.044,0.142,-0.062,0.584,-0.349,-0.212,0.228,0.486,-0.59,-0.334,-0.1,-0.183,-0.12,-0.263,-0.328
"1996-10-01",-0.522,-0.592,-0.198,-0.655,-0.544,-0.327,-1.115,-0.474,-0.368,-0.41,-0.354,-0.269,-0.167,-0.648,-0.673,-0.303,0.002,-0.65,-0.472,-0.496,-0.564,-0.354,-0.651,-0.585
"1996-11-01",0.118,0.161,0.035,0.002,-0.144,0.272,-0.071,0.471,0.082,0.47,0.72,0.254,0.606,-0.17,0.07,0.357,0.413,-0.117,0.296,-0.379,0.27,0.359,0.244,-0.146
"1996-12-01",0.383,0.879,0.669,0.201,0.756,0.856,0.579,0.494,0.982,0.954,1.039,0.81,0.529,0.637,0.769,0.827,0.969,0.836,0.96,0.246,0.747,0.719,0.564,-0.049
"1997-01-01",0.701,1.183,0.877,0.48,1.054,1.153,0.794,0.435,0.914,0.944,0.713,0.829,0.613,1.069,0.493,0.958,1.09,0.989,1.293,0.696,1.42,1.323,1.426,0.57
"1997-02-01",0.887,1.541,1.113,0.668,1.27,1.333,1.186,1.133,1.193,1.313,1.227,0.982,0.932,1.189,1.145,1.232,1.338,1.376,1.472,0.88,1.469,1.257,1.391,0.701
"1997-03-01",1.178,1.396,1.05,0.938,0.985,1.193,0.952,0.943,1.128,1.298,1.014,1.231,0.746,1.208,0.751,1.078,1.279,1.099,1.32,0.645,1.092,1.125,1.059,1.013
"1997-04-01",1.206,1.211,0.906,0.962,0.691,1.009,0.917,1.038,1.113,1.325,1.184,1.395,0.711,0.952,0.891,0.955,1.173,0.929,1.069,0.439,0.665,0.565,0.549,0.733
"1997-05-01",0.98,0.342,0.287,0.859,-0.269,0.306,0.051,-0.295,0.621,1.081,0.052,1.352,-0.222,0.64,-0.467,0.21,0.844,-0.071,0.409,0.002,-0.122,0.115,-0.308,0.475
"1997-06-01",-0.192,0.695,-0.136,-0.128,-0.244,0.263,0.818,0.106,-0.355,1.079,0.824,0.061,1.262,-0.159,0.507,0.836,0.556,-0.507,-0.083,-0.116,0.95,-0.109,0.017,-1.145
"1997-07-01",-0.997,-0.322,-1.164,-0.74,-0.864,-0.477,-0.034,-0.982,-1.088,0.151,-0.676,-0.728,-0.067,-0.648,0.233,0.03,-0.886,-0.735,-0.047,-0.421,-0.026,-0.261,-0.374,-0.91
"1997-08-01",-0.336,-0.093,-0.125,-0.392,-0.192,0.024,0.381,-0.134,-0.186,0.403,-0.42,-0.308,0.311,-0.439,0.348,0.319,0.285,-0.056,0.549,-0.203,1.041,0.382,0.775,-0.552
"1997-09-01",1.258,1.115,1.068,1.128,1.131,1.021,0.907,0.735,0.998,1.209,0.543,0.743,-0.119,0.488,0.893,1.265,1.18,0.983,1.06,0.366,1.194,1.001,1.378,0.566
"1997-10-01",0.778,0.45,0.75,0.523,0.272,0.216,0.315,0.008,-0.049,0.818,0.24,0.381,0.401,0.095,0.019,0.563,1.02,0.118,0.067,-0.295,0.54,0.154,0.406,0.136
"1997-11-01",0.377,0.071,0.416,0.726,0.213,0.046,-0.253,-0.094,-0.046,0.33,-0.012,0.058,-0.537,0.076,-0.465,0.116,0.43,0.083,0.143,-0.756,0.017,0.106,-0.453,-0.097
"1997-12-01",-1.719,-1.742,-1.503,-0.819,-1.001,-1.747,-1.278,-1.461,-1.325,-1.713,-2.182,-1.457,-2.055,-1.54,-1.508,-2.05,-1.42,-1.198,-0.714,-1.738,-0.836,-0.905,-0.869,-1.621
"1998-01-01",-1.496,-1.184,-1.296,-0.93,-0.746,-1.425,-0.476,-0.439,-0.764,-1.395,-1.124,-1.453,-0.482,-1.286,-0.563,-1.165,-1.099,-0.562,-0.007,-1.153,-0.167,-0.1,0.269,-1.066
"1998-02-01",-1.81,-1.582,-1.768,-1.617,-1.31,-1.703,-0.878,-0.954,-1.38,-1.751,-1.645,-1.769,-0.88,-1.636,-0.999,-1.609,-1.662,-0.87,-0.664,-1.065,-0.748,-0.687,-0.261,-1.327
"1998-03-01",-1.54,-1.587,-1.58,-1.494,-1.395,-1.712,-1.167,-1.151,-1.554,-1.619,-1.57,-1.567,-1.047,-1.457,-1.183,-1.547,-1.549,-1.156,-0.807,-0.731,-1.077,-0.777,-0.614,-0.794
"1998-04-01",-1.424,-1.764,-1.31,-1.302,-1.448,-1.79,-1.696,-1.552,-1.699,-1.352,-1.792,-1.369,-1.662,-1.334,-1.669,-1.736,-1.509,-1.463,-1.334,-0.946,-1.621,-1.295,-1.386,-0.927
"1998-05-01",-1.227,-1.756,-1.01,-1.175,-1.328,-1.84,-2.058,-1.81,-1.69,-1.214,-1.771,-1.229,-2.073,-1.136,-1.846,-1.716,-1.206,-1.912,-1.523,-1.216,-1.871,-1.382,-1.805,-0.8
"1998-06-01",-2.676,-2.827,-1.912,-2.058,-2.15,-3.753,-2.577,-3.041,-2.615,-1.735,-2.524,-2.488,-2.422,-2.151,-2.761,-2.709,-1.724,-2.951,-1.453,-2.481,-2.374,-2.713,-2.072,-2.245
"1998-07-01",-2.017,-1.939,-1.912,-1.633,-1.639,-2.191,-1.385,-1.904,-2.13,-1.665,-2.087,-1.964,-1.552,-1.75,-2.003,-2.223,-1.527,-1.493,-0.676,-2.794,-1.366,-3.196,-0.829,-1.781
"1998-08-01",-1.436,-1.409,-1.593,-1.132,-0.979,-1.574,-0.966,-1.582,-1.393,-1.004,-1.554,-1.42,-0.935,-1.421,-1.474,-1.35,-1.25,-1.078,-0.981,-2.159,-1.13,-1.817,-1.039,-1.712
"1998-09-01",-1.83,-1.809,-1.864,-1.899,-1.882,-2.05,-1.746,-1.747,-2.328,-1.402,-1.787,-1.846,-0.796,-1.941,-2.023,-1.683,-1.754,-2.127,-2.316,-2.416,-1.569,-1.979,-1.936,-2.081
"1998-10-01",-0.768,-1.276,-1.427,-0.798,-0.971,-1.682,-1.528,-1.752,-1.47,-0.709,-1.393,-0.92,-0.161,-1.096,-1.899,-1.089,-1.029,-1.676,-1.961,-1.431,-1.545,-1.52,-1.833,-1.09
"1998-11-01",0.508,0.234,0.46,0.627,0.278,0.015,-0.164,0.068,-0.224,0.597,-0.053,0.233,0.447,0.653,-0.007,0.372,0.89,-0.178,-0.476,-0.048,0.099,-0.258,0.316,0.41
"1998-12-01",0.113,-0.429,0.211,0.208,-0.448,-0.351,-0.987,-1.293,-0.76,0.133,-0.65,-0.022,-0.488,0.136,-0.516,-0.247,0.653,-1.04,-1.033,-0.416,-0.776,-1.074,-0.469,0.039
"1999-01-01",-0.774,-1.122,-0.718,-1.026,-0.961,-0.757,-1.287,-1.452,-1.459,-0.963,-1.188,-1.087,-1.421,-0.898,-1.271,-1.145,-0.554,-1.343,-0.985,-1.397,-1.037,-1.418,-0.813,-0.904
"1999-02-01",-1.022,-0.555,-0.26,-1.094,-0.366,-0.491,-0.326,-0.281,-0.721,-0.462,-0.396,-1.012,-0.113,-0.779,-0.401,-0.597,-0.135,-0.706,-0.48,-1.471,-0.496,-0.825,0.105,-0.809
"1999-03-01",0.263,0.673,0.842,0.377,0.767,0.74,0.901,0.943,0.71,0.767,0.511,0.043,0.688,0.461,0.621,0.504,0.867,0.839,1.012,-0.349,1.101,0.795,1.243,0.584
"1999-04-01",1.066,1.484,1.606,1.373,1.357,1.376,1.756,1.672,1.464,1.564,1.445,1.035,1.485,1.283,1.546,1.386,1.508,1.586,1.607,0.682,1.746,1.584,1.789,1.279
"1999-05-01",1.742,1.918,1.785,1.662,1.647,1.811,1.953,1.83,1.898,2.025,1.767,1.434,1.643,1.687,1.636,1.784,1.729,2.017,2.013,1.268,2.132,1.906,2.058,1.465
"1999-06-01",0.744,0.534,0.924,0.238,-0.129,0.474,-0.657,0.073,-0.108,0.841,0.622,0.023,-0.105,-0.002,0.31,0.553,0.498,0.089,-0.06,-0.508,0.522,0.305,0.547,-0.64
"1999-07-01",0.197,-0.533,-0.003,-0.719,-1.398,-0.29,-1.45,-1.087,-1.105,-0.288,-0.433,-0.626,-0.746,-0.914,-0.575,-0.67,0.206,-0.688,-1.236,-1.571,-1.02,-0.918,-1.452,-0.979
"1999-08-01",-0.118,-0.303,-0.673,-0.742,-1.168,-0.427,-0.956,-0.347,-1.01,-0.11,-0.187,-0.718,-0.409,-0.966,-0.473,-0.36,-0.51,-0.732,-1.281,-1.473,-0.923,-0.89,-1.423,-1.368
"1999-09-01",-0.183,-0.28,-0.703,-0.096,-0.897,-0.274,-0.876,-0.687,-0.329,-0.063,-0.159,-0.133,-0.598,-0.415,-0.847,-0.037,-0.292,-0.333,-0.856,-1.051,-1.026,-0.551,-1.246,-0.963
"1999-10-01",1.058,0.701,0.504,1.036,0.259,0.491,-0.053,0.115,0.511,0.589,0.479,0.932,-0.446,0.791,0.047,0.646,0.08,0.379,0.244,0.805,-0.023,0.36,0.022,0.733
"1999-11-01",0.773,-0.079,0.468,0.705,-0.426,-0.103,-0.601,-0.237,-0.152,0.078,-0.057,0.753,-0.395,0.313,-0.496,-0.095,0.283,-0.226,-0.178,0.483,-0.802,-0.084,-0.587,0.741
"1999-12-01",-0.225,-0.766,-0.239,-0.459,-0.627,-0.714,-0.871,-0.605,-0.954,-0.676,-0.812,-0.225,-0.921,-0.553,-0.962,-0.642,-0.39,-0.903,-0.603,-0.183,-0.984,-0.977,-0.872,0.096
"2000-01-01",-0.065,0.09,0.39,0.37,0.493,-0.017,0.373,0.824,0.24,0.062,0.238,0.207,0.128,0.44,0.244,0.383,0.094,0.095,0.537,-0.558,0.342,-0.248,0.966,0.244
"2000-02-01",-0.027,0.013,0.272,0.445,0.476,0.196,0.75,0.737,0.275,-0.067,0.112,0.251,0.055,0.471,0.39,0.312,0.03,0.511,1.001,0.24,1.085,0.443,1.29,0.789
"2000-03-01",0.446,0.192,0.591,1.046,0.63,0.437,0.949,0.79,0.59,0.243,0.143,0.747,0.184,0.829,0.698,0.398,0.349,0.832,1.174,0.64,1.356,0.85,1.52,1.148
"2000-04-01",-0.262,-0.546,-0.58,0.032,-0.265,-0.234,0.56,-0.001,-0.223,-0.395,-0.569,-0.134,-0.155,-0.17,0.157,-0.421,-0.248,0.368,0.574,0.24,0.904,0.497,0.956,0.366
"2000-05-01",-0.318,-0.793,-0.644,0.068,-0.289,-0.626,0.052,-0.348,-0.235,-0.526,-0.97,-0.27,-0.398,-0.409,-0.092,-0.749,-0.419,-0.019,0.012,-0.271,0.436,-0.027,0.751,-0.263
"2000-06-01",-0.977,-1.144,-2.454,-0.904,-0.703,-1.046,-0.578,-1.196,-1.17,-0.868,-1.167,-0.871,-0.232,-0.597,-0.888,-1.294,-1.106,-0.807,-0.994,0.52,-0.553,-0.854,0.282,0.547
"2000-07-01",0.209,0.273,-0.765,0.235,0.394,0.063,0.464,-0.31,0.123,0.443,0.33,0.267,0.534,0.273,0.186,-0.06,0.089,0.156,-0.469,1.013,0.508,0.291,0.979,0.808
"2000-08-01",0.772,0.633,0.449,0.783,0.595,0.556,0.689,0.153,0.49,0.945,0.68,0.806,0.817,0.673,0.508,0.606,1.16,0.414,0.022,1.088,0.332,0.508,0.976,1.067
"2000-09-01",-0.248,-0.39,0.121,-0.278,-0.626,-0.349,0.029,0.137,-0.703,0.112,-0.103,-0.359,0.582,-0.539,-0.194,-0.102,0.511,-0.794,-0.498,-0.635,0.055,-0.294,0.015,-0.634
"2000-10-01",0.415,0.517,0.862,0.729,0.849,0.767,0.805,0.723,0.499,0.497,0.245,0.666,0.791,0.503,0.812,0.496,0.883,0.41,0.581,0.704,0.802,0.588,0.998,0.543
"2000-11-01",-0.956,-0.516,-0.594,-0.785,-0.244,-0.293,-0.024,-0.336,-0.525,-0.512,-0.565,-0.825,0.218,-0.673,-0.177,-0.633,-0.608,-0.387,-0.553,-0.562,0.195,-0.42,0.125,-0.978
"2000-12-01",-0.031,0.149,0.201,-0.038,0.37,0.307,0.745,0.235,0.456,-0.107,-0.129,0.278,0.186,0.113,0.317,-0.075,-0.034,0.731,0.116,0.255,0.723,0.403,0.675,-0.135
"2001-01-01",1.775,1.631,1.634,1.484,1.729,1.618,1.304,1.23,1.867,1.4,1.169,1.75,0.558,1.653,1.307,1.48,1.587,1.86,1.369,1.874,1.393,1.821,1.432,1.659
"2001-02-01",2.164,2.039,2.164,1.899,2.053,2.027,1.764,1.88,2.07,2.14,1.741,2.138,1.373,2.176,1.878,1.91,2.171,1.984,1.822,1.855,1.944,2.039,1.946,2.049
"2001-03-01",2.316,2.215,2.406,2.138,2.136,2.149,1.844,2.088,2.111,2.142,2,2.375,1.524,2.254,2.123,2.095,2.217,1.909,1.878,1.891,1.987,2.031,1.947,2.081
"2001-04-01",1.125,1.492,1.499,0.973,1.643,1.626,1.479,1.77,1.472,1.578,1.669,1.06,1.629,1.674,1.694,1.504,1.452,1.188,1.334,0.375,1.666,1.231,1.639,0.706
"2001-05-01",0.41,1.069,0.709,0.539,0.986,1.096,0.963,1.398,0.921,0.937,1.391,0.465,1.253,0.799,1.294,1.047,1.104,0.774,0.878,0.406,1.179,0.723,1.289,0.321
"2001-06-01",0.512,0.622,0.096,0.484,-0.287,-0.175,0.873,0.403,0.307,0.322,0.612,0.568,0.33,-0.2,0.311,0.483,0.62,-0.072,0.153,0.046,0.538,-0.011,0.545,0.449
"2001-07-01",1.142,0.842,0.945,1.172,0.295,0.333,1.006,0.925,1.137,0.517,0.75,1.201,0.584,0.409,0.744,0.833,1.093,0.217,0.635,0.912,0.6,0.719,0.663,0.982
"2001-08-01",1.27,0.93,0.131,1.364,0.883,0.788,1.533,0.839,1.615,0.448,0.621,1.313,0.302,1.017,1.059,1.111,-0.023,0.85,1.328,1.367,0.868,1.455,1.01,1.294
"2001-09-01",0.641,0.462,-0.224,0.835,1.054,0.601,1.542,0.33,1.041,0.424,0.4,0.817,0.482,1.006,0.618,0.589,-0.274,1.029,1.969,1.793,0.834,1.85,0.915,1.551
"2001-10-01",0.995,0.399,0.216,1.016,0.931,0.582,1.297,0.368,1.012,0.266,0.309,1.078,0.288,1.181,0.584,0.496,-0.271,0.832,1.642,1.633,0.592,1.591,0.467,1.658
"2001-11-01",-0.038,-0.611,0.032,-0.25,-0.127,-0.339,-0.369,-0.497,-0.078,-0.458,-0.725,-0.084,-0.614,0.113,-0.532,-0.503,-0.454,-0.426,0.35,0.568,-0.752,0.086,-0.595,0.594
"2001-12-01",-0.087,0.042,0.367,-0.085,0.12,0.112,-0.329,0.093,0.243,0.309,-0.154,-0.04,-0.311,0.245,-0.249,-0.009,0.336,-0.579,-0.331,0.347,-0.697,-0.578,-0.759,0.453
"2002-01-01",-1.02,-1.121,-0.671,-1.202,-0.867,-0.836,-1.029,-0.988,-0.864,-1.032,-1.239,-1.113,-1.464,-0.899,-0.974,-1.146,-0.615,-1.154,-1.108,-1.084,-1.289,-1.226,-1.264,-1.107
"2002-02-01",0.067,-0.17,0.289,-0.112,0.371,0.371,0.194,-0.073,0.478,-0.012,-0.404,-0.056,-0.59,0.26,0.26,-0.195,0.393,0.274,0.281,0.161,0.321,0.144,0.581,-0.022
"2002-03-01",0.44,0.004,0.465,-0.026,0.787,0.756,0.667,0.494,0.68,0.159,-0.153,0.078,-0.072,0.545,0.794,0.074,0.484,0.655,0.744,0.222,0.84,0.66,1.143,0.133
"2002-04-01",1.257,0.958,1.175,0.83,1.429,1.419,1.533,1.264,1.377,1.11,0.886,0.995,0.827,1.293,1.534,1.008,1.112,1.354,1.546,1.21,1.634,1.397,1.828,1.186
"2002-05-01",0.846,0.673,0.757,0.431,1.284,1.006,1.377,1.413,1.043,0.719,0.706,0.485,1.162,0.914,1.267,0.732,0.754,0.831,1.2,0.654,1.332,1.057,1.521,0.84
"2002-06-01",0.045,-0.094,0.422,-0.093,0.588,-0.448,0.838,-0.013,0.864,-0.047,-0.486,0.058,-0.155,0.277,0.162,-0.12,0.498,0.33,0.982,0.438,1.34,1.289,1.314,0.719
"2002-07-01",0.922,0.912,1.538,1.111,1.514,0.729,1.221,0.948,1.449,0.909,0.728,1.196,1.358,1.3,0.932,0.652,1.498,0.88,1.1,1.146,1.38,1.679,1.235,1.263
"2002-08-01",0.939,1.051,0.999,1.095,1.206,0.728,0.959,0.714,1.143,1.121,0.744,1.075,1.036,1.139,0.837,0.923,0.403,0.765,0.881,0.969,1.078,1.362,0.932,1.189
"2002-09-01",1.024,1.039,0.858,1.263,0.88,0.862,1.115,0.825,0.91,1.064,0.651,1.241,1.107,1.158,0.807,0.934,0.284,0.976,1.262,1.215,1.366,1.129,1.38,1.314
"2002-10-01",0.944,0.265,0.663,0.801,1.114,0.788,0.651,-0.067,1.084,0.327,-0.268,0.996,-0.33,0.87,0.438,0.345,-0.277,1.071,1.205,1.488,1.122,1.265,1.265,1.321
"2002-11-01",0.285,-0.402,0.162,-0.054,0.61,0.333,0.511,-0.14,0.62,-0.283,-0.589,0.157,-0.561,0.283,0.613,-0.231,-0.256,0.899,0.951,1.255,1.045,0.942,1.301,0.824
"2002-12-01",-0.184,-0.676,-0.399,-0.604,0.372,-0.021,0.275,-0.26,0.26,-0.809,-0.691,-0.448,-0.488,-0.041,0.006,-0.61,-0.637,0.455,0.615,1.164,0.625,0.559,0.768,0.388
"2003-01-01",-0.712,-0.947,-0.837,-0.843,-0.417,-0.548,-0.489,-0.645,-0.403,-1.203,-0.798,-0.786,-0.961,-0.627,-0.507,-0.909,-0.929,-0.345,-0.273,-0.257,-0.399,-0.232,-0.247,-0.365
"2003-02-01",-0.53,-1.007,-0.673,-0.373,-0.369,-0.64,-0.709,-1.042,-0.298,-1.455,-1.157,-0.408,-1.424,-0.466,-0.831,-1.218,-1.018,-0.487,-0.464,-0.063,-0.655,-0.366,-0.572,-0.215
"2003-03-01",-0.246,-0.725,-0.39,-0.003,-0.006,-0.199,-0.507,-0.76,-0.141,-1.178,-0.998,0.008,-1.033,-0.06,-0.505,-0.923,-0.674,-0.144,-0.095,0.267,-0.188,0.052,-0.228,0.088
"2003-04-01",-0.246,-0.462,-0.254,-0.039,0.13,-0.166,-0.188,-0.488,-0.134,-0.928,-0.773,-0.038,-0.566,0.071,-0.259,-0.654,-0.47,-0.003,0.024,0.279,0.063,0.148,-0.057,-0.099
"2003-05-01",-0.29,0.039,-0.299,-0.075,0.496,0.322,0.468,0.329,-0.086,-0.538,-0.136,-0.095,0.506,0.201,0.425,0.027,-0.172,0.473,0.528,0.413,0.661,0.615,0.526,-0.028
"2003-06-01",-1.981,-1.323,-1.694,-2.192,-1.673,-1.209,-1.102,-0.437,-0.704,-2.638,-1.243,-1.746,-0.911,-1.677,-0.908,-1.127,-1.844,-1.03,-0.793,-1.023,-0.558,-0.764,-0.766,-1.399
"2003-07-01",-0.827,-0.876,-0.521,-1.459,-0.85,-1.101,-0.613,-0.001,-0.225,-1.734,-1.212,-1.334,-0.893,-1.237,-0.605,-0.831,-1.082,-0.947,0.019,-0.664,-0.078,-0.253,0.307,-1.145
"2003-08-01",-0.478,-0.592,-0.081,-0.987,-0.606,-0.814,-0.443,0,-0.18,-1.03,-0.814,-0.932,-0.283,-0.945,-0.53,-0.712,-0.185,-0.981,-0.249,-0.436,-0.068,-0.123,0.177,-0.8
"2003-09-01",-0.111,-0.054,0.16,-0.64,-0.102,-0.369,0.278,0.398,-0.143,-0.212,0.069,-0.615,0.725,-0.601,-0.015,-0.158,0.387,-0.418,0.139,-0.182,0.484,0.292,0.542,-0.498
"2003-10-01",-0.634,-0.326,-0.378,-0.438,-0.873,-0.661,-0.434,0.149,-0.694,-0.443,-0.148,-0.605,0.149,-0.717,-0.487,-0.378,-0.156,-0.823,-0.815,-0.857,-0.485,-0.603,-0.676,-0.72
"2003-11-01",-1.4,-1.365,-1.441,-1.363,-1.409,-1.531,-1.143,-0.678,-1.17,-1.358,-1.062,-1.399,-0.675,-1.448,-1.292,-1.16,-1.435,-1.224,-1.18,-1.166,-1.278,-1.315,-1.182,-1.287
"2003-12-01",-0.019,-0.569,-0.025,0.051,-0.523,-0.593,-1.181,-1.016,-0.934,-0.735,-0.207,-0.342,-0.842,-0.461,-0.953,-0.234,-0.339,-0.782,-1.086,-0.842,-1.388,-0.872,-1.153,-0.942
"2004-01-01",-0.256,-0.262,-0.23,-0.516,-0.087,-0.135,-0.032,0.207,-0.262,-0.179,0.216,-0.728,-0.089,-0.083,0.096,0.126,-0.114,0.082,0.254,-0.271,0.219,0.385,-0.042,-0.4
"2004-02-01",-0.153,-0.199,-0.064,-0.506,0.055,0.099,0.184,0.194,-0.062,0.151,0.288,-0.68,0.208,0.209,0.174,0.305,0.028,0.274,0.5,-0.245,0.56,0.441,0.343,-0.309
"2004-03-01",-1.054,-0.63,-0.988,-1.363,-0.228,-0.298,0.157,0.033,-0.246,-0.301,-0.12,-1.318,0,-0.375,0.085,-0.209,-0.625,0.088,0.516,-0.53,0.768,0.289,0.475,-0.788
"2004-04-01",-1.116,-0.79,-1.061,-1.244,-0.442,-0.614,-0.061,-0.504,-0.455,-0.695,-0.6,-1.169,-0.189,-0.729,-0.355,-0.553,-0.837,-0.264,0.073,-0.655,0.287,-0.335,0.337,-0.881
"2004-05-01",-1.176,-1.158,-1.433,-1.032,-0.661,-0.952,-0.372,-1.058,-0.839,-1.412,-1.344,-1.009,-0.957,-1.288,-0.695,-1.276,-1.246,-0.637,-0.188,-0.476,0.204,-0.455,0.072,-0.817
"2004-06-01",-0.426,-1.162,-1.014,-0.442,-0.79,-0.805,0.277,-1.2,-0.768,-1.58,-1.681,-0.345,-0.512,-1.101,-0.394,-1.254,-0.804,0.515,-0.446,-0.33,0.035,-0.4,-0.108,-0.608
"2004-07-01",1.084,0.129,0.868,1.269,0.768,0.616,1.057,0.448,0.241,0.833,-0.068,1.169,1.025,0.882,0.623,-0.069,0.495,1.286,0.666,0.594,1.532,0.851,1.055,0.305
"2004-08-01",1.235,1.054,1.53,1.372,1.446,1.293,1.314,1.015,1.286,0.993,0.794,1.333,0.922,1.387,1.112,1.18,1.315,1.59,1.17,0.795,1.801,1.245,1.632,0.737
"2004-09-01",0.266,0.401,0.871,0.706,0.498,0.487,0.358,0.517,0.439,0.236,0.224,0.723,0.114,0.648,0.267,0.727,0.722,0.469,1.258,0.533,1.28,0.845,1.893,0.833
"2004-10-01",-1.272,-1.518,-0.749,-1.319,-1.383,-1.139,-0.897,-1.046,-1.193,-1.012,-0.81,-1.077,-1.01,-1.206,-1.261,-0.932,-0.317,-1.207,-0.367,-1.048,-0.091,-0.649,0.043,-1.141
"2004-11-01",-1.599,-2.416,-1.896,-1.405,-1.933,-1.88,-2.693,-2.418,-1.923,-1.905,-1.974,-1.397,-2.257,-1.615,-2.475,-2.244,-1.561,-1.915,-1.56,-1.519,-1.893,-1.692,-1.588,-1.524
"2004-12-01",-1.694,-1.852,-1.9,-1.589,-1.557,-1.595,-2.052,-1.501,-1.593,-2.069,-1.955,-1.511,-1.722,-1.497,-1.672,-1.977,-1.761,-1.726,-1.822,-1.562,-1.907,-1.772,-1.457,-1.491
"2005-01-01",-0.933,-1.001,-1.101,-0.73,-1.098,-0.919,-1.463,-0.947,-1.056,-1.187,-1.18,-0.845,-1.345,-0.773,-1.292,-1.071,-1.138,-1.292,-1.41,-1.343,-1.175,-1.485,-0.876,-0.933
"2005-02-01",-0.535,0.03,-0.414,-0.588,-0.228,-0.151,-0.784,0.035,-0.305,0.133,0.24,-0.595,-0.363,-0.184,-0.347,0.123,-0.053,-0.321,-0.595,-1.159,-0.282,-0.736,-0.311,-0.74
"2005-03-01",-0.526,0.026,-0.412,-0.821,-0.338,-0.222,-0.666,0.169,-0.502,0.287,0.321,-0.716,-0.264,-0.279,-0.086,0.177,-0.03,-0.264,-0.599,-1.266,-0.3,-0.703,-0.352,-1.048
"2005-04-01",-0.251,0.563,0.27,-0.714,0.178,0.125,0.025,0.675,-0.069,0.88,1.042,-0.44,0.343,0.002,0.62,0.775,0.641,0.252,-0.243,-0.828,-0.043,-0.149,-0.15,-0.814
"2005-05-01",-0.793,-0.598,-0.468,-1.035,-0.668,-0.825,-0.476,-0.203,-0.868,-0.372,-0.482,-0.894,-0.361,-0.851,0.023,-0.357,-0.427,-0.638,-0.976,-1.049,-0.701,-0.804,-0.734,-1.427
"2005-06-01",-0.339,0.312,0.322,-0.296,-0.511,-0.46,-0.806,-0.388,-0.411,0.521,0.497,-0.324,-0.294,-0.479,0.405,0.593,0.767,-0.782,-1.074,-0.854,-0.428,-0.911,-0.682,-1.229
"2005-07-01",-1.855,-1.296,-1.8,-1.802,-2.069,-1.82,-1.653,-1.572,-1.987,-1.267,-0.976,-1.668,-1.373,-1.782,-1.042,-1.149,-1.628,-2.032,-Inf,-2.151,-1.303,-2.098,-1.801,-1.967
"2005-08-01",-1.859,-1.324,-1.57,-1.56,-1.688,-1.456,-1.33,-0.97,-1.622,-1.546,-0.93,-1.711,-1.249,-1.718,-0.843,-1.336,-1.653,-1.542,-2.245,-1.824,-1.221,-1.559,-1.464,-1.693
"2005-09-01",-0.135,-0.389,-0.025,-0.278,0.05,0.019,-0.642,-0.357,0.117,-0.173,-0.135,-0.634,-0.036,-0.113,-0.412,-0.454,-0.19,-0.492,-1.365,-1.083,-0.56,-0.846,-0.875,-0.944
"2005-10-01",0.737,0.262,0.737,0.844,0.018,0.339,-0.468,0.19,0.06,0.9,0.625,0.424,0.831,0.519,-0.183,0.233,0.738,-0.183,-0.678,-0.37,-0.32,-0.348,-0.828,0.315
"2005-11-01",1.616,1.111,1.674,1.648,0.768,1.038,0.283,0.864,0.723,1.652,1.151,1.502,1.281,1.276,0.539,1.155,1.639,0.524,0.207,0.584,0.226,0.584,-0.214,1.34
"2005-12-01",0.483,0.588,0.659,0.789,0.025,0.082,0.111,0.594,-0.3,0.831,0.784,0.614,0.777,0.297,0.173,0.755,0.82,-0.136,0.341,-0.319,0.445,-0.01,0.447,0.545
"2006-01-01",1.186,1.495,1.356,0.883,0.992,1.074,0.886,1.411,1.038,1.536,1.665,0.88,0.755,1.12,1.25,1.65,1.604,0.971,1.337,0.74,1.283,1.15,1.33,0.797
"2006-02-01",0.476,0.959,0.443,-0.085,0.471,0.484,0.575,1.026,0.541,0.807,1.286,0.13,0.519,0.367,0.898,1.146,0.755,0.505,0.962,0.024,0.987,0.687,0.911,0.034
"2006-03-01",0.734,1.016,0.713,0.103,0.658,0.793,0.906,0.99,0.75,0.959,1.296,0.292,0.492,0.591,1.122,1.136,0.917,0.725,0.975,0.389,1.216,0.965,1.185,0.176
"2006-04-01",-0.343,-0.068,-0.511,-0.541,-0.145,-0.078,0.515,0.145,-0.111,-0.205,0.13,-0.394,0.325,-0.4,0.331,0.015,-0.372,-0.073,0.176,-0.665,0.722,0.047,0.768,-0.617
"2006-05-01",0.193,0.465,0.284,0.157,0.463,0.476,1.149,0.444,0.339,0.286,0.584,0.098,0.56,0.217,0.758,0.451,0.224,0.341,0.383,-0.154,1.136,0.534,1.39,-0.281
"2006-06-01",-0.224,0.58,-0.066,-0.033,-0.111,0.055,-0.107,0.787,-0.039,0.149,0.846,-0.366,0.694,0.062,0.173,0.783,0.043,-0.402,-0.399,-0.709,-0.074,-0.42,-0.294,-0.997
"2006-07-01",-1.032,-0.806,-1.211,-0.759,-0.966,-0.8,-0.449,-0.769,-0.675,-1.291,-0.612,-1.114,-0.152,-0.914,-0.591,-0.6,-1.309,-0.82,-1.053,-0.731,-0.596,-0.01,-0.735,-1.221
"2006-08-01",-0.891,-0.798,-0.629,-0.537,-0.921,-0.807,-0.521,-0.735,-0.681,-0.856,-0.56,-0.726,-0.245,-0.746,-0.815,-0.647,-0.418,-0.918,-0.698,-0.426,-0.42,0.039,-0.53,-0.632
"2006-09-01",-0.593,-0.501,-0.383,-0.561,-0.352,-0.448,-0.187,-0.202,-0.286,-0.674,-0.345,-0.497,0.281,-0.342,-0.214,-0.347,-0.196,-0.652,-0.658,-0.378,-0.297,0.061,-0.46,-0.467
"2006-10-01",0.055,0.06,0.033,0.383,0.429,0.258,0.223,0.511,0.269,-0.485,0.061,0.279,-0.051,0.255,0.738,-0.033,0.006,0.094,0.413,0.211,0.522,0.24,0.521,0.42
"2006-11-01",0.699,0.449,0.309,0.943,1.225,1.027,0.934,0.765,1.219,-0.059,0.172,0.974,-0.224,1.09,1.018,0.283,0.14,1.071,0.967,0.917,0.987,1.083,1.054,0.961
"2006-12-01",0.287,-0.937,-0.524,0.738,0.376,0.111,-0.372,-0.559,0.467,-1.174,-1.196,0.707,-1.194,0.328,-0.241,-0.945,-0.93,0.232,0.306,0.746,0.205,0.527,0.248,0.874
"2007-01-01",-0.268,-0.595,-0.557,-0.214,-0.105,-0.393,-0.791,-0.623,-0.035,-0.576,-0.538,-0.053,-0.814,-0.141,-0.597,-0.538,-0.581,-0.493,-0.578,-0.028,-0.674,-0.356,-0.605,0.012
"2007-02-01",-0.854,-1.155,-1.123,-0.732,-0.727,-1.019,-1.093,-0.981,-0.746,-1.216,-1.001,-0.597,-0.853,-0.945,-1.005,-1.063,-1.311,-1.052,-1.003,-0.4,-0.944,-0.939,-0.787,-0.49
"2007-03-01",-0.527,-0.556,-0.467,-0.665,-0.107,-0.362,-0.595,-0.228,-0.211,-0.456,-0.395,-0.522,-0.238,-0.342,-0.431,-0.326,-0.64,-0.543,-0.383,-0.138,-0.253,-0.219,-0.219,-0.422
"2007-04-01",-0.111,-0.412,-0.162,-0.193,0.157,-0.023,-0.138,0.124,0.076,-0.329,-0.264,-0.151,0.072,0.03,-0.053,-0.163,-0.529,-0.133,0.101,0.455,0.164,0.369,0.175,0.182
"2007-05-01",0.785,0.626,0.887,0.466,1.014,0.803,0.682,1.185,0.858,0.757,0.804,0.453,0.894,1.023,0.906,0.87,0.466,0.732,0.905,0.95,0.8,1.104,0.844,0.785
"2007-06-01",0.844,0.308,0.809,0.487,1.023,0.376,-0.434,0.568,0.851,0.414,0.243,0.399,-0.203,1.009,0.481,0.187,0.171,0.809,0.703,0.913,-0.455,0.147,-0.376,0.746
"2007-07-01",1.122,0.574,1.115,1.162,1.452,0.511,-0.225,0.923,0.873,0.669,0.245,1.142,-0.255,1.218,0.366,0.233,0.478,1.143,0.969,1.139,-0.166,0.546,-0.869,1.064
"2007-08-01",0.193,-0.226,0.514,0.281,0.539,-0.288,-0.881,-0.478,0.088,-0.083,-0.587,0.171,-0.725,0.55,-0.503,-0.319,0.614,0.567,0.444,0.612,-0.639,0.021,-0.938,0.355
"2007-09-01",0.875,0.274,0.971,1.029,1.254,0.581,-0.113,-0.095,1.087,0.4,-0.171,0.979,-0.445,1.159,-0.031,0.227,1.044,0.921,0.698,1.1,-0.026,0.94,-0.126,1.058
"2007-10-01",-0.021,-0.611,0.318,-0.185,0.156,-0.147,-0.503,-0.695,0.358,-0.405,-0.698,-0.133,-0.76,0.263,-0.441,-0.373,0.422,-0.081,0.017,0.341,-0.703,0.081,-0.3,-0.329
"2007-11-01",0.886,0.544,0.959,0.812,0.687,0.674,0.446,0.742,0.674,0.634,0.278,0.892,0.212,1.017,0.641,0.462,0.905,0.447,0.411,0.615,0.124,0.261,0.421,0.696
"2007-12-01",0.529,0.049,0.539,0.662,-0.177,0.072,-0.003,0.036,-0.233,0.261,-0.271,0.727,-0.037,0.593,-0.006,0.13,0.479,-0.091,-0.149,-0.221,-0.139,-0.223,-0.04,0.222
"2008-01-01",1.035,0.586,0.799,1.259,0.625,0.715,1.18,1.266,0.766,0.646,0.889,1.292,0.645,0.975,1.244,0.937,0.736,0.711,1.022,0.597,1.116,0.665,1.315,0.934
"2008-02-01",0.424,-0.132,0.147,0.822,-0.141,0.059,0.644,0.512,0.213,-0.221,0.22,0.736,-0.023,0.212,0.497,0.169,-0.128,0.099,0.441,0.268,0.547,0.214,0.631,0.307
"2008-03-01",0.325,-0.027,0.061,0.554,-0.146,0.165,0.597,0.541,0.161,-0.211,0.317,0.483,0.105,0.113,0.469,0.175,-0.183,0.077,0.227,0.189,0.334,-0.006,0.466,0.037
"2008-04-01",-0.563,-0.75,-0.632,-0.394,-1.176,-0.82,-0.536,-0.819,-0.919,-0.916,-0.869,-0.523,-0.608,-0.847,-0.965,-0.916,-0.946,-0.796,-0.922,-0.85,-0.734,-1.048,-0.569,-0.795
"2008-05-01",-0.186,-0.271,-0.283,-0.287,-0.593,-0.353,-0.343,-0.333,-0.683,-0.456,-0.287,-0.359,-0.093,-0.404,-0.661,-0.379,-0.586,-0.437,-0.951,-0.893,-0.806,-0.866,-0.706,-0.637
"2008-06-01",-0.254,-1.174,-0.478,-0.352,-0.874,-0.956,-1.595,-1.617,-1.517,-0.861,-0.861,-0.48,-1.089,-0.477,-1.889,-1.101,-1.387,-2.039,-1.529,-0.978,-1.533,-1.337,-1.615,-1.098
"2008-07-01",-0.539,-0.888,-0.833,-0.677,-0.324,-0.452,-1.084,-0.612,-0.682,-1.153,-0.697,-0.706,-0.965,-0.425,-0.952,-0.756,-1.189,-1.037,-0.794,-0.491,-0.895,-0.496,-0.905,-1.01
"2008-08-01",-0.79,-0.957,-1.198,-0.879,-0.697,-0.711,-1.162,-1.016,-0.917,-1.091,-0.958,-0.75,-1.077,-0.66,-1.005,-1.256,-1.448,-1.174,-0.797,-1.103,-0.92,-1.078,-0.728,-1.319
"2008-09-01",-1.572,-1.198,-1.614,-1.491,-1.347,-1.301,-1.317,-1.148,-1.272,-1.293,-1.19,-1.419,-1.251,-1.354,-1.206,-1.509,-1.59,-1.347,-1.107,-1.625,-1.482,-1.381,-1.036,-1.54
"2008-10-01",-0.708,-0.64,-1.186,-0.777,-0.84,-0.644,-1.022,-0.761,-0.913,-0.664,-0.729,-0.739,-0.736,-0.775,-0.721,-1.151,-1.18,-0.992,-0.84,-1.265,-0.992,-1.093,-0.81,-1.229
"2008-11-01",-0.973,-1.377,-1.127,-0.979,-1.265,-1.281,-1.59,-1.38,-1.363,-1.25,-1.78,-0.935,-1.296,-1.191,-1.246,-1.47,-1.252,-1.399,-1.498,-1.299,-1.713,-1.425,-1.365,-1.063
"2008-12-01",0.574,0.475,0.499,0.334,0.873,0.763,0.224,0.696,0.618,0.417,0.569,0.637,-0.003,0.704,0.569,0.54,0.308,0.643,0.2,0.097,-0.149,0.553,0.007,0.297
"2009-01-01",-0.19,-0.042,0.027,-0.489,-0.033,0.057,-0.778,-0.338,-0.048,-0.026,-0.004,-0.298,-0.988,0.062,-0.444,0.076,0.18,-0.181,-0.702,-0.633,-1.048,-0.151,-1.02,-0.615
"2009-02-01",0.322,0.667,0.788,0.12,0.292,0.426,-0.335,-0.017,0.217,0.609,0.581,0.14,-0.55,0.489,-0.162,0.688,1.016,0.269,-0.174,-0.327,-0.305,0.297,-0.288,-0.436
"2009-03-01",0.02,0.428,0.757,-0.183,-0.303,-0.03,-0.583,-0.34,-0.284,0.585,0.317,-0.253,-0.617,0.07,-0.499,0.536,1.019,-0.18,-0.585,-1.06,-0.589,-0.326,-0.551,-1.126
"2009-04-01",0.582,0.811,1.111,0.443,0.157,0.284,0.124,0.274,0.069,0.899,0.739,0.438,0.076,0.427,0.135,0.855,1.13,0.239,0.051,-0.594,0.019,0.145,0.137,-0.58
"2009-05-01",0.456,0.246,0.773,0.323,0.075,0.06,-0.012,0.201,0.033,0.746,0.449,0.391,0.104,0.211,0.099,0.566,0.685,-0.025,-0.004,-0.684,-0.325,-0.101,-0.413,-0.603
"2009-06-01",-0.045,0.115,0.095,-0.172,-0.201,-0.237,-0.568,0.646,-0.013,0.316,0.468,-0.184,0.088,-0.191,-0.068,0.398,-0.054,-0.406,-0.211,-0.647,-0.745,-0.156,-0.624,-1.138
"2009-07-01",0.192,0.822,0.406,0.411,0.168,0.148,-0.169,0.71,-0.693,0.648,0.938,0.249,0.939,0.523,0.018,0.651,0.049,0.11,-0.036,-0.786,-0.457,-0.739,-0.767,-1.149
"2009-08-01",-0.502,0.269,-0.382,0.085,0.029,0.005,-0.105,0.534,-0.988,0.069,0.595,-0.389,0.894,0,0.16,-0.138,-0.264,0.146,-0.032,-0.932,-0.122,-0.756,-0.416,-1.222
"2009-09-01",0.152,0.139,-0.111,0.503,0.564,0.135,-0.169,0.461,-0.407,-0.084,0.159,-0.084,0.896,0.352,0.357,-0.317,-0.158,0.298,-0.256,-0.874,-0.372,-0.916,-0.82,-0.883
"2009-10-01",-0.745,-1.304,-1.082,-0.444,-0.937,-0.957,-1.167,-0.834,-1.174,-1.224,-1.196,-0.85,-0.777,-0.888,-0.651,-1.336,-1.25,-0.956,-1.07,-1.021,-1.369,-1.308,-1.364,-0.832
"2009-11-01",0.224,-0.605,0.265,0.399,0.028,-0.105,-0.116,0.103,0.027,-0.57,-0.76,0.256,-0.217,-0.062,0.384,-0.391,-0.409,0.12,0.127,-0.226,-0.141,-0.034,0.351,0.214
"2009-12-01",1.45,0.994,1.29,1.378,1.426,1.465,0.415,1.138,1.271,0.873,1.08,1.519,0.488,1.398,1.2,1.168,0.984,1.242,0.216,0.61,-0.173,0.598,-0.038,1.088
"2010-01-01",1.562,0.913,1.234,1.491,1.293,1.435,0.074,0.368,1.184,0.62,0.34,1.535,-0.26,1.399,0.728,0.619,0.983,0.999,0.288,0.824,-0.372,0.545,-0.395,1.227
"2010-02-01",1.395,0.729,1.021,1.291,1.179,1.365,-0.337,0.144,1.06,0.475,0.311,1.361,-0.458,1.257,0.375,0.472,0.885,0.666,-0.078,0.96,-0.769,0.477,-0.868,1.151
"2010-03-01",0.445,0.056,0.193,0.51,0.395,0.515,-0.797,-0.547,0.359,-0.216,-0.417,0.425,-0.991,0.393,-0.412,-0.301,0.109,-0.153,-0.475,0.334,-1.072,-0.099,-1.036,0.34
"2010-04-01",-0.184,-0.164,-0.128,0.022,0.118,0.231,-0.815,-0.31,0.123,-0.229,-0.15,-0.118,-0.71,0.031,-0.456,-0.174,-0.143,-0.422,-0.563,0.018,-0.961,-0.206,-0.942,-0.154
"2010-05-01",-0.52,-0.43,-0.459,-0.102,-0.489,-0.477,-0.799,-0.559,-0.453,-0.494,-0.537,-0.453,-1.015,-0.453,-0.719,-0.479,-0.49,-0.793,-0.875,-1.101,-1.052,-0.883,-0.975,-0.883
"2010-06-01",-0.556,-0.524,-0.571,-0.736,0.54,0.059,-0.759,0.157,0.267,-0.473,-0.39,-0.803,-0.848,0.11,-0.369,-0.191,-0.405,-0.197,-0.48,-1.179,-1.187,-0.762,-0.81,-0.958
"2010-07-01",-1.078,-1.163,-1.089,-1.131,-0.943,-0.983,-1.355,-0.808,-0.798,-1.084,-0.927,-1.085,-1.189,-0.715,-1.381,-0.95,-1.086,-1.303,-1.523,-1.2,-1.625,-1.23,-2.149,-1.022
"2010-08-01",-1.412,-1.458,-1.715,-1.474,-1.422,-1.529,-1.552,-1.481,-1.31,-1.387,-1.501,-1.342,-1.613,-1.276,-1.653,-1.159,-1.721,-1.585,-1.452,-1.103,-1.509,-1.451,-1.521,-1.03
"2010-09-01",-1.23,-1.151,-1.575,-1.293,-1.218,-1.311,-1.32,-1.173,-1.348,-1.326,-1.196,-1.292,-1.14,-1.127,-1.199,-1.016,-1.591,-1.396,-1.465,-1.362,-1.518,-1.469,-1.435,-1.135
"2010-10-01",-0.557,-0.532,-1.007,-0.473,-0.371,-0.609,-0.736,-0.285,-0.795,-0.729,-0.671,-0.449,-0.503,-0.461,-0.41,-0.445,-1.161,-0.583,-0.823,-0.348,-0.911,-0.758,-1.004,-0.315
"2010-11-01",-1.091,-1.197,-1.142,-1.094,-1.07,-1.089,-1.16,-0.63,-1.429,-1.125,-1.332,-1.084,-0.191,-1.127,-0.883,-1.492,-1.187,-1.116,-1.334,-1.106,-1.107,-1.191,-1.366,-1.11
"2010-12-01",0.059,-0.396,-0.322,-0.342,-0.212,-0.133,-0.319,-0.227,-0.138,-0.526,-0.632,0.11,-0.693,0.025,-0.512,-0.92,-0.238,0.132,-0.61,-0.397,-0.506,-0.128,-0.705,-0.164
"2011-01-01",-1.131,-1.189,-1.387,-1.373,-1.406,-1.266,-0.676,-1.01,-1.212,-1.478,-1.304,-1.089,-0.822,-1.279,-0.941,-1.547,-1.355,-0.891,-0.922,-1.636,-0.687,-1.087,-0.55,-1.326
"2011-02-01",0.49,0.518,0.568,0.419,0.197,0.205,0.255,0.173,0.272,0.675,0.295,0.429,0.42,0.21,0.104,0.421,0.831,0.28,0.399,0.023,0.435,0.267,0.49,0.372
"2011-03-01",0.321,0.799,0.94,0.344,0.011,0.318,0.091,0.18,0.027,0.937,0.555,0.14,0.384,0.073,0.191,0.768,1.051,-0.035,0.14,-0.3,0.127,-0.069,0.242,0.076
"2011-04-01",1.369,1.537,1.812,1.271,0.882,1.172,0.613,0.905,0.747,1.669,1.455,1.117,0.796,1.068,0.839,1.564,1.733,0.635,0.593,0.636,0.376,0.564,0.495,0.978
"2011-05-01",0.193,0.749,0.961,0.078,-0.232,0.41,-0.279,0.116,-0.257,0.562,0.805,-0.063,-0.606,0.144,0.104,0.698,0.716,-0.328,-0.483,-0.755,-0.721,-0.544,-0.641,-0.099
"2011-06-01",-0.609,-0.371,-0.153,-1.002,-0.652,-0.424,-0.669,0.331,-0.742,-0.541,-0.028,-0.739,-0.486,-0.559,-0.057,-0.236,-0.534,-0.65,-0.46,-0.927,-0.543,-1.046,-0.022,-0.816
"2011-07-01",-0.748,0.233,-0.686,-0.834,-0.174,-0.601,-0.22,0.29,-0.475,-0.172,0.325,-0.66,-0.031,-0.759,-0.017,-0.357,-0.881,0.027,0.132,-0.183,-0.084,-0.233,-0.406,-0.696
"2011-08-01",-0.937,-0.345,-0.496,-0.979,-0.67,-1.013,-0.485,-0.596,-0.867,-0.258,-0.418,-0.78,-0.103,-0.976,-0.651,-0.94,-0.275,-0.381,-0.322,-0.643,-0.177,-0.64,-0.436,-0.844
"2011-09-01",-0.861,-0.113,-0.486,-0.903,-0.474,-0.794,-0.292,-0.349,-0.674,-0.191,-0.144,-0.758,-0.189,-0.907,-0.408,-0.661,-0.222,-0.213,-0.059,-0.604,-0.142,-0.552,-0.156,-0.765
"2011-10-01",-1.34,-1.126,-0.944,-1.386,-1.131,-1.29,-0.455,-1.111,-1.156,-0.922,-1.024,-1.209,-0.143,-1.402,-0.784,-1.167,-0.676,-1.054,-0.863,-1.115,-0.496,-0.909,-0.545,-1.24
"2011-11-01",-1.545,-1.257,-1.343,-1.63,-1.205,-1.479,-0.918,-1.04,-1.214,-1.185,-1.203,-1.629,-0.731,-1.557,-0.981,-1.136,-1.227,-1.032,-1.273,-1.384,-0.943,-1.076,-1.064,-1.659
"2011-12-01",0.37,0.664,0.516,-0.348,0.886,0.596,1.565,1.871,0.953,0.656,1.295,-0.321,1.801,0.212,1.527,0.89,0.532,1.191,0.802,0.057,1.106,1.183,1.418,-0.375
"2012-01-01",0.785,0.774,0.716,0.134,0.86,0.868,1.63,1.79,0.89,0.778,1.146,0.212,1.755,0.758,1.569,0.966,0.775,0.95,0.675,0.248,1.071,0.91,1.27,0.164
"2012-02-01",1.221,1.369,1.138,0.889,1.295,1.455,1.992,2.112,1.353,1.456,1.586,0.84,2.073,1.384,1.849,1.372,1.222,1.296,1.167,1.002,1.398,1.28,1.575,0.926
"2012-03-01",1.12,1.336,0.858,0.941,1.179,1.365,1.984,1.873,1.247,1.325,1.416,0.911,1.939,1.37,1.706,1.324,0.992,1.147,0.952,0.866,1.129,1.07,1.189,0.708
"2012-04-01",1.111,1.466,0.868,1.155,1.255,1.472,1.814,1.686,1.426,1.394,1.441,1.115,1.892,1.38,1.51,1.337,0.945,1.255,1.209,1.245,1.182,1.331,1.245,1.001
"2012-05-01",0.948,1.167,0.426,0.89,1.009,1.079,1.649,1.5,1.235,1.162,1.173,0.929,1.762,0.921,1.414,1.245,0.648,1.131,1.1,1.007,1.029,1.24,1.052,0.65
"2012-06-01",-0.165,0.895,0.19,0.54,0.179,0.573,1.044,0.744,0.535,0.828,0.799,0.451,1.132,0.121,0.713,0.885,0.747,0.168,0.492,0.052,0.495,0.717,0.739,-0.264
"2012-07-01",-0.261,-0.55,-0.532,0.384,-1.254,-0.553,-0.447,-0.933,-0.63,-0.351,-0.541,-0.452,-0.397,-0.097,-0.68,0.159,-0.846,-0.959,-0.561,-0.089,-1.22,-0.903,-0.593,-0.285
"2012-08-01",-0.885,-1.031,-0.304,-0.016,-1.085,-0.851,-0.566,-0.906,-0.689,-0.664,-0.782,-0.879,-0.701,-0.111,-0.594,-0.855,-0.308,-1.014,-0.613,-0.265,-1.21,-0.478,-0.93,-0.426
"2012-09-01",-1.37,-1.503,-0.633,-0.809,-1.264,-1.263,-0.883,-1.286,-0.841,-1.132,-1.444,-1.561,-1.314,-0.736,-1.066,-1.307,-0.926,-1.126,-0.869,-0.712,-1.411,-0.806,-0.784,-0.75
"2012-10-01",-1.711,-1.476,-0.822,-1.36,-1.053,-1.237,-0.679,-1.238,-0.805,-1.593,-1.751,-1.596,-1.671,-1.18,-0.711,-1.589,-0.771,-0.789,-0.752,-1.334,-1.067,-0.808,-0.7,-1.305
"2012-11-01",-1.181,-1.063,-0.825,-0.706,-0.54,-0.796,-0.397,-1.359,-0.38,-1.606,-1.622,-0.912,-1.875,-0.951,-0.222,-1.275,-1.358,-0.383,-0.458,-0.556,-0.747,-0.553,-0.272,-0.453
"2012-12-01",0.086,0.565,0.329,0.194,0.693,0.547,1.514,1.16,0.665,0.049,0.374,0.021,0.9,0.259,1.548,0.375,0.117,1.241,0.92,0.247,0.676,0.853,1.146,0.718
"2013-01-01",-0.006,0.899,0.363,0.168,0.349,0.468,1.152,0.929,0.281,0.522,0.842,0.031,1.063,0.276,1.048,0.702,-0.005,0.86,0.504,0.37,0.496,0.562,0.622,0.347
"2013-02-01",0.423,0.981,0.722,0.52,0.501,0.631,1.204,0.959,0.217,0.826,0.89,0.346,1.078,0.51,1.058,0.793,0.666,0.823,0.607,0.472,0.554,0.618,0.508,0.536
"2013-03-01",-0.179,0.501,0.2,0.038,-0.042,0.033,0.443,0.252,-0.42,0.372,0.5,-0.056,0.623,-0.07,0.147,0.314,0.221,0.105,-0.062,0.162,-0.094,-0.029,-0.064,-0.073
"2013-04-01",-0.344,-0.192,-0.152,-0.196,-0.185,-0.292,0.054,-0.15,-0.632,-0.123,-0.187,-0.291,-0.006,-0.363,-0.172,-0.289,0.15,-0.215,-0.235,-0.053,-0.412,-0.286,-0.186,-0.13
"2013-05-01",-1.158,-1.133,-1.061,-0.946,-0.914,-1.092,-0.953,-0.961,-1.085,-1.116,-0.977,-0.937,-0.956,-1.191,-1.102,-1.073,-0.959,-0.866,-0.891,-0.492,-0.929,-0.89,-0.597,-0.587
"2013-06-01",-1.195,-1.326,-0.342,-1.256,-0.485,-0.791,-1.055,-0.812,-0.533,-1.188,-0.562,-0.888,-0.638,-1.113,-1.561,-0.878,-0.926,-1.442,-1.269,-0.385,-1.349,-1.178,-1.54,-0.665
"2013-07-01",-0.345,0.116,0.897,-0.31,0.365,-0.109,0.893,0.685,0.806,-0.794,0.627,-0.101,0.168,-0.229,-0.084,0.235,-0.652,-0.494,0.241,0.338,0.363,0.039,0.083,0.251
"2013-08-01",0.674,0.958,1.517,0.394,0.866,0.711,1.203,1.317,1.127,0.227,1.354,0.626,0.669,0.681,0.679,1.203,0.958,0.166,0.424,0.418,0.74,0.459,0.609,0.452
"2013-09-01",0.046,0.57,0.634,-0.24,-0.159,-0.027,0.567,0.437,-0.119,-0.083,0.591,0.016,0.048,0.085,0.342,0.514,0.492,-0.373,-0.062,-0.149,0.048,-0.05,0.168,0.289
"2013-10-01",0.934,1.307,1.12,0.81,1.022,0.677,0.925,1.205,0.751,0.857,1.131,0.813,0.807,0.849,1.264,1.115,1.252,0.797,0.752,0.735,0.831,0.892,0.814,0.809
"2013-11-01",-0.006,0.652,0.076,0.152,0.14,-0.022,0.137,-0.208,0.007,0.048,0.175,0.103,-0.431,-0.105,0.339,0.194,0.014,-0.004,0.225,0.005,0.02,0.171,0.154,0.124
"2013-12-01",1.164,1.767,1.769,1.483,1.198,1.364,1.363,1.354,1.308,1.485,1.457,1.273,1.051,1.206,1.399,1.586,1.699,0.994,1.522,1.193,1.481,1.307,1.587,1.439
"2014-01-01",1.228,1.462,1.764,1.677,1.055,1.261,1.406,1.191,1.212,1.227,1.106,1.42,1.152,1.292,1.334,1.253,1.516,1.007,1.195,1.354,1.431,1.028,1.547,1.415
"2014-02-01",1.442,1.066,1.674,1.685,0.825,0.93,0.734,0.493,1.02,0.891,0.533,1.573,0.348,1.18,0.723,0.761,1.182,0.678,0.787,1.336,0.928,0.802,0.767,1.484
"2014-03-01",0.851,0.011,0.508,0.966,0.152,0.023,-0.078,-0.533,0.4,-0.302,-0.397,1.019,-0.483,0.503,-0.196,-0.349,-0.274,0.059,-0.017,0.894,-0.012,0.2,0.009,0.842
"2014-04-01",0.194,-0.73,-0.461,0.107,-0.602,-0.735,-1.088,-1.356,-0.372,-0.937,-1.212,0.311,-1.524,-0.341,-1.115,-1.056,-1.026,-0.716,-0.604,0.197,-0.714,-0.402,-0.645,0.261
"2014-05-01",-0.417,-0.886,-0.912,-0.207,-0.744,-0.766,-0.733,-1.154,-0.585,-0.981,-0.955,-0.268,-1.069,-0.68,-0.976,-1.056,-1.093,-0.788,-0.636,-0.068,-0.707,-0.341,-0.523,0.036
"2014-06-01",-0.154,-0.558,-0.007,0.324,-0.377,-0.407,-0.667,-0.431,-0.259,-0.294,-0.457,-0.088,-0.043,-0.263,-0.843,-0.661,-0.558,-0.884,-0.71,-0.11,-1.054,-0.525,-1.189,0.36
"2014-07-01",-0.607,-1.054,-0.184,-0.326,0.255,-0.314,-0.695,-0.688,0.011,-0.136,-0.432,-0.612,-0.737,0.28,-1.223,-0.63,-0.071,-0.942,-0.404,-0.539,-0.54,-0.103,-1.335,-0.167
"2014-08-01",-0.058,-0.613,0.632,-0.033,0.137,-0.046,-0.515,-0.501,0.109,0.029,-0.253,-0.076,-0.849,0.429,-0.819,0.055,0.753,-0.812,-0.123,-0.008,-0.186,0.108,-0.528,0.085
"2014-09-01",1.9,1.415,1.805,1.811,1.936,1.853,1.17,0.642,1.851,1.404,1.386,1.771,-0.293,1.982,1.686,1.703,1.765,1.399,1.247,1.48,1.172,1.339,1.125,1.279
"2014-10-01",2.142,2.043,2.187,2.139,2.101,1.973,1.527,1.852,2.034,1.462,1.671,2.178,0.345,2.114,2.166,1.921,1.889,1.861,1.367,1.554,1.221,1.332,1.281,1.833
"2014-11-01",1.403,1.476,1.225,1.454,1.127,1.259,0.756,1.022,1.263,0.72,1.131,1.5,-0.169,1.301,1.292,1.291,0.765,0.999,0.404,0.816,0.333,0.392,0.438,1.069
"2014-12-01",0.586,0.551,0.473,1.01,0.244,0.308,0.07,0.079,0.446,-0.246,-0.043,0.831,-0.567,0.342,0.429,0.261,0.019,0.037,0.01,0.697,-0.111,0.068,0.231,0.732
"2015-01-01",0.371,0.391,0.255,0.611,0.332,0.436,0.892,0.499,0.506,-0.035,0.387,0.589,1.043,0.346,0.688,0.309,-0.15,0.495,0.086,0.906,0.133,0.384,0.399,0.394
"2015-02-01",0.782,0.5,0.65,0.992,0.375,0.49,0.824,0.555,0.485,0.323,0.472,0.869,1.083,0.48,0.556,0.43,0.276,0.409,0.057,1.007,0.12,0.261,0.135,0.742
"2015-03-01",0.453,0.623,0.545,0.542,0.342,0.539,1.022,0.9,0.294,0.597,0.727,0.598,1.315,0.292,0.826,0.617,0.37,0.51,0.353,0.679,0.62,0.22,0.533,0.38
"2015-04-01",0.766,0.772,0.715,0.723,0.238,0.579,0.754,0.848,0.241,0.772,0.757,0.816,1.015,0.408,0.667,0.673,0.544,0.24,0.527,0.659,0.741,-0.026,0.559,0.654
"2015-05-01",0.734,1.048,0.705,0.735,0.621,0.92,1.216,1.279,0.586,0.924,1.136,1.03,1.384,0.606,1.292,0.948,0.598,0.599,1.251,1.067,1.468,0.55,1.424,0.992
"2015-06-01",1.853,1.658,1.541,1.784,1.487,1.745,1.731,1.709,1.399,1.201,1.624,1.62,1.149,1.731,1.46,1.509,1.004,1.005,1.02,0.957,1.428,0.479,1.491,0.929
"2015-07-01",0.896,0.718,0.636,1.03,0.3,0.523,0.157,0.001,0.141,0.42,0.168,0.583,-0.081,0.676,-0.071,0.588,0.504,0.067,0.015,0.472,-0.564,-0.081,-0.365,0.545
"2015-08-01",0.483,0.25,0.375,0.561,0.116,0.103,0.337,0.09,0.094,-0.044,0.019,0.229,0.2,0.416,-0.177,0.255,0.364,-0.015,-0.081,0.34,-0.235,0.025,-0.093,0.301
"2015-09-01",0.498,0.782,0.577,0.473,0.577,0.575,0.655,0.892,0.585,0.787,0.802,0.603,0.872,0.747,0.694,0.783,0.864,0.673,0.519,0.735,0.54,0.615,0.616,0.877
"2015-10-01",0.032,0.804,0.11,-0.063,0.351,0.421,0.619,0.924,0.325,0.435,0.867,-0.005,0.882,0.254,0.595,0.754,0.44,0.432,0.337,0.106,0.455,0.314,0.275,0.244
"2015-11-01",0.081,0.75,0.164,-0.054,0.035,0.154,0.041,0.055,-0.066,0.418,0.6,-0.036,0.269,0.384,-0.069,0.474,0.151,0.075,-0.05,0.108,-0.15,-0.106,-0.384,0.265
"2015-12-01",-0.748,0.051,-0.722,-0.528,-0.534,-0.32,-0.413,-0.637,-0.666,-0.242,-0.498,-0.544,-0.257,-0.259,-0.253,-0.226,-0.789,-0.258,-0.42,-0.1,-0.664,-0.634,-0.76,-0.054
"2016-01-01",-1.285,-0.879,-1.283,-0.844,-1.18,-1.139,-1.073,-1.315,-1.197,-1.22,-1.249,-0.946,-1.498,-1.112,-0.932,-1.06,-1.592,-0.986,-1.308,-0.317,-1.448,-1.258,-1.43,-0.71
"2016-02-01",-0.815,-0.431,-0.927,-0.576,-0.485,-0.429,-0.523,-0.371,-0.374,-0.7,-0.557,-0.697,-0.196,-0.619,-0.274,-0.54,-0.966,-0.486,-0.791,-0.138,-0.916,-0.844,-0.746,-0.36
"2016-03-01",-1.119,-0.91,-1.311,-1.117,-0.918,-0.901,-0.935,-0.724,-0.878,-1.19,-0.878,-1.129,-0.655,-1.057,-0.816,-1.045,-1.366,-0.98,-1.193,-0.55,-1.286,-1.35,-0.976,-0.74
"2016-04-01",-0.649,-0.34,-0.714,-1.004,-0.369,-0.352,-0.362,-0.043,-0.376,-0.486,-0.122,-0.952,0.195,-0.432,-0.223,-0.46,-0.54,-0.469,-0.444,-0.368,-0.651,-0.7,-0.253,-0.216
"2016-05-01",-1.76,-1.612,-1.847,-1.984,-1.761,-1.702,-1.379,-1.512,-1.689,-1.753,-1.646,-1.831,-1.566,-1.74,-1.497,-1.669,-1.94,-1.386,-0.965,-1.011,-1.205,-1.406,-0.993,-1.037
"2016-06-01",-1.057,-0.897,-1.178,-1.265,-1.019,-1.469,0.159,-0.77,-0.883,-0.715,-1.094,-1.777,0.038,-1.257,-0.347,-1.062,-0.845,0.41,0.246,-0.448,0.36,0.3,0.925,-0.964
"2016-07-01",-1.526,-1.461,-1.661,-1.661,-0.962,-1.779,-1.001,-0.977,-1.239,-1.391,-1.498,-1.902,-0.181,-1.631,-1.396,-1.545,-0.889,0.154,-0.78,-1.289,-1.069,-0.379,-0.581,-1.43
"2016-08-01",-0.995,-1.011,-0.772,-1.128,-0.395,-1.054,-0.701,-0.506,-0.434,-1.169,-1.112,-1.173,-0.349,-1.082,-0.684,-1.348,-0.082,0.398,-0.515,-0.607,-0.715,-0.033,-0.159,-0.939
"2016-09-01",-1.998,-1.656,-1.412,-1.829,-1.165,-1.649,-1.44,-1.243,-1.149,-1.861,-1.622,-1.746,-1.247,-1.843,-1.485,-1.761,-1.011,-1.11,-0.611,-0.887,-1.031,-1.074,-0.543,-1.284
"2016-10-01",-0.944,-0.639,-0.769,-0.593,-0.507,-0.855,-0.54,-0.209,-0.234,-1.072,-0.632,-0.675,-1.148,-0.859,-0.799,-1.067,-0.632,-0.871,-0.393,0.068,-0.254,-0.381,0.058,-0.153
"2016-11-01",-1.114,-0.093,-1.171,-1.005,-0.579,-0.657,-0.371,0.049,-0.553,-0.688,0.087,-1.038,-0.348,-0.91,-0.169,-0.278,-1.099,-0.916,-0.854,-0.576,-0.42,-0.823,-0.356,-0.836
"2016-12-01",-0.378,0.138,-0.687,-0.243,-0.704,-0.419,-0.332,0.151,-0.618,-0.455,0.185,-0.379,0.075,-0.536,0.074,0.049,-0.877,-0.515,-0.639,-0.311,0.074,-0.555,0.034,-0.275
"2017-01-01",-0.041,0.134,-0.308,-0.088,-0.287,-0.271,0.743,0.538,-0.237,-0.441,0.33,-0.001,1.362,-0.269,0.461,0.06,-0.567,0.057,0.039,0.012,0.342,-0.385,0.397,-0.291
"2017-02-01",-0.01,-0.239,-0.352,0.156,-0.538,-0.501,0.381,0.184,-0.508,-0.766,-0.066,0.218,1.032,-0.239,0.016,-0.308,-0.719,-0.177,0.026,0.351,0.123,-0.356,0.156,-0.034
"2017-03-01",0.195,0.247,0.248,0.364,-0.079,-0.008,0.734,0.463,-0.178,-0.113,0.328,0.504,1.289,0.106,0.319,0.147,0.076,0.132,0.241,0.716,0.218,-0.189,0.27,0.22
"2017-04-01",-0.092,0.049,0.129,0.211,-0.305,-0.164,0.097,0.092,-0.444,-0.029,0.038,0.223,0.442,-0.067,-0.115,0.016,0.102,-0.128,0.025,0.621,-0.048,-0.142,0.024,0.214
"2017-05-01",0.68,0.89,1.08,0.936,0.64,0.713,0.795,0.697,0.432,0.953,0.93,0.956,1.021,0.671,0.597,0.852,1.182,0.651,0.61,1.504,0.461,0.476,0.529,1.342
"2017-06-01",0.305,-0.357,0.421,0.768,0.151,0.184,-1.019,-0.323,0.304,0.03,-0.431,0.568,-1.167,0.555,-0.928,-0.326,0.325,0.254,0.368,0.938,-0.19,0.427,-0.14,0.931
"2017-07-01",-0.44,-0.202,0.328,-0.336,-0.613,-0.439,-1.56,-1.121,-0.051,-0.376,-0.55,-0.285,-1.487,-0.03,-1.266,-0.58,0.078,-0.754,-0.111,0.359,-1.425,-0.362,-0.957,0.255
"2017-08-01",-1.829,-1.209,-1.16,-1.834,-1.797,-1.51,-1.719,-1.615,-1.58,-1.399,-1.224,-1.625,-1.616,-1.516,-1.653,-1.434,-1.304,-1.627,-1.475,-1.217,-1.621,-1.327,-1.836,-1.333
"2017-09-01",-0.751,-0.723,-0.437,-0.94,-1.004,-0.72,-0.98,-1.238,-0.386,-1.073,-0.879,-0.754,-1.49,-0.513,-0.939,-1.005,-0.825,-0.386,-0.267,0.063,-0.934,-0.164,-0.811,-0.352
"2017-10-01",-0.845,-0.748,-0.798,-0.993,-0.75,-0.57,-0.067,-0.535,-0.452,-1.191,-0.605,-0.831,-0.745,-0.571,-0.243,-0.906,-1.165,0.021,0.448,0.424,0.179,0.431,0.353,-0.159
"2017-11-01",-0.734,-0.771,-0.871,-0.949,-0.793,-0.846,-0.33,-1.105,-0.523,-1.327,-0.819,-0.829,-0.862,-0.588,-0.81,-0.883,-1.437,-0.269,0.203,0.442,0.058,0.243,0.208,-0.123
"2017-12-01",-0.585,-0.085,-0.345,-0.387,-0.478,-0.71,0.439,-0.12,-0.376,-0.694,-0.244,-0.793,-0.028,-0.6,0.11,-0.401,-0.887,-0.425,-0.216,0.179,-0.127,-0.356,-0.09,-0.039
"2018-01-01",-0.111,-0.137,-0.057,0.167,-0.294,-0.573,0.463,-0.1,-0.201,-0.299,-0.29,-0.032,0.591,-0.424,0.077,-0.471,-0.367,-0.265,-0.156,0.492,-0.108,-0.231,-0.15,0.478
"2018-02-01",0.451,0.709,0.562,0.78,0.522,0.372,0.91,0.465,0.413,0.575,0.204,0.623,1.084,0.27,0.753,0.311,0.451,0.511,0.334,1.091,0.25,0.469,0.186,1.009
"2018-03-01",0.863,0.754,0.885,1.053,0.585,0.539,0.911,0.597,0.481,0.889,0.352,0.97,1.161,0.672,0.77,0.403,0.818,0.853,0.539,1.245,0.526,0.631,0.346,1.21
"2018-04-01",0.922,0.947,0.865,1,0.722,0.747,0.934,0.759,0.585,0.947,0.649,0.942,1.055,0.896,0.891,0.705,0.806,1.034,0.641,1.324,0.527,0.7,0.421,1.169
"2018-05-01",0.93,0.096,0.739,0.955,0.198,0.048,0.599,0.492,0.299,0.399,0.382,0.77,0.409,0.798,0.372,0.072,0.488,0.827,0.597,1.159,0.573,0.277,0.44,1.153
"2018-06-01",1.2,0.12,0.404,1.257,0.947,0.628,1.223,0.481,0.822,-0.778,-0.059,1.407,-0.149,1.01,0.784,-0.146,-0.293,1.213,2.193,2.646,0.452,2.008,1.631,2.292
"2018-07-01",2.476,2.045,2.654,2.154,2.626,2.239,2.295,2.051,2.155,1.12,1.362,2.506,1.574,2.432,2.095,1.411,2.022,2.187,2.459,2.741,1.361,2.566,2.013,2.663
"2018-08-01",2.165,1.867,2.036,2.009,2.408,2.077,2.122,2.009,1.998,1.39,1.458,2.083,1.846,2.143,2.071,1.455,1.898,2.168,2.571,2.729,1.465,2.362,1.819,2.558
"2018-09-01",0.567,0.948,0.758,0.675,0.964,0.773,0.82,1.128,0.524,0.231,0.444,0.76,0.867,0.971,0.869,0.598,0.597,1.023,0.809,0.981,0.334,0.771,0.669,1.25
"2018-10-01",0.506,0.68,0.813,0.614,0.921,0.81,0.816,-0.174,0.583,0.461,0.355,0.661,-0.376,0.565,0.768,0.445,0.67,0.734,1.374,1.043,1.396,1.094,1.472,0.944
"2018-11-01",0.484,0.232,0.519,0.864,0.409,0.341,-0.09,-1.324,0.057,-0.147,-0.455,0.772,-1.768,0.297,0.022,-0.277,0.063,0.206,1.159,0.904,0.735,0.802,0.644,0.986
"2018-12-01",1.939,1.684,1.742,2.069,1.395,1.44,1.519,1.32,1.22,1.508,1.54,1.976,1.01,1.573,1.598,1.605,1.567,1.336,1.907,2.148,1.498,1.647,1.631,2.341
"2019-01-01",1.109,1.096,1.119,1.418,0.544,0.585,1.407,1.162,0.304,0.811,1.042,1.126,1.416,0.643,1.362,1.052,0.774,0.781,1.008,0.876,0.866,0.818,1.109,1.131
"2019-02-01",1.506,1.462,1.328,1.766,1.076,1.048,1.538,1.312,0.91,1.179,1.377,1.628,1.515,1.234,1.582,1.485,1.268,1.294,1.104,1.306,1.119,1.123,1.197,1.459
"2019-03-01",0.447,0.651,0.134,0.734,0.49,0.286,0.922,0.622,0.392,0.233,0.688,0.753,1.026,0.451,0.866,0.672,0.17,0.79,0.481,0.753,0.436,0.553,0.487,0.638
"2019-04-01",0.996,0.868,0.379,1.267,0.851,0.654,0.534,0.447,0.914,0.53,0.682,1.459,0.375,0.981,0.679,0.786,0.596,0.991,0.626,1.549,0.383,0.772,0.382,1.431
"2019-05-01",-0.143,-0.356,-0.605,-0.005,-0.066,-0.495,-0.362,-0.374,0.264,-0.375,-0.706,0.129,-0.942,-0.379,-0.224,-0.6,-0.513,0.146,0.114,1.12,-0.324,0.09,-0.3,0.811
"2019-06-01",1.086,0.569,1.003,0.895,1.414,0.371,0.441,0.452,1.388,0.406,-0.133,0.865,-0.905,0.971,0.996,0.35,0.83,1.577,0.823,1.217,0.127,0.802,0.66,1.49
"2019-07-01",0.184,-1.621,0.216,-0.596,-0.583,-1.202,-1.308,-2.07,0.25,-1.591,-1.698,-0.011,-1.808,-0.643,-1.458,-1.454,-0.142,0.707,-0.071,0.466,-1.362,-0.46,-0.164,1.013
"2019-08-01",-0.817,-1.622,-0.658,-1.409,-1.222,-1.331,-1.306,-1.566,-0.467,-1.903,-1.604,-0.902,-1.879,-1.187,-1.286,-1.565,-1.093,0.192,-1.079,-0.487,-1.615,-1.048,-0.707,0.273
"2019-09-01",-0.142,-0.885,-0.303,-1.157,0.055,-0.433,-0.917,-0.976,0.731,-1.395,-1.003,-0.475,-1.65,-0.32,0.104,-0.819,-0.474,1.352,-0.219,0.315,-0.892,-0.288,0.064,0.04
"2019-10-01",-0.644,-0.321,-0.925,-1.282,0.051,-0.283,-0.331,-0.476,0.299,-1.182,-0.669,-0.981,-1.663,-0.315,0.244,-0.538,-1.079,1.06,-0.135,-0.116,-0.273,-0.479,0.375,-0.676
"2019-11-01",0.371,0.723,0.002,0.184,0.835,0.449,0.492,0.153,0.909,0.002,0.283,0.297,-0.395,0.457,0.727,0.407,-0.22,1.144,0.85,1.258,0.971,0.642,1.028,0.643
"2019-12-01",-0.74,-0.558,-1.044,-0.387,-0.71,-0.811,-0.847,-1.241,-0.482,-1.24,-0.946,-0.408,-1.404,-0.8,-0.788,-0.887,-1.68,-0.669,0.143,0.757,0.181,-0.153,0.2,0.094
"2020-01-01",-0.86,-0.984,-1.244,-0.146,-1.2,-1.248,-1.147,-0.909,-1.227,-1.181,-1.198,-0.42,-0.632,-1.147,-1.109,-1.253,-1.462,-1.256,-1.022,0.243,-0.76,-1.093,-0.926,-0.043
"2020-02-01",-0.68,-0.744,-0.928,0.16,-0.849,-0.983,-0.671,-0.613,-0.812,-1.042,-1.074,-0.109,-0.055,-0.951,-0.821,-1.054,-0.985,-0.816,-0.669,0.316,-0.412,-0.641,-0.449,0.258
"2020-03-01",-0.516,-0.5,-0.607,0.078,-0.463,-0.669,-0.296,-0.26,-0.599,-0.645,-0.858,-0.078,0.355,-0.691,-0.458,-0.825,-0.563,-0.544,-0.577,0.487,-0.227,-0.552,-0.259,0.299
"2020-04-01",-0.292,-0.149,0.011,-0.06,0.073,-0.17,0.333,-0.021,-0.055,-0.177,-0.218,0.005,0.456,-0.265,0.089,-0.22,-0.11,-0.001,-0.013,0.653,0.161,0.088,0.289,0.385
"2020-05-01",-0.757,-0.796,-0.491,-0.933,-0.28,-0.593,0.02,-0.343,-0.589,-0.564,-0.526,-0.833,-0.056,-0.659,-0.102,-0.59,-0.808,-0.392,-0.531,-0.245,-0.346,-0.629,-0.155,-0.553
"2020-06-01",-0.147,-0.185,-0.48,-0.416,-0.865,0.011,-0.973,-1.356,-0.88,-0.345,0.394,-0.101,-1.781,-0.834,-0.8,0.492,-1.117,-0.128,-0.639,-0.5,-1.552,-1.421,-1.106,0.094
"2020-07-01",0.777,1.718,0.174,0.442,-0.081,0.922,-0.646,-0.177,-0.044,0.201,1.472,0.64,-1.283,-0.023,-0.27,1.89,0.537,0.51,0.163,-0.171,-1.557,-0.897,-0.537,0.435
"2020-08-01",0.605,1.398,0.209,0.46,-0.5,0.528,-0.763,-0.362,-0.375,0.301,1.231,0.587,-0.91,-0.22,-0.601,1.115,-0.19,-0.03,-0.401,-0.35,-1.241,-0.906,-0.991,0.537
"2020-09-01",0.127,0.061,0.005,0.165,-0.339,-0.183,-1.207,-1.016,-0.045,-0.089,-0.033,0.304,-0.996,-0.272,-0.899,-0.01,-0.639,-0.54,-0.691,0.039,-1.045,-0.763,-0.935,0.373
"2020-10-01",0.139,0.133,-0.009,0.22,-0.166,-0.082,-0.355,-0.44,-0.087,-0.123,0.428,0.334,-0.53,-0.232,-0.317,0.079,-0.893,-0.213,-0.412,0.123,-0.467,-0.477,-0.256,0.263
"2020-11-01",-0.848,-0.282,-0.898,-0.904,-0.972,-0.824,-0.986,-1.28,-0.931,-0.447,-0.201,-0.794,-1.113,-1.031,-0.932,-0.161,-0.952,-0.852,-1.198,-0.835,-0.952,-1.34,-0.489,-0.948
"2020-12-01",-0.767,0.194,-1.089,-1.123,-0.74,-0.822,0.301,0.136,-0.612,-0.679,0.593,-1.063,0.006,-1.066,0.007,0.132,-1.64,-0.358,-0.506,-0.804,-0.286,-0.477,0.383,-0.744
