fecha,spei107,spei117,spei123,spei200,spei201,spei203
1981-01-01,NA,NA,NA,NA,NA,NA
1981-02-01,NA,NA,NA,NA,NA,NA
1981-03-01,1.29838045493724,0.982529324523882,1.14442975973271,0.425419759929251,1.03806519743929,0.613962001188914
1981-04-01,1.23884741285809,0.860448611574518,1.19376525064907,0.540653901248151,1.20013880465673,0.894415242808911
1981-05-01,0.743683379014892,0.485744429283637,0.995764887577919,0.250766184052182,0.617123267946947,0.887951199139606
1981-06-01,0.255514868110172,0.476990296451966,0.548988636587521,0.571289914425848,0.666079957816588,1.19455007218937
1981-07-01,-0.390922616656431,-0.742420350168904,-0.0493107730087307,0.352584884482715,0.287761204098587,0.581485288342279
1981-08-01,1.03118485143363,0.438041765372995,1.67641827212235,1.06895376954836,1.05116997016191,1.36379204605311
1981-09-01,1.73010329882326,1.78955631743707,1.88717962739744,2.19702004430688,2.03395413956855,2.11763477477935
1981-10-01,2.02617516593779,2.12716687294488,1.85977866476819,1.99640776677578,2.24149177242426,2.24457643381187
1981-11-01,1.27453767161524,1.0797185419169,1.16717133585851,1.0857694529467,2.00956561283649,1.53358358208041
1981-12-01,0.614121626568239,0.694083832103216,0.405142881367963,1.09266214395376,1.46775839510117,1.4381508874525
1982-01-01,0.615415523498763,0.774776018752833,0.564892914561618,1.02797710050096,0.920698807368903,1.13702781638586
1982-02-01,-0.0583209154344018,0.113355245670767,-0.0582531315227784,0.337028869178418,0.331817006216924,0.486036096836145
1982-03-01,0.124705400862795,0.308854888482613,0.161447974446423,-0.0454063967991621,0.291181057903272,0.369197903056592
1982-04-01,-0.0823773548809879,0.0529475710946218,-0.0925409198927425,-0.516559451810358,0.101011676174071,0.0379446895905027
1982-05-01,1.13785243431024,1.28594144983102,1.02785950656317,0.447128285675885,1.2918306615841,1.23153209290702
1982-06-01,1.7928701764637,1.94996238596287,1.9799097250947,1.43974441910573,1.40510588653188,1.92346392028056
1982-07-01,1.41555567660849,1.39300663578636,2.0286070846029,1.06185290550537,0.832652634959414,0.953184360072505
1982-08-01,0.993785769904488,1.0145098850985,1.10501990694788,0.477453715631821,0.641132862032308,0.392684453795927
1982-09-01,0.24908610382014,-0.110644165570061,0.334683392454105,0.523213402392808,0.432939111592281,0.206955229603713
1982-10-01,0.871979713979815,1.42174071400641,0.878208668098332,1.52289113723025,0.482118613896776,0.874914899683632
1982-11-01,1.07313694299886,1.01561926712246,0.988400256137204,1.8589274311808,0.637685200219043,1.28225840331331
1982-12-01,-0.537458969161218,-0.683340595538274,-0.357597588969032,0.388460096351559,-0.832799248622525,-0.223219862930193
1983-01-01,-1.40815674128997,-1.73459948327152,-1.36607177068913,-1.44679681771573,-1.30472817426755,-1.6604742442933
1983-02-01,-2.01120295734298,-2.05745235035245,-1.75262269940047,-2.07644166043419,-1.71952347204374,-2.33240267609803
1983-03-01,-2.153146871752,-2.30602142142299,-2.10416041154164,-2.20355098609066,-1.70868855168925,-2.77546708282469
1983-04-01,-1.60096033305673,-1.6923005545722,-1.47773049289322,-1.81870944233852,-1.51712925289727,-1.76164115070454
1983-05-01,-1.40587237249288,-1.4757135219904,-1.49622775172378,-1.63436363006381,-1.59337034258309,-1.5401459200505
1983-06-01,0.0308488731662187,-0.468302858317409,0.467794814708986,-0.932689187443189,-0.647103127929026,-0.1649370212616
1983-07-01,-0.292958748931401,-0.445724296228092,0.41263497542927,-0.537764981338115,-0.45037091901733,-0.642251381539576
1983-08-01,-0.130844575963531,-0.385569733536836,0.445227441362201,-0.47343061329514,-0.146466311272687,-0.0915301782416423
1983-09-01,0.649849094754364,0.390965700939451,0.502449960371487,0.144469854318999,0.154492025546549,0.529140197490346
1983-10-01,0.155871088827336,-0.109420839423501,0.0971088036687644,-0.222636530492828,-0.370180753919485,0.0302834342529695
1983-11-01,-0.426623104117599,-0.640478219098086,-0.384510731092612,-0.575464114941872,-0.940352087935834,-0.662071931694567
1983-12-01,-1.0769804913932,-0.750954918992506,-1.1470876830146,-0.333254342331786,-1.06257548723665,-0.644680718664772
1984-01-01,1.77837265464622,1.88710324656278,1.54801184385976,1.79035502313269,1.89912605316372,1.75378388329842
1984-02-01,2.16940294609082,2.3223130512752,2.05546242626429,2.29140040428844,2.2987377474755,2.2980097522817
1984-03-01,2.34634475529723,2.60484207636319,2.44479870669602,2.44428558408402,2.61469838584313,2.51330863812444
1984-04-01,2.04332186723725,2.34027100415369,2.25719506506718,2.05147277696862,2.29393573300515,2.28856047153872
1984-05-01,1.55743990135129,2.13746788184808,2.03868515868091,1.54288468315714,1.60980449306211,1.83135534420026
1984-06-01,0.75723862713519,-0.296169933887188,0.532264061702279,-0.0444105715046709,-0.393462480275638,0.823069934498272
1984-07-01,0.172534248481252,-1.0750882566229,-0.125313118667677,-0.7278576054985,-0.601598883195966,0.810909015199333
1984-08-01,1.15109368464462,-0.248606780381363,1.00894845486721,0.249105924245535,0.463334985883553,1.02513430138279
1984-09-01,0.675671419441051,0.216862813039505,0.954074299240844,0.735469729880262,0.58269150839618,0.546806156857347
1984-10-01,1.09662876552945,0.821796996912764,1.38451086405469,1.27005143293435,0.949757756974569,1.17538422353131
1984-11-01,1.69944650496336,1.66525429849354,1.74926086934644,2.33210763949448,1.35723913439758,1.97753590345676
1984-12-01,1.41941019090727,1.19975363250732,1.46266854390384,1.76141366618127,1.21284001783405,1.36022854246715
1985-01-01,1.08652441808297,0.546697263543883,1.13712899616369,0.888869544294088,0.895184372306178,0.776643172316942
1985-02-01,1.20189251399648,0.708702881320788,1.08294670666361,0.690210318937744,0.779136066578582,0.766446850596294
1985-03-01,1.10273778749,0.659360188527271,0.97794177241539,0.875541942282226,0.897624650685139,0.787974947083725
1985-04-01,1.47628813101432,1.19625300801508,1.18452042490704,1.37897610053061,1.37848648196225,1.24474388750166
1985-05-01,1.31407384302604,0.89682990342566,1.07276604921699,1.17388758110945,1.43075854783174,1.08647285504414
1985-06-01,2.31145487073832,2.24776376351125,2.25874338746479,1.94088719622996,1.47502277247642,2.12228912065435
1985-07-01,1.27164712908034,1.60448103993571,1.19321615088347,1.14023621927581,0.488869823066165,0.415826748569001
1985-08-01,1.11483148963791,1.55429653799371,0.894314359039162,1.01289594121945,0.502356042863871,0.56647094178573
1985-09-01,2.08297632313464,1.69949512976194,1.70614647643169,0.725568489744498,1.45226399611347,1.14911746603535
1985-10-01,1.39586050599917,0.778900651440464,1.18986369721909,0.358440726248039,1.05602224623637,0.585441542429069
1985-11-01,2.07484849612358,2.23519343550601,2.07902906880627,1.25792371821437,2.00838938078947,1.94335327272639
1985-12-01,1.7940241400108,1.94402071959301,1.74691560167322,1.52247643177983,1.87337155209253,1.87812248366856
1986-01-01,1.04423494147933,1.15953359838527,1.15640679236201,0.811427198526211,1.08694277226249,1.08569875186307
1986-02-01,0.574047290160683,0.444020018700423,0.631898458364923,0.566751759161189,0.416348067763038,0.759610791558904
1986-03-01,0.751284086858549,0.738826626559899,0.947364433345641,1.01669554259671,0.59994884882587,1.14351757244709
1986-04-01,1.16035491251467,0.996880260524448,1.18689677194154,1.30454845506508,0.946796614682559,1.40448354249713
1986-05-01,1.89976872499712,1.59571811283977,1.82756598762527,1.80552505185389,1.7095500425642,1.80704562315119
1986-06-01,1.67826073755683,0.894793770308508,1.29583028211624,0.457302623161306,0.701351383629575,0.53992739525952
1986-07-01,1.44700181730682,0.297857192677576,1.79917754982194,0.851658743092973,0.779509540122329,0.892174083700447
1986-08-01,0.88776278950174,-0.0167398486841205,1.099723452409,0.629890937651742,0.547756097514444,0.582309444744468
1986-09-01,1.42823170510709,1.40267840583884,1.7003359479234,1.3836284788274,1.60030278658408,1.18086920417319
1986-10-01,1.10291232243202,1.01198360457887,1.47300505975691,0.265888323338232,0.810392676759346,0.653020596761568
1986-11-01,0.660203899962733,0.604378740880402,1.02113818762936,0.274212385749163,0.886708841224078,0.45923801022237
1986-12-01,2.08226146083325,1.85002171132161,2.13057956832975,1.23434968124995,1.26924014077767,1.54183337388269
1987-01-01,1.77568996815063,1.70417673943078,2.03766498464895,1.81509053343751,1.51163014400207,1.73212200139126
1987-02-01,0.987960456437926,0.730375551087009,1.28920353401096,0.861976770115609,0.407387888883519,0.969089207960553
1987-03-01,-0.0621691674985766,-0.38591940481826,0.0722403580941999,-0.0569739954773297,-0.504996107208522,0.00351442754969086
1987-04-01,-1.44404478667466,-1.56441079310267,-1.53718188116369,-1.65465163753093,-1.62320576590097,-1.79440360960626
1987-05-01,-0.513387793616203,-0.97132795505355,-0.834935106975935,-1.45428097485441,-0.776965074368713,-1.29673009871306
1987-06-01,0.153213458355519,-0.280117984061913,-0.213608122338282,-1.13339984960603,-0.440691023668966,-0.54648783006497
1987-07-01,1.08894354786054,1.02736812084082,0.687291810550237,0.661527647548175,-0.074675995330398,0.1259052050019
1987-08-01,0.530924726888338,0.790701828093601,0.405324421484298,-0.0733437228417483,-0.256890114609476,-0.583178625678627
1987-09-01,0.0366758555477459,0.408456730630899,0.132552931494322,-0.216084818756953,-0.578685096290704,-0.759525785027516
1987-10-01,0.136310913479958,0.400713525077658,0.180963255630938,-0.500059581732416,-0.247309126882446,-0.100220931474816
1987-11-01,1.42237456939751,1.59423590409141,1.35762650054065,0.860564591328331,0.800864701934325,1.45933186483247
1987-12-01,-0.267691577211384,0.286726010223913,-0.387921180711414,-0.499240459232704,-0.410100141272228,-0.373025573128734
1988-01-01,0.0436764803852808,0.173266558659598,-0.176936517492322,-0.0384345249545734,0.0807845372331259,0.197900278318793
1988-02-01,-0.55615041141977,-0.550426991689453,-0.735700706186611,-1.01159886196173,-0.78812873878821,-0.922472134098116
1988-03-01,0.39780215165618,0.0312063731190411,0.45182604726056,-0.258523658716744,0.238363883545014,0.00126931411597933
1988-04-01,0.262563869678833,-0.190660218217032,0.422574843578521,-0.423243723878741,-0.235580367609274,-0.597671694213285
1988-05-01,0.960512193983292,0.451376973984084,1.15403450593193,0.759882897580769,0.782621634756282,0.493119536589698
1988-06-01,0.437984325303846,0.701585073905239,0.290832196553606,1.1679692768306,-0.254233519367482,0.0385415217987894
1988-07-01,0.722136617090409,0.895502294618336,0.515560465357274,1.12744949285786,-0.258647033183378,0.429334045022277
1988-08-01,-0.718927264465331,0.256605090782294,-1.15147807065995,0.290204375705536,-0.734351697583556,-0.485076535671628
1988-09-01,-0.972535287890417,-0.944330610877387,-1.26278029402221,-1.24180261119023,-0.797494864161753,-1.07076060025221
1988-10-01,-1.18067231515305,-1.42880727611832,-1.50620017104096,-1.72608117485146,-1.34637446498301,-1.65343856432654
1988-11-01,-0.915303272622475,-1.50749192961591,-1.04659335715612,-1.58917545394946,-1.35210695478202,-1.60973934883792
1988-12-01,-1.25896844683845,-1.4394386676373,-1.52644319367738,-1.37767192374008,-1.32384316596762,-1.44017033971566
1989-01-01,-0.945137981790523,-0.961457222789788,-1.36933317759029,-0.598584522287868,-0.790798416616179,-0.691337652074909
1989-02-01,-0.793477118188761,-0.909118052323841,-1.40832814066956,-0.086508993303215,-0.452890856665543,-0.29433531891643
1989-03-01,-0.792419049599675,-0.669860147060031,-1.27063038349635,0.165979228769994,-0.639008548586804,-0.135968281469212
1989-04-01,-0.330024562387309,-0.164620380861501,-0.370690738484798,0.523692408133982,-0.333897589639697,0.199178262601125
1989-05-01,-0.0492642585441404,0.585948941908086,0.202966185384628,0.693585372834196,-0.168405725031853,0.381957194694906
1989-06-01,1.20453692981554,1.6075142439919,1.520235453785,1.63566259841967,0.923265918374498,0.728753075979794
1989-07-01,1.08991811149554,0.998660667315326,0.00803850258483856,1.53418555868944,1.23581400685403,0.59939837095902
1989-08-01,0.863361070368399,1.11770131325665,0.560882007805322,1.41566872760588,0.997975413340534,0.426332709675203
1989-09-01,0.103851441075225,0.267394558581254,0.0289003673048434,0.367427947703625,0.544330692639987,0.403677619416822
1989-10-01,-0.954609975593691,-0.909034113095543,-0.843662451725055,-1.21073054205649,-0.855734387276542,-1.0537877914049
1989-11-01,-1.06167493077459,-1.17670347318098,-0.866856462576981,-1.41695322584115,-1.19695200396811,-1.30106138926922
1989-12-01,-1.94023062309995,-1.80360094211819,-1.68701349577692,-2.01529170359928,-1.60671019219433,-2.26106211868417
1990-01-01,-0.964829711748493,-1.24669086782163,-1.04390743825322,-1.48641008054355,-0.811382329605691,-1.09929290437509
1990-02-01,-1.28977088260643,-1.37508432925077,-1.28784081290683,-1.52913625680928,-1.15523353649465,-1.22377478367467
1990-03-01,-1.29874472876312,-1.54475334461807,-1.48153284607909,-1.52924469766908,-1.27071350575551,-1.06193659389504
1990-04-01,-1.46968211181271,-1.50601259095203,-1.52166033689261,-1.48133881624132,-1.70703351285087,-1.30911302778362
1990-05-01,-1.2166407462816,-1.54164206154397,-1.50823427658391,-1.38675817120664,-1.36692262520707,-1.2931464471423
1990-06-01,0.521822292188359,0.707726627431447,0.21470381123881,1.00979995754035,0.854214794499214,0.800022273187764
1990-07-01,1.91018476358964,1.28755123164784,2.08704503752652,1.74778751619205,1.21730499522561,1.68589697173984
1990-08-01,1.53642442076978,1.36098583397285,1.56323361682849,1.71152855711589,1.00690692991711,1.45022396241602
1990-09-01,0.50031217887874,-0.10906388240685,0.413767044320049,0.616145924181464,0.039275804944889,0.464925992164071
1990-10-01,0.604554285870533,0.594109333668609,0.383059513121042,1.23131134898478,0.466327525497799,0.725299621687854
1990-11-01,0.88126832212361,1.27806845420094,0.85945397242215,1.45759909910665,1.16705403310603,1.02903090625065
1990-12-01,0.730329452763286,0.727865860697023,0.919369343454421,1.07354794919372,0.844475252415998,0.607906909995405
1991-01-01,-0.366707662721301,-0.281503070318901,-0.222724208465436,-0.430137172621396,-0.363298250471323,-0.507649637078809
1991-02-01,-0.959769433316661,-1.02807435725119,-0.805092749065935,-1.17205249839473,-1.25110376811722,-0.99233867169435
1991-03-01,-0.884447883681779,-0.794650939418782,-0.992105980414339,-1.21781581531872,-1.40738581518531,-1.17828624097858
1991-04-01,-0.746108919178253,-0.644016756444727,-0.770867366837823,-0.929737455969691,-1.14176748340342,-0.948195126738341
1991-05-01,-0.340544931661608,0.132416815531509,-0.450481285182864,-0.408377578531205,-0.925512786703661,-0.887830155923603
1991-06-01,-1.04889644675675,0.11040585839683,-1.03229912099804,0.921769166454951,1.08097347289954,-0.0689767846826506
1991-07-01,0.36510612610577,0.605130325413502,0.429838809376906,1.41874265321392,1.22679574696511,0.887235896847362
1991-08-01,0.069881710816759,0.484611179661663,-0.385501709001625,1.18993179159312,1.1518133176397,0.578107027457988
1991-09-01,-1.04753934108042,-0.677587584560467,-1.12394814774001,-0.39798490037952,-0.242683239857915,-0.52534623738358
1991-10-01,-1.29670628817132,-0.60674506234228,-1.36593216761202,-0.408922106615441,-0.896624350372219,-0.80316433011459
1991-11-01,-0.68378433732576,-0.166209862352131,-0.555651663566319,-0.412660592562637,-0.914585194269712,-0.396321442993804
1991-12-01,-1.70811509466279,-1.39102044508953,-1.25667983179912,-1.73396585164647,-1.79122263561866,-1.37180237230062
1992-01-01,-1.12095393781471,-1.15957427145389,-0.887013123215456,-1.53814803256522,-1.31921868024434,-1.10880657983746
1992-02-01,-1.68349169465407,-1.69747693874994,-1.46526187152288,-1.70213625556478,-1.65439169152855,-1.63209368518688
1992-03-01,-1.86482285118956,-1.9328850176294,-1.81358572827335,-1.79804676114507,-1.81622311591443,-1.89757377666883
1992-04-01,-1.86599432069829,-1.87614771326605,-1.88188455790894,-1.71306238793008,-1.84847902897853,-1.80920646657879
1992-05-01,-1.77086636731995,-1.61117121333151,-1.66192297707123,-1.71997673261063,-2.03254176180974,-1.68867067320953
1992-06-01,-0.596325709170559,0.546196756734865,-0.39075698834346,-1.27968095184743,-1.44024660454666,0.232602393893775
1992-07-01,0.419776359816252,1.45040502249206,0.604712234299604,-0.344513171172012,0.00015923019661456,1.08921970137154
1992-08-01,1.63717398167862,1.91672208108714,1.66641991912556,0.7297134034393,0.975119929007737,1.62519940956223
1992-09-01,1.33141122431588,1.49331629448891,1.25517931941697,1.50371935190195,1.13960742871863,1.61602415425653
1992-10-01,1.25116575329409,1.14242632859213,1.20145476756907,1.11327752153033,0.818599615515944,1.35584084571631
1992-11-01,0.888979871865113,0.544035022216071,0.722936955177898,0.494696708168232,0.472293558611885,0.349926551806867
1992-12-01,0.632230616639816,-0.0265551247542023,0.306895987819429,-0.845741960039753,-0.147463200062182,-0.781190831158382
1993-01-01,0.871014392885711,0.282697192601136,0.555419207092405,0.112079266921437,0.559729370999429,-0.094822547248257
1993-02-01,0.0017482369633723,-0.65973261887938,-0.208366255867677,-0.667504045022005,-0.151882450918552,-0.873830222331471
1993-03-01,0.182647151153544,-0.695008547421244,-0.116928279464713,-0.377086833598922,0.00366633126281119,-0.637367714161002
1993-04-01,-0.770051345594856,-1.37059256203163,-0.95335351519535,-1.00381621192709,-0.828394373256163,-1.17184130827932
1993-05-01,0.287849618809195,-0.489096742669365,-0.0884584455391406,-0.271018111170536,-0.220313387115722,-0.112433740439577
1993-06-01,-0.394435652577441,0.0899962287381341,-0.701758241605033,-0.408819313357669,1.01018986523941,0.355732740964267
1993-07-01,0.919754493454812,0.940912777788989,0.858265557377615,0.191277086588362,1.06585722615061,0.745829884503383
1993-08-01,1.23738006242009,1.19927941890577,1.16698397257571,0.758283934613088,1.29658224820378,1.06481258997646
1993-09-01,1.23452616053698,1.53478443872431,1.25411801704329,1.29373871047768,1.02582104017715,1.17669439205561
1993-10-01,1.0546270767251,1.13892425734578,1.18187820430273,1.08869982544326,1.17000696906391,1.16814252123745
1993-11-01,1.18210828919468,0.894775003470838,1.16722759629542,0.762121174032237,0.611502991490344,0.772757640241602
1993-12-01,0.799819184942188,1.03137757541605,0.884322016374989,0.414193720160565,0.57463267160385,0.613261785806805
1994-01-01,-0.355881997822117,0.0440146455151185,-0.2632061751884,-0.221386988790994,-0.806265594740695,-0.263567991331744
1994-02-01,-0.298463639624129,0.237517182641026,-0.262628239410644,-0.173222346318973,-0.766799851113,-0.065166066111599
1994-03-01,-0.590022662230873,-0.387694479135353,-0.616791769172893,-0.552359813467915,-0.881369869560109,-0.441241624981668
1994-04-01,-0.0854022665169256,-0.0808393748246852,-0.158446073117348,-0.275640245525982,-0.2665417554957,-0.0842712152797936
1994-05-01,-0.783823046701098,-0.965583268808563,-0.5709262152512,-0.85211143479315,-0.206633626306588,-0.775370455661557
1994-06-01,-1.02073191840342,-0.644025744949016,-0.10597481363974,0.154481083741879,-0.378230293465084,-0.499937769596768
1994-07-01,-1.10368336100997,-0.407714306907198,-0.314315999920324,-0.1515633342565,0.168184623980554,-0.366516702129275
1994-08-01,-0.890915547207435,-0.550299943167309,-0.420271372265036,-0.0979660187823399,0.172337429404979,-0.564574712844871
1994-09-01,-1.31463041744264,-0.963903066740679,-1.21258390487021,-0.559744476664494,-0.444901156297482,-1.19564282481766
1994-10-01,-1.30735240427939,-1.48791680467894,-1.24559917129705,-0.903079435237831,-1.1136579258889,-1.57177300975432
1994-11-01,-0.714870221388885,-0.72287420410547,-1.05224760062125,-0.515533381145263,-1.09703644363078,-1.00081371716484
1994-12-01,-0.78845602082,-0.856408451128925,-1.32567692955151,-0.0669426631418977,-1.28940758069911,-0.243805306886357
1995-01-01,-1.71345039138412,-1.45732328306769,-1.75263071246818,-1.07172295752523,-1.83428374193184,-1.33861576134958
1995-02-01,-1.66858793602682,-1.67930818164545,-1.59155142347406,-1.26500780355437,-1.80947178811314,-1.44212573060172
1995-03-01,-1.49851157205577,-1.41440765696793,-1.26500553385669,-1.28840748925633,-1.61099472427072,-1.21998880709349
1995-04-01,-0.629384182016923,-0.720681199719921,-0.444984825457058,-0.798435399457618,-0.777333781189132,-0.280185605985397
1995-05-01,-0.407631124901515,0.128304832765771,-0.310001641117398,-0.314781633128554,-0.518059923715113,0.323242836910226
1995-06-01,-0.925133242862294,-1.19644461147728,-1.00171073947423,-1.11219973143172,-0.737441807569382,-1.15368246164466
1995-07-01,-0.614336676003088,-0.834765937579428,-0.757250861977466,-0.448070549699228,-0.252034842614741,-0.531224975684441
1995-08-01,-1.09476610061347,-1.39585723084893,-0.873947003409398,-1.48224319195388,-0.621786090569239,-1.26303600256929
1995-09-01,-1.84059563693498,-1.87093084614903,-1.28848763167691,-1.86873837415558,-1.29280282040233,-1.8052886186213
1995-10-01,-1.89060629925303,-1.87745033459831,-1.49803572925309,-2.1816665242833,-1.82651158058346,-1.95444231887453
1995-11-01,-1.27481690925861,-1.29469665344659,-0.993747486227799,-1.08786507239982,-1.27496748020959,-0.962846230814533
1995-12-01,-0.491653762522249,-1.11080181205418,-0.623424620015593,-1.00691910846305,-0.795101359141249,-0.650207413230574
1996-01-01,-0.10932162509274,-0.591312664661361,-0.128781849431564,-0.718353944362848,-0.0198858718111432,-0.0987541851591775
1996-02-01,-0.566926336461678,-0.835153435641174,-0.418720960610004,-0.942251587043913,-0.526915524638399,-0.59951494157207
1996-03-01,-0.877323199962747,-1.02249054764971,-0.814296141405118,-1.10142433196776,-0.99223733410959,-0.954370481176183
1996-04-01,-1.03129284988461,-1.05553741272843,-1.0528281445019,-0.917191424974484,-1.02771927953212,-1.09422936545519
1996-05-01,-0.695674292021873,-0.85481517078836,-0.98634134550009,-0.673278069450119,-0.663669342759019,-0.775403123385051
1996-06-01,0.360323363020644,0.0603838256561367,0.608058340199397,0.376578320005323,0.568420213860494,0.438581229668189
1996-07-01,0.307516013161854,-0.498985819449933,0.700224345383168,0.127905832799635,0.196848549880638,-0.182415979325845
1996-08-01,0.260745634569922,-0.607823653455158,0.325105928332765,0.0778931927408044,0.274832783656052,0.0401933393511016
1996-09-01,0.122835845976007,-0.362490361149152,0.176171517784962,-0.0250757175735877,0.234156949024403,0.110133846610437
1996-10-01,-0.263975349194592,-0.682067350492621,-0.316492009069742,-0.667030926098526,-0.61251379619427,-0.349715607196548
1996-11-01,0.191363694452087,-0.14577617006614,0.0925979037197251,0.337398551256959,-0.458257484909818,0.450228319062343
1996-12-01,0.892852994242617,0.716597797715323,0.830778056630709,0.866235020589279,0.0563523400306311,0.607551818651183
1997-01-01,0.806809385436408,0.907173680006296,1.02416063310769,1.23638608482472,0.674400736951204,1.26230491910562
1997-02-01,1.15874951167392,1.35135330721538,1.24352160696268,1.45488844597447,0.910558164007474,1.22170610680933
1997-03-01,1.13467997181148,1.10157687147232,0.943493396511452,1.33528568174698,0.679061746237986,1.13105796220331
1997-04-01,1.18187915457837,0.963730883709609,0.722352855820793,1.13194013651167,0.461020783719167,0.615457308182824
1997-05-01,0.859061995698696,-0.00386696304650116,0.0141208662723703,0.56122366860791,0.159955610151206,0.248526326906397
1997-06-01,0.588045637009761,0.254060876451043,1.20297378889303,0.574062947300944,0.542831647887462,0.51964281979828
1997-07-01,-0.0320902234393712,-0.0349451835893012,0.562293922251873,0.580256514053531,0.216068428297175,0.358848090585929
1997-08-01,0.361382213224827,0.365869480142706,0.458312907381618,0.776578532953926,-0.00913815226687083,0.652587597113396
1997-09-01,0.820529656849834,0.929602405344615,0.927900892029283,0.872878602357607,0.0366424494327907,0.875426797249933
1997-10-01,0.157606847829458,0.356967254186603,0.691291201240659,0.14687110527405,-0.495254514674606,0.35137556956147
1997-11-01,0.112636925382623,0.241097723033864,0.389296137104432,0.159552154640377,-0.995128204843555,0.185881469371601
1997-12-01,-0.969312685017244,-0.928683320687141,-0.949050080962285,-0.552093015982679,-1.8169284580525,-0.636907608759228
1998-01-01,-0.718717547883452,-0.499030102613401,-0.890104507928587,0.0535442435714651,-1.06562629356035,-0.0428253524336638
1998-02-01,-1.36089014258966,-0.805892786213822,-1.42718507984653,-0.625802945974051,-0.982488543387603,-0.625687682539156
1998-03-01,-1.67123770790095,-1.15387940527227,-1.60981220326602,-0.817285128364666,-0.655768393330522,-0.788998918357415
1998-04-01,-1.71710760743569,-1.41075500148994,-1.57587210399331,-1.33552478433954,-0.845215682272992,-1.21301668445577
1998-05-01,-1.67235110459821,-1.91909034090507,-1.35001761648136,-1.47538563955452,-0.8955691114097,-1.20358700203281
1998-06-01,-1.80221224111915,-1.31342621290414,-2.20627050339794,-0.881875057507318,-1.91302502373517,-1.89671965121103
1998-07-01,-1.66033206158,-0.953486676236886,-1.81376951363677,-0.212673125618901,-2.38938813839528,-2.36995034952776
1998-08-01,-0.974315137241997,-0.695143864095146,-1.07172389141513,-0.894703616966374,-2.30666426710397,-1.69743487234463
1998-09-01,-1.107167558082,-1.52770920673199,-1.02747508229827,-2.03323251261188,-2.28837746173431,-1.55229856700965
1998-10-01,-0.258562761544002,-0.851929860410587,-0.274392913337915,-1.46402156433943,-0.986119495432149,-0.829622655480152
1998-11-01,0.522112346232912,0.318519731016018,0.517277711513125,0.0469866981477839,0.536504658232494,0.348579858372991
1998-12-01,-0.521042212373392,-0.910882854628567,-0.483209148453909,-0.935612565635609,-0.0876333345334365,-0.938271694626905
1999-01-01,-1.37505312352356,-1.28331546056431,-0.97977756052885,-0.836054246594025,-1.17346553505957,-1.28575943087297
1999-02-01,-0.628073081046349,-0.643752102160818,-0.401091220656883,-0.351651933848706,-1.33719531296535,-0.689123106641301
1999-03-01,0.807018935834437,0.894779973421277,0.86842998832137,1.12870977986718,-0.093599358241506,0.91943626584768
1999-04-01,1.52023280305274,1.62118088508892,1.41537515168584,1.67914218079224,0.919348310595051,1.65529253693211
1999-05-01,1.94732213015062,2.04909359319409,1.65887098315011,2.09397812428681,1.5451271627645,1.96544601765854
1999-06-01,-0.0456964920544581,0.249164277064724,0.043473203415633,0.243512870327441,-0.0885026228323978,0.503665657094432
1999-07-01,-1.15485570418463,-0.554680459481493,-1.06683010636481,-1.24376548048503,-1.6177322907827,-0.784943956024067
1999-08-01,-0.782252310685031,-0.511530650039615,-0.624460848323628,-1.14059340538307,-1.29194361641776,-0.690473112964825
1999-09-01,-0.25378402456058,-0.237894528671603,-0.665563115815906,-0.974119653559563,-1.12429953180024,-0.417371081353224
1999-10-01,0.629746861565745,0.494253881795911,0.0583458105948786,0.239766181055517,0.960408892234236,0.444459501607236
1999-11-01,0.00671359935825588,-0.135338630253118,-0.316851024571293,-0.247983780868639,0.531471102000351,0.0597706599668577
1999-12-01,-0.805589571326767,-0.794218742228477,-0.446352807191136,-0.712494847509296,-0.238165624508018,-0.98028711684863
2000-01-01,0.373226877772906,0.173071550445252,0.562491827516665,0.627376101028321,-0.475691275715145,-0.138960214874605
2000-02-01,0.29116033233704,0.538640905953681,0.45712572131548,1.01472567448902,0.270239774622093,0.433513599711031
2000-03-01,0.560006944529308,0.824896933913105,0.587389387075077,1.17453128684882,0.636560920865967,0.82681747155503
2000-04-01,-0.294954817732759,0.35699919611166,-0.307541084351971,0.563770008374731,0.183300662594113,0.479716088681681
2000-05-01,-0.30552087794822,-0.0493145624165439,-0.393766751656182,-0.0301141683267042,-0.45092263519447,-0.0658994895548967
2000-06-01,-1.42376388202556,-0.71922894659966,-1.45284980612641,-1.2401775700481,0.707918558752696,-0.875620373547169
2000-07-01,0.84039949750162,0.519540104763514,1.06474277628013,0.0716688211646011,1.29172827075259,0.691393307815596
2000-08-01,0.985991970608477,0.715024481076161,1.13179961130192,0.27785177590245,1.25375556813574,0.769174071034141
2000-09-01,-0.0967878934352049,-0.401658065630209,0.189593177446845,-0.00921043717816739,-0.222378591388319,0.0992747304505995
2000-10-01,0.276579197622818,0.230152613311386,0.453999040249936,0.394227344491107,0.704400606430955,0.341987101393206
2000-11-01,-0.252612631679327,-0.206991143538063,-0.0517703647035629,-0.293262625213252,-0.209857064203127,-0.241366499246375
2000-12-01,0.686825800038541,0.851625859413306,0.619884451904318,0.319803201839253,0.588984334083178,0.564236743259769
2001-01-01,1.96281823796445,1.94830687483822,1.7941978784788,1.47481131709697,2.03672493886197,1.9158240437219
2001-02-01,2.07697956684822,1.9998597725025,2.03763559824924,1.80971319469502,1.85779634408121,2.03884885529559
2001-03-01,2.09909919828001,1.91026500661622,2.10293966535553,1.84570499984609,1.86803252645062,2.01534250064731
2001-04-01,1.49727005982263,1.20206036355641,1.61852664243044,1.35066871017734,0.357427229419361,1.24884684960354
2001-05-01,1.03879731389608,0.83359905842852,1.06510256528359,0.951773797684385,0.48433351619593,0.806114767016064
2001-06-01,0.406949555965388,-0.0822664487171786,-0.0790473911567622,0.160024538475568,0.0732671251961002,-0.0731472675668143
2001-07-01,1.16020715648179,0.0342922563416628,0.362465712110102,0.437919335678097,0.845725395915784,0.623842152668082
2001-08-01,1.53855522852599,0.556404600477928,1.14705543686613,1.09710579155173,1.29424465525924,1.30479640595186
2001-09-01,1.00529506286322,0.916101933287513,1.06764719746866,1.73448825790455,1.6636441689202,1.72543290036559
2001-10-01,1.01081800625825,0.689405857381948,0.996473276497121,1.41890248506866,1.49943520352234,1.46052023994656
2001-11-01,-0.324925029879106,-0.669954762807174,-0.33238222259534,-0.276836786007987,-0.186678067390265,-0.376030490304321
2001-12-01,0.184644147118575,-0.734661083357903,0.126395936470966,-0.718133442738666,-0.0441060333872327,-0.939129289133724
2002-01-01,-0.841487340958478,-1.16667175580935,-0.785123440745764,-1.18111808209245,-1.23031143567918,-1.27939333464196
2002-02-01,0.542502872748817,0.30825336080951,0.375356548591987,0.304619334946783,0.217039207435478,0.165949898664393
2002-03-01,0.721304699389767,0.680440365044822,0.819588980319446,0.759256315066485,0.238250260862031,0.68332924834729
2002-04-01,1.37357818324181,1.35743507112225,1.39493479682415,1.52227783076891,1.16962905563595,1.38432491945699
2002-05-01,0.957796314849911,0.776934767374175,1.19884546283224,1.13165890811229,0.295255632452898,0.980940645305788
2002-06-01,0.461781172084397,-0.258112683431437,-0.443451466220955,0.590840939422491,-0.368481186362892,0.978672316474545
2002-07-01,0.782391308119268,0.303722843356762,0.362316711172981,0.340237957713151,0.667279169731264,1.34774970953504
2002-08-01,0.725724277064724,0.40942924948926,0.498622169535876,0.169588971112711,0.521515542022913,1.11432181968053
2002-09-01,0.503780069749501,0.663658879747277,0.28900089957787,0.633753719832477,0.894077175194569,0.803844474784343
2002-10-01,0.617373552990511,0.765221147315501,0.396177945885587,0.797329757054929,1.38607976070293,0.95750744333395
2002-11-01,0.171430990769457,0.768773135042105,0.037508375676387,0.650428373572842,1.15831062638703,0.667153407575184
2002-12-01,0.0195053608750231,0.414981689722414,0.103147602876447,0.427110739793236,0.999942769903771,0.44008104594486
2003-01-01,-0.441980059341762,-0.346845199124034,-0.491893808878894,-0.299240381416083,-0.351429899212252,-0.225690600381517
2003-02-01,-0.332827811903047,-0.506958704537041,-0.43649796139727,-0.532386061109962,-0.170332629356009,-0.405340919222572
2003-03-01,-0.204519461861601,-0.177511519713686,-0.0377042255847273,-0.194151488470739,0.177407899867296,-0.022607823087717
2003-04-01,-0.194768143669693,-0.0329389964340449,0.126536625334076,-0.097942362428046,0.173482138910389,0.0531680042494767
2003-05-01,-0.279297677406939,0.424299835145822,0.397634350256604,0.458125317358594,0.402887604424156,0.55454923428747
2003-06-01,-1.80743397681332,-1.99471085451572,-2.5630336761711,-1.27014977891417,-1.42012181939263,-1.2843987040579
2003-07-01,-1.3633924282647,-1.57948022159995,-1.65723114982963,-0.451751730001218,-1.04836120836461,-0.884797995792608
2003-08-01,-0.523705395916307,-1.24919905088418,-0.685999436740071,-0.337521131651976,-0.410621932174899,-0.237285136016914
2003-09-01,-0.170960125417842,-0.513193896607862,-0.0861554449402014,0.197451107424508,-0.0206438109816098,0.298015094703916
2003-10-01,-0.4472164922353,-0.780677170982616,-0.478810536369993,-0.518690666580019,-0.445423016276045,-0.399078657705287
2003-11-01,-0.977408727284796,-1.13944168231954,-1.15094910945211,-0.956842255774362,-0.847364757725475,-1.18288746033237
2003-12-01,-0.806733502976303,-0.723751480848928,-0.303218409199558,-0.972484913593367,-0.578345171622761,-0.696072288282092
2004-01-01,-0.235467077188642,0.100152030253709,-0.0569031714850038,0.305843398647668,-0.1972282311544,0.437790188731087
2004-02-01,-0.0256870031526487,0.311755960803977,0.0544210386581097,0.511887920135344,-0.213264054767473,0.47356903655929
2004-03-01,-0.255174254539238,0.110797544600913,-0.293494893171949,0.523280425094008,-0.528964506792191,0.282042627450531
2004-04-01,-0.456497329922273,-0.233167230527736,-0.524107148205919,0.0697942877739683,-0.747541954352016,-0.368120319631242
2004-05-01,-0.779287212441895,-0.555101771308689,-0.581220021182248,-0.0969349626096407,-0.40437969319472,-0.387544735798358
2004-06-01,-0.0722695449890678,0.984411608446817,-0.0960955016931853,-0.165434980640667,-0.142385323282443,0.107810119012972
2004-07-01,0.994251010169165,1.58766153075941,1.08018302107395,0.869697753269134,0.706371540232855,1.15336383638924
2004-08-01,0.853772552471079,1.40129028819263,0.693451459134016,0.862363862732461,0.523122412236817,1.01699974762075
2004-09-01,-0.658245842587466,-0.20912902236271,-0.664060060459495,0.80168712272792,0.0316606488965747,0.337888625529273
2004-10-01,-1.72535958585862,-1.57910826331017,-1.52650712340398,-0.557697327131974,-1.35019110808092,-0.934510025572886
2004-11-01,-2.10393388146252,-1.97411948260054,-2.1097570355944,-1.77846333481703,-1.76464376468334,-1.77299751501564
2004-12-01,-1.64826163285725,-1.75723936582887,-1.64522869735457,-2.00327007285255,-1.67292123150458,-1.86661545294726
2005-01-01,-1.07909457440313,-1.3076814664822,-1.14541663966246,-1.43642679881358,-1.40332460779338,-1.50397241011603
2005-02-01,-0.348155086752674,-0.336358243356585,-0.330943767284112,-0.537560248989861,-1.19968105438408,-0.758482541506074
2005-03-01,-0.551046677191966,-0.273065740125578,-0.445326919991979,-0.501510398142011,-1.25617188098926,-0.692230145887743
2005-04-01,-0.0200644934546648,0.311039958633942,0.123193784568326,-0.0851907846671941,-0.68104946741313,-0.032801365606516
2005-05-01,-0.792309823473065,-0.540378108692281,-0.621009771094031,-0.828879266526977,-0.76411469525117,-0.672705395619692
2005-06-01,0.0945858476571361,-0.265567575748878,0.244229053916196,-0.528579146362788,-0.232763240791267,-0.387227497997398
2005-07-01,-1.57980818258514,-1.54836900682953,-1.37039033935476,-2.19428099965515,-1.41813757449423,-1.3544701919311
2005-08-01,-1.18888919362949,-1.20791143940045,-1.18868258390445,-1.7379927050419,-1.38177616225804,-1.25995333039109
2005-09-01,0.754588504149994,0.0496735421296446,0.727019526741233,-1.13835047931763,-0.786039370774478,-0.52592853031908
2005-10-01,0.762233895622139,0.360567354892681,0.695169441103156,-0.416529743137513,-0.143839371745297,0.140607810481531
2005-11-01,1.10117409093683,0.728383272174109,1.20068289773374,0.298429309511565,0.675443789835275,0.900725685739072
2005-12-01,-0.229332100134239,-0.0741165778381048,0.0493515512071382,0.540582049526115,-0.342346804773953,0.205649693218206
2006-01-01,1.02995711412304,0.974997399056647,0.939580451825006,1.37629275141171,0.771654936492589,1.18068467191495
2006-02-01,0.536593843920029,0.50968000856405,0.451900486210472,1.04050407433935,0.0920945922610354,0.7401642654973
2006-03-01,0.721082488062022,0.710162522169108,0.641348320330403,0.989687034775705,0.348163194110517,0.962142177572877
2006-04-01,-0.203464485591679,-0.130446138453389,-0.142334071700892,0.175457318627593,-0.859452139237848,-0.0130112329423568
2006-05-01,0.33861050082916,0.329258012608429,0.479774519247265,0.420922075766982,-0.110873315519977,0.49925849021198
2006-06-01,-0.0524597480061542,-0.512645411603705,0.314477997975309,-0.44158449941536,-0.633864531324552,-0.722553852128789
2006-07-01,-0.344774005962406,-0.57940274554277,0.197214997438436,-0.440010930929593,-0.18258603226947,0.160419237167975
2006-08-01,-0.555634702797565,-0.834223952345382,-0.335357577990399,-0.659095048012394,-0.464877450242597,0.147562471976671
2006-09-01,-0.0893741551822885,-0.545533591209907,0.0958649948028284,-0.374275728086528,-0.187756220543577,0.334119112295385
2006-10-01,0.212987636734986,0.00972536239485955,0.283903238715349,0.58315651191375,0.177757310080702,0.313536172799347
2006-11-01,1.12119459268332,0.980957198081409,0.959731787666336,0.909123818522687,0.823701753609964,0.998872225743734
2006-12-01,0.276697615176626,0.128561988736914,-0.000972952825241088,0.066809763053225,0.432599564925351,0.35507335350931
2007-01-01,-0.13936752292062,-0.554239320841901,-0.305548797211354,-0.710293263906094,-0.264177298395385,-0.484624244968423
2007-02-01,-0.731656986470553,-1.05583475829808,-0.755457400510049,-0.998909542497478,-0.424363939363888,-0.941868120148409
2007-03-01,-0.185144320359803,-0.550217100931816,-0.0358402929642687,-0.378051231575641,-0.133723699940857,-0.204052656060208
2007-04-01,0.0955115133066302,-0.137041200030131,0.252598922977227,0.0955699251832665,0.493811846586714,0.404760399613276
2007-05-01,0.905352930886865,0.761122808448658,1.00037394768473,0.865492263686147,0.9014601965154,1.15641720596719
2007-06-01,0.655429531220013,0.64840951765535,0.40810087413299,0.463253040076296,0.76653448125704,-0.397510243839273
2007-07-01,0.607551233783505,1.04107390001539,0.0307856164630999,0.801492116033772,1.06086928115207,0.203813216687054
2007-08-01,-0.402948237988441,0.421669281389962,-0.914523233571572,0.280647960270577,0.591216155196079,-0.175546632594315
2007-09-01,0.706794465677227,0.695564892260587,0.397601221951774,0.308545769901383,1.00204157648141,0.767094031517605
2007-10-01,-0.349430338898922,-0.666955229024095,-0.391529874189892,-0.520937199505047,-0.0831903527242419,-0.300077230121096
2007-11-01,0.418522582766839,0.21781387672681,0.597656035422573,0.342829057645417,0.382908321680395,0.107094855225676
2007-12-01,-0.308080229360755,-0.14238325267404,-0.214571541939626,-0.0148998527640272,-0.368898075526484,-0.168752840472821
2008-01-01,0.770589515383104,0.707488252113878,0.614325625986019,1.10502546958246,0.629805023157793,0.717495577909839
2008-02-01,0.17295869312983,0.072787979401908,-0.153008421226696,0.462831166870919,0.285263947617505,0.19516407332074
2008-03-01,0.191958105086526,0.094450962512502,-0.113492202558076,0.295629183069348,0.307728511750165,0.0393582464952081
2008-04-01,-0.884184806830969,-0.7811263882403,-1.09269605809525,-0.858171886835046,-0.7599450664141,-1.01812178455398
2008-05-01,-0.451350772985758,-0.300547378213899,-0.352280223853959,-0.772012900604561,-0.621831923058103,-0.652295684419264
2008-06-01,-1.18240001400604,-1.60146866381266,-0.200167683874603,-1.1597233122521,-0.51230890903998,-0.875423978162764
2008-07-01,-0.330160900368841,-0.781620032801704,0.358104575039464,-0.338699479696294,-0.16396235150585,-0.264610775537034
2008-08-01,-0.821356259507992,-1.09481233310429,-0.514045740660505,-0.632747344043259,-1.09874567596964,-1.08236025562869
2008-09-01,-0.941947582069477,-1.22599848019782,-0.974056612984263,-1.11723535274146,-1.85358529699404,-1.33910085405448
2008-10-01,-0.683760200489826,-0.870603453520071,-0.707744585308632,-0.893380782090436,-1.49737069405197,-1.0703172797384
2008-11-01,-1.39585278232998,-1.41232205966321,-1.33210597621026,-1.7606480591586,-1.52637044700546,-1.48502394564603
2008-12-01,0.662093672942168,0.63350177612195,1.00211429758206,0.154874130688883,-0.0375409543705649,0.617985222032154
2009-01-01,-0.0464413769531455,-0.209048543848128,0.0696253121262963,-0.72598796345723,-0.734119883922125,-0.172322524159629
2009-02-01,0.217059690169479,0.259327344487853,0.347384162182027,-0.214426541690036,-0.445040958210134,0.257118539432991
2009-03-01,-0.250720754026846,-0.164605444351713,-0.231882202224497,-0.570636278779609,-1.17089532094715,-0.326361503651274
2009-04-01,0.138984421593263,0.282108728160744,0.233306719000555,0.138260582725339,-0.590482995991396,0.228846734071311
2009-05-01,0.168338468765783,0.0329902876818369,0.192839853570649,0.170140920587255,-0.756420622425775,0.0555785469884086
2009-06-01,0.174008428220442,-0.310975617224641,0.338631882391199,0.161522962537315,-0.563233592760836,0.0462037886320992
2009-07-01,-0.932779802042883,0.0752934884348875,-0.0458259636873728,0.0462401382216511,-0.910261078285548,-0.720550030552442
2009-08-01,-0.459713233484467,0.614588482177959,0.403738605552437,0.440023046091376,-0.523973474422648,-0.395958096864838
2009-09-01,0.0397271993295959,0.809187376439076,0.559234993300677,0.176971960002492,-0.668048478975846,-0.63525522971512
2009-10-01,-0.828859449042072,-0.652075518777247,-0.408263544205016,-0.740703017723179,-0.860573980291078,-1.09850953506904
2009-11-01,-0.172663259671042,0.0636943669543214,-0.317791546976654,-0.040099820385546,-0.538871294823872,-0.219619428332359
2009-12-01,1.26452629276649,1.2354593987998,1.41170053496076,0.169727435547351,0.447678750913929,0.554677763262459
2010-01-01,1.11492415509322,0.949728071450468,1.22647742901862,0.158697713825675,0.531134766190558,0.431889925064999
2010-02-01,1.05857849652064,0.65051625805312,1.17246933102693,-0.155982934901766,0.836525539162805,0.441365285303134
2010-03-01,0.360733732573071,-0.159426601391918,0.27286187700738,-0.593719247559622,0.132813297859254,-0.159807939296866
2010-04-01,0.128276937703219,-0.442045184993411,-0.0118541152312647,-0.67543373266584,-0.117572146507551,-0.287610886805816
2010-05-01,-0.578122853754882,-0.917937225157833,-0.695869622495129,-1.14374986554482,-1.60381465452352,-1.21218206992854
2010-06-01,-0.251171697539981,-0.81093075859643,0.00793134370966443,-1.57922997672339,-2.92882881416113,-1.6610212408501
2010-07-01,-1.11906584984137,-1.38112154798088,-0.92071858196264,-3.23352471516969,-2.25649783923476,-1.50080588698888
2010-08-01,-1.42603317648754,-1.63625604033471,-1.24016626272969,-1.63851912160724,-1.26923117032738,-1.56347664339498
2010-09-01,-0.933016830954172,-1.16826062904838,-0.746607958240678,-1.30327668195253,-1.29791701017518,-1.28450862393862
2010-10-01,-0.50336301245594,-0.343482560124664,-0.285285504072102,-0.525500921317018,-0.0467493603743102,-0.512518278084346
2010-11-01,-0.923240697376612,-0.762853140438625,-0.625156016911257,-0.856456601951223,-0.736363185994747,-0.649826970205471
2010-12-01,0.186122024662769,0.288937704195588,0.122068219474137,-0.32266005021558,-0.0448518917517105,0.228046878368922
2011-01-01,-1.07120318727009,-0.833035480800731,-1.21478630307096,-0.810100319338165,-1.61982038110625,-0.971687584449228
2011-02-01,0.303850661075038,0.287216858079966,0.213661712122127,0.375571600237068,-0.018876505102709,0.255961918011009
2011-03-01,0.0478354784560021,-0.033924253008682,0.0153606022749489,0.127988424805557,-0.403635145253121,-0.100773606440242
2011-04-01,0.778826411077524,0.647922963929707,0.843967039463118,0.621938438360183,0.660441089655884,0.584078874958873
2011-05-01,-0.371664995229305,-0.41634974604243,-0.312287507582546,-0.546657360457925,-1.02337466300487,-0.753302056497319
2011-06-01,-1.65896941105476,-1.20522968664575,-1.04578027538515,-0.733554757655089,-1.34750961817507,-1.55033198298532
2011-07-01,-1.42001847118669,-0.457244518365026,-0.970488095478756,-0.463847655875852,-0.698129487333575,-0.884258112607352
2011-08-01,-1.35746865566508,-0.642087091704977,-1.06184620994023,-0.712765228670982,-1.0691536608248,-0.934228544363368
2011-09-01,-1.14125734859812,-0.442258033793307,-0.999049677554174,-0.402387327056226,-0.898754971192244,-0.795329586501702
2011-10-01,-1.26145412617391,-1.13439529455947,-1.21488509646993,-0.961477090988608,-1.14735233651602,-0.941954327030136
2011-11-01,-1.32856321058048,-1.06203083884483,-1.34479159808293,-1.2926934709706,-1.29777250083237,-1.09977297402721
2011-12-01,1.19133365482606,1.31348561296365,1.0978884725098,1.02611944390952,0.350574972132418,1.40454019582397
2012-01-01,0.940318263527005,0.971425037543544,0.942857203863024,0.732582594992686,0.368330206898309,0.95961012100707
2012-02-01,1.37875529563429,1.30487697684405,1.33193068553749,1.16984621689953,1.02569492750989,1.29919181681668
2012-03-01,1.24735316083585,1.13802933037823,1.19986162914108,0.945294064041677,0.831426367000031,1.07197398216351
2012-04-01,1.41022527332343,1.23016995393375,1.26453789280266,1.17060792068339,1.14508211632115,1.30592433325616
2012-05-01,1.2681177115335,1.13422562325618,1.07758916122621,1.0938555999283,0.889662236307381,1.25448833592544
2012-06-01,0.465201637199797,-0.0674566682386812,0.480439307908485,0.278156978508171,-0.372869863939292,0.555491648503388
2012-07-01,-1.18189433399294,-1.26657436118389,-1.0128941014442,-1.34262287698527,-0.532231259071325,-1.24103511298373
2012-08-01,-0.994736674232738,-1.26436305706361,-0.897236993387913,-0.902612991574229,-0.516815397636698,-0.648471810797611
2012-09-01,-1.21149045394085,-1.43858428649856,-1.36162078054682,-1.09172090125496,-0.952686531824044,-1.04008912260763
2012-10-01,-1.16410974662016,-0.981940462413719,-1.50047415341961,-0.692237581126902,-1.41522045825559,-0.928642259744735
2012-11-01,-0.94298000697736,-0.685206988108496,-1.25611851214536,-0.570370572835509,-0.714935885937482,-0.849097839393934
2012-12-01,0.553402510021938,1.23245371734836,0.59097560969018,1.04183208069712,0.238129603600827,0.913233715533937
2013-01-01,0.178165186311555,0.809310681784222,0.323147996879215,0.487487984457901,0.290862354589781,0.510626571432523
2013-02-01,0.200947076967765,0.823920188345616,0.523663166485124,0.609822616445967,0.475819812604096,0.625408221142278
2013-03-01,-0.403399470870039,0.135626919667887,-0.041792701101346,-0.0368045655735926,0.199691872698299,0.0320219257977723
2013-04-01,-0.500455055004651,-0.116225830804703,-0.124374100643382,-0.103277410119586,0.0818900119656514,-0.0792759907594847
2013-05-01,-1.12559588230231,-0.863433663582314,-0.9251396229446,-0.86737007946443,-0.527949203232098,-0.812156226323177
2013-06-01,-0.835505803871723,-2.09225512488916,-0.83676810773057,-1.75308599218204,-0.674533390117514,-1.32351051803196
2013-07-01,-0.452089232509842,-1.43244804292296,-0.70493020413309,-0.960408496683675,-0.422520174413095,-1.11630498014416
2013-08-01,0.549767512314301,-0.439266636537871,0.748634036892877,0.0133224624044559,0.0909479178975177,0.0312337914758014
2013-09-01,-0.38398250547217,-0.620533972508765,-0.0004532509110189,-0.186519363233903,-0.309187784376633,-0.209643483708628
2013-10-01,1.14329378278628,1.20494390130922,1.03938248722777,1.1980354330647,1.02708806859534,1.32361123747996
2013-11-01,0.321087987099675,0.227704390246582,0.113116692341377,0.55018121302586,0.205732961491815,0.5175014465542
2013-12-01,1.45837128172935,1.08667621887037,1.26831087833356,1.73628286181566,1.43954720311723,1.50801211516633
2014-01-01,1.20916561990865,0.991419835347281,1.0798159106431,1.22916602674748,1.39334184552113,1.03615412209695
2014-02-01,1.0297666800594,0.672160511728466,0.858220862561222,0.812875042043143,1.37804293043998,0.824408656024264
2014-03-01,0.477849722373819,0.104904601063252,0.160906424153965,0.0292967791032166,1.0406139465956,0.276075250322385
2014-04-01,-0.282851242637871,-0.694987188008186,-0.585383334036224,-0.575365607927575,0.339843753052965,-0.315579495311951
2014-05-01,-0.486517169082719,-0.770591497219671,-0.699733362891427,-0.572947545674101,0.207362042007292,-0.211462667472314
2014-06-01,-0.283534325222425,-0.964813910327108,-0.219316225393214,-0.767639537312128,-0.132986023178532,-0.428892463201217
2014-07-01,0.188089705393044,-0.815410889932097,0.217418500983441,-0.409196135425054,-0.631980755943741,0.0507690091935227
2014-08-01,-0.248007495697264,-1.07283386965299,-0.171306244865677,-0.311179730989443,-0.247041675640115,0.0296366322209962
2014-09-01,1.56372470503741,0.975892913461737,1.54121795368548,0.930968892695069,1.32296694118495,1.0670379350279
2014-10-01,1.84071326844801,1.69181237207137,1.82613680275274,1.18479904826499,1.42790622389454,1.02984588392432
2014-11-01,1.07656348384658,0.842130013267721,1.1528315420934,0.141314492174033,0.667122510853211,0.0273992798832796
2014-12-01,0.340223795032047,-0.0642675623991507,0.116596645374628,-0.0751375564197032,0.569220508673776,-0.0274756753274112
2015-01-01,0.461957772547427,0.451937913438358,0.353723603495295,0.125391981007231,0.92639962695351,0.389302160166967
2015-02-01,0.440641476123681,0.375634350961247,0.359741862649721,0.0572613876258325,1.02773342729557,0.251778619813999
2015-03-01,0.240869900176308,0.480871527271077,0.317621210963915,0.366757751340025,0.740585005750027,0.209929743519648
2015-04-01,0.162473847746591,0.191846729997216,0.215876000469764,0.498402022166933,0.639579164135596,-0.10875646559866
2015-05-01,0.520024257365284,0.566659664657474,0.555113245879005,1.25640904498749,1.04096422256965,0.52021945885664
2015-06-01,1.3296069837756,0.821292593800503,1.44733483764152,0.918050838673846,0.783844158905235,0.027713700930517
2015-07-01,-0.0660167068980022,-0.00842097484823906,-0.0957075509645711,-0.0303222130301669,0.435209302314633,-0.211084223252196
2015-08-01,-0.388831727565177,-0.272292280644443,-0.320870593652315,-0.256255848384368,0.213668606622654,-0.215236278826529
2015-09-01,0.502681959704569,0.685642676986108,0.307501549102579,0.713484756696946,0.876886239490998,0.688939339352212
2015-10-01,0.293103464075536,0.421076982510951,0.304760959570701,0.588437278269975,0.235141612691112,0.43861268869221
2015-11-01,0.0950804012127268,0.187729725155049,0.0530973748235642,0.230254193195391,0.401155165115101,0.121309925517102
2015-12-01,-0.613398524428495,-0.184308874625951,-0.531267088696956,-0.281504484988139,0.144475664762082,-0.519700493040529
2016-01-01,-1.13274496012656,-0.950272917466294,-1.14071569171692,-1.29646745113546,-0.265226530966589,-1.19419054788196
2016-02-01,-0.400986519675916,-0.507252913112277,-0.547553388232569,-0.886673009014858,-0.299422096867995,-0.918681640448665
2016-03-01,-0.835994491187837,-0.956591639738723,-1.02900215460763,-1.27066015583268,-0.754061373021517,-1.39940299847605
2016-04-01,-0.342787008243081,-0.433256039922223,-0.556912928589057,-0.502876224725062,-0.516853944405673,-0.720311149077685
2016-05-01,-1.77212237630423,-1.3363874689128,-1.83635112479494,-0.924009611868183,-0.929762963818518,-1.38060828555906
2016-06-01,-0.571098615820799,0.790412417221558,-0.849121340080635,0.591773947323967,-0.0555515705265216,0.70254930436454
2016-07-01,-1.15174670146288,0.327261277208003,-1.38616704654664,-0.408557452769832,-1.02918933597958,-0.108973833529225
2016-08-01,-0.875051215528111,0.254847494263473,-1.10620929940486,-0.590397626064241,-0.629561955669597,-0.136903475116237
2016-09-01,-1.85357752011782,-1.58484429066653,-1.98042339219607,-0.927821411515323,-1.031665624999,-1.50644277837704
2016-10-01,-0.649311697499302,-1.25593327902516,-1.14714996608077,-0.529524630582074,0.161046481103188,-0.630149525171653
2016-11-01,-0.585334114634152,-1.0125486526377,-0.698444923415314,-0.765303286668055,-0.287967144182091,-0.846570902651132
2016-12-01,-0.570717529947428,-0.518582940176835,-0.612753386578152,-0.453568101988928,0.0590253076270995,-0.418161477405034
2017-01-01,-0.207804070420227,0.064561488878218,-0.22548348236336,0.143485031954789,0.266713896161161,-0.346619255318275
2017-02-01,-0.585269938452027,-0.199423981579562,-0.585588979671658,-0.000931608053787459,0.376873300393187,-0.429649784164601
2017-03-01,-0.274354988110531,0.089056686419106,-0.0797597262262062,0.18053516971842,0.678085633407058,-0.315536713594235
2017-04-01,-0.559668442759125,-0.172667483930211,-0.288145629554099,-0.0302421318700762,0.562743566358111,-0.242603573845246
2017-05-01,0.368003316877293,0.632294240915876,0.58909837949008,0.5477088863741,1.48131319251692,0.416468237250606
2017-06-01,0.00957501172898896,0.0259247074631538,-0.0991343788049559,0.0313238069884758,0.744228121206632,0.132500284344337
2017-07-01,-1.0231296288314,-1.28762382997295,-1.19463914312173,-1.14661142804369,-0.217868472456024,-1.02030780085845
2017-08-01,-1.94487468040673,-1.93080826412378,-1.86009112670455,-1.76635756478107,-1.61487727967819,-1.5630055512087
2017-09-01,-1.21993115260912,-0.902462973242013,-1.42079119740663,-0.753216936076696,-0.351999983578803,-0.563786313161206
2017-10-01,-0.762903322873792,-0.101461502160529,-0.950146137930911,0.511076132448384,0.362233644295525,0.444360459416309
2017-11-01,-0.723954326514852,-0.353592590025502,-0.875613546831999,0.0189026853893727,0.321042796635485,0.12215838800607
2017-12-01,-0.26395511422762,-0.374166748354102,-0.382011660054915,-0.167019773885519,0.211382687630383,-0.313370189545025
2018-01-01,-0.146300429973869,-0.241241572988003,-0.240448814987331,-0.167544865766348,0.469564850897857,-0.200477981539735
2018-02-01,0.429025651912766,0.5208512622945,0.52228040261909,0.351104347261681,1.14304315965425,0.484767865097618
2018-03-01,0.511357076444829,0.871205244259516,0.604263426716957,0.537055122090338,1.26821304535937,0.653688331786587
2018-04-01,0.629356411100071,1.06051117494768,0.724935351996743,0.666590789647422,1.3710398010918,0.748039527714043
2018-05-01,0.295297083116231,0.854345504439845,0.143093055622744,0.592127218681592,1.093028604484,0.314684321794535
2018-06-01,0.570273205363596,1.07779916433258,-0.178385833140527,2.18394481822907,2.55748206121012,2.08664385951249
2018-07-01,1.46544233419305,1.85545870212274,0.223806016061518,2.37768222870375,2.62943042515351,2.51600099826912
2018-08-01,1.45290851038631,1.85407934458201,0.550824813903634,2.46000776575072,2.60499155358039,2.20744556490814
2018-09-01,-0.0902196353729918,0.701813538678581,-0.263670272106033,0.485948049351551,0.841060162723326,0.51938481898135
2018-10-01,0.0961921066209304,0.421371383199271,0.260568589497538,1.4124718621289,0.888558019729659,1.03660445013262
2018-11-01,-0.451961830424527,-0.061035637349088,-0.220125132569238,1.12914585928463,0.667986907240195,0.619198801257965
2018-12-01,1.15406004623693,1.31239613704058,1.32813903586209,1.92587075842682,2.17307255727108,1.68193552307371
2019-01-01,0.271886591680225,0.763638803177599,0.563098306252946,0.984442040216475,0.761761626519208,0.810050037110784
2019-02-01,0.926561958789194,1.30116484211669,1.08752828117889,1.10491719409472,1.28205199350818,1.13429958486173
2019-03-01,0.355846897322451,0.78485128507928,0.379885279646212,0.402576896330203,0.576070196419868,0.506166049893557
2019-04-01,0.943963070890548,1.02255196725222,0.764750447374461,0.56680888100585,1.52177812097314,0.76797816509585
2019-05-01,0.336109371530744,0.211522703749727,-0.176375329092755,-0.0103045357776187,1.10309812419071,0.0887311049794301
2019-06-01,1.49929647374229,1.6335355383685,1.13067609180656,0.785288615657779,1.26874740739946,0.775805362742457
2019-07-01,-0.520146028471539,0.384640306456123,-1.73126316189578,-0.770810936113573,0.190633747750586,-0.950872793938684
2019-08-01,-1.40051417218952,-0.327233677967085,-1.98246818446134,-1.52548252736277,-0.745070085197239,-1.48147425334867
2019-09-01,0.12961968236292,1.22571783809092,-0.370287005719462,-0.703797860332334,0.0430938418470032,-0.701692885138646
2019-10-01,-0.215736925640902,1.02381263709195,-0.250001157379025,-0.388838919578804,-0.441389136844818,-0.86066611728257
2019-11-01,0.564477894242159,1.04355015004739,0.673264113971634,0.748420804307703,1.17755709289512,0.384465622247116
2019-12-01,-0.941609233752194,-0.911605577159322,-1.2169806168832,0.00964411980758784,0.432691401485677,-0.317881436777541
2020-01-01,-1.44966703395917,-1.36188421134588,-1.39290568623341,-1.13139926536621,0.0685978985643641,-1.2078699939954
2020-02-01,-0.962951569052837,-0.895137916238096,-0.989052880630861,-0.747719334239677,0.20457603761622,-0.740017508698348
2020-03-01,-0.734643048130763,-0.620226949713391,-0.557465295122514,-0.651244411675944,0.422614849779903,-0.673698820260092
2020-04-01,-0.12264877536105,-0.0357855284780106,-0.0340613025335968,-0.0199526589329601,0.611051085441654,0.06930875529856
2020-05-01,-0.707146396388746,-0.435598480607324,-0.386585013469591,-0.514330634451894,-0.225188522095076,-0.686083247814325
2020-06-01,-1.18586884034599,-0.0743634097457481,-1.33443227603486,-0.523925102508986,-0.452232780541354,-1.51492611454744
2020-07-01,-0.306127947443969,0.441168694341026,-0.684832157213064,0.218985339408039,-0.285815343104005,-0.977569277956219
2020-08-01,-0.522222517997441,0.00131210912816542,-0.869285695352233,-0.424379338693559,-0.602336437544232,-0.926797402376549
2020-09-01,-0.549008965806236,-0.838578237796888,-0.717626269540966,-0.993796417973987,-0.350700323472146,-0.93865495587101
2020-10-01,-0.818955045066177,-0.742703489197505,-0.667858859109637,-0.994128382195742,-0.400371914541456,-0.970887726121217
2020-11-01,-1.31165445585042,-1.07182930477563,-1.07943660038602,-1.31508976739243,-1.10216461034606,-1.49057937472955
2020-12-01,-0.75323659665725,-0.419021525201843,-0.776887004679316,-0.440763278597212,-0.946348488853345,-0.442825073985511
