fecha,100,101,102,105,106,107,108,111,112,113,114,115,116,117,118,119,120,121,200,201,202,203,204,205
1981-01-01,97.511,106.875,103.69500000000001,101.264,118.66499999999999,103.593,102.235,93.152,136.231,110.967,112.62100000000001,96.637,99.7,92.289,103.304,119.61,114.16499999999999,146.237,133.714,127.846,107.306,133.638,89.853,113.322
1981-02-01,133.446,110.072,117.682,111.845,125.737,95.05,115.938,107.30000000000001,161.989,82.55499999999999,102.784,108.18599999999999,111.732,114.888,117.947,86.76,133.29,132.876,142.14499999999998,126.175,93.155,132.224,100.699,128.118
1981-03-01,65.513,71.536,84.854,58.201,96.306,74.449,53.189,50.249,86.06400000000001,60.870999999999995,56.562,59.783,54.971,59.406000000000006,49.487,73.391,79.269,78.468,72.226,61.574,54.994,89.303,43.604,62.761
1981-04-01,18.364,11.309000000000001,7.6080000000000005,16.637999999999998,19.912,12.778,22.194,11.347999999999999,15.239,7.2989999999999995,6.502,17.191,12.049,13.027999999999999,19.512,8.8,7.276,18.891000000000002,23.934,21.204,18.413,21.07,21.654,8.588
1981-05-01,0.0,3.479,0.0,8.419,0.0,4.695,7.282,3.382,3.379,8.409,0.0,3.778,7.32,0.0,3.328,6.898,2.803,1.445,6.227,6.091,4.524,2.675,6.6419999999999995,6.522
1981-06-01,0.0,0.0,0.0,0.0,0.0,0.0,0.098,1.384,0.0,1.714,1.254,0.0,0.0,0.0,0.641,1.711,0.519,0.0,0.0,0.0,0.0,0.0,0.0,1.2309999999999999
1981-07-01,0.0,0.0,2.136,0.0,2.241,0.0,0.0,0.0,0.0,0.0,0.0,0.0,0.0,0.0,3.74,0.0,0.0,0.0,1.965,1.322,3.029,3.024,0.0,1.675
1981-08-01,13.716,8.143,4.141,16.657,11.657,10.718,9.306000000000001,10.173000000000002,12.068999999999999,8.654,12.728,13.863,5.899,11.35,12.315,7.2379999999999995,3.5589999999999997,12.473,8.960999999999999,11.193,7.659,9.268,7.047,10.568
1981-09-01,32.419,19.622,22.653,22.975,25.691000000000003,22.43,7.6690000000000005,15.001,22.643,34.507,12.198,22.543,19.233,24.271,17.116,16.424,25.554,23.907,19.907,43.983,7.548,21.948,10.274000000000001,23.094
1981-10-01,16.166,6.9990000000000006,7.242999999999999,23.885,15.14,7.901,8.401,10.674,24.309,6.8180000000000005,8.362,16.403,10.654,12.332,6.333,5.855,7.9030000000000005,18.654,25.666,37.571,13.159,33.37,9.971,21.259
1981-11-01,22.755000000000003,11.825999999999999,15.852,29.159,16.833,14.190999999999999,14.418999999999999,8.107,22.868,11.067,6.135,22.471,11.162,17.896,11.046,7.7219999999999995,30.368000000000002,16.977,24.679000000000002,30.114,18.266,34.01,18.094,28.347
1981-12-01,64.366,65.122,63.88,72.98,62.647999999999996,70.499,55.177,48.336,70.212,66.889,46.732,58.535,52.821,63.894999999999996,59.18,57.922000000000004,111.27199999999999,88.889,110.387,98.29,91.396,115.825,58.961,59.431
1982-01-01,114.729,109.18599999999999,108.622,109.478,124.329,120.846,101.288,95.326,126.134,115.645,117.299,108.698,77.062,97.839,106.021,117.351,106.476,146.755,180.106,140.532,130.444,178.623,111.105,162.555
1982-02-01,34.738,30.769,43.150000000000006,43.783,36.465,30.891,41.248,26.8,43.001,62.012,45.019999999999996,41.787,35.177,33.149,38.076,42.919,62.055,44.367,51.376999999999995,52.095000000000006,42.686,50.131,38.379,51.257
1982-03-01,85.713,55.698,87.992,122.99000000000001,77.458,60.438,62.055,43.181,80.94500000000001,56.591,40.543,91.33,36.202999999999996,60.484,80.657,52.485,73.749,100.811,64.55199999999999,70.913,56.686,96.84700000000001,64.995,79.831
1982-04-01,18.812,9.875,5.676,20.966,24.908,13.841,19.779,10.076,24.536,6.8260000000000005,8.241,14.171999999999999,7.063,12.385000000000002,18.244,12.157,4.997,26.997,28.356,23.229000000000003,15.841,21.146,16.359,9.88
1982-05-01,0.0,3.19,0.0,6.611000000000001,0.0,0.0,7.640000000000001,5.021,0.0,8.134,3.007,0.0,7.863,0.0,4.424,5.227,0.0,1.761,5.002,0.0,3.648,2.53,6.4030000000000005,5.07
1982-06-01,1.492,2.461,2.245,2.244,2.511,2.247,0.0,2.289,2.065,4.232,0.0,2.626,0.0,3.095,1.681,2.896,0.453,0.733,0.0,0.0,0.0,0.0,0.0,0.0
1982-07-01,2.578,0.0,0.0,2.603,0.0,0.0,2.599,0.0,0.0,0.0,1.638,2.102,2.768,1.681,0.0,1.189,0.916,0.0,1.661,1.024,2.143,0.0,0.0,1.482
1982-08-01,8.085,6.116,1.65,8.149,10.666,8.679,11.305,9.178,10.464,3.362,8.318000000000001,7.3309999999999995,6.072,8.489,12.725,2.96,1.5,11.218,6.146,9.567,5.385,6.4030000000000005,5.165,13.051
1982-09-01,19.116,10.633,10.859,12.373,16.167,13.573,6.615,14.837,14.691,27.222,9.906,9.858,11.979,10.306,12.853,14.438,15.01,13.227,15.108,24.71,8.471,15.649000000000001,12.24,14.604
1982-10-01,13.3,11.756,8.475,15.925,20.442,14.555,12.713000000000001,13.791,23.699,13.107,12.455,16.744,12.510000000000002,16.694,13.148,11.693,13.085999999999999,28.508000000000003,35.909,22.933999999999997,21.926000000000002,26.739,16.564,15.42
1982-11-01,25.134,16.291,21.036,30.243,27.839,16.752,13.769,11.494,38.431,18.912,9.828,23.873,13.66,20.07,10.919,12.865,50.758,22.211,59.341,34.72,24.647,56.998,20.37,33.996
1982-12-01,32.061,15.866,32.364000000000004,31.727,24.258,25.718,15.997,12.958,24.02,33.623000000000005,12.486,22.369,12.801,30.130000000000003,21.869,21.233,71.002,19.968,33.873,34.584,20.226,39.282,23.99,25.472
1983-01-01,38.45,19.119,38.763,47.4,41.107,36.088,26.384999999999998,19.459,49.34,33.832,13.969999999999999,41.519,37.763,35.044,17.299,26.294,41.09,33.514,47.596,80.438,26.435,44.758,19.741,57.235
1983-02-01,48.96,25.035,51.511,55.718,46.486,40.036,30.288,21.186,44.527,35.582,19.462,57.519,14.697,42.973,22.436,30.389000000000003,42.653,28.232,26.008,54.413,28.969,41.357,25.418,48.59
1983-03-01,22.858,14.884,24.046,36.604,17.38,11.454,10.190999999999999,6.39,21.843,15.682,7.998,21.716,15.431,18.275000000000002,11.616999999999999,13.916,25.507,18.77,21.323999999999998,34.614,16.621,23.844,14.176,33.496
1983-04-01,14.752,7.5889999999999995,5.443,17.31,19.979,12.309000000000001,14.274000000000001,6.807,16.36,5.601,4.393000000000001,12.158000000000001,0.0,14.122,12.966999999999999,4.368,5.613,13.764000000000001,15.408000000000001,11.471,11.338000000000001,14.835999999999999,12.544,6.776
1983-05-01,2.051,4.423,2.218,10.159,3.8890000000000002,3.498,8.715,5.35,5.157,7.868,3.379,4.909000000000001,7.3149999999999995,0.0,6.299,6.277,2.6390000000000002,2.6590000000000003,5.998,8.885,2.727,1.907,6.378,9.025
1983-06-01,1.338,2.715,2.29,1.77,1.829,2.342,0.6659999999999999,2.9909999999999997,0.0,4.5969999999999995,3.0119999999999996,2.141,0.0,2.533,1.404,4.079,0.8220000000000001,0.0,0.0,0.0,0.0,0.0,0.0,0.0
1983-07-01,1.701,2.0,2.974,1.408,2.89,2.252,3.3739999999999997,1.502,1.364,1.27,0.798,3.7350000000000003,0.0,0.779,2.005,1.388,0.736,1.521,1.795,0.641,2.335,0.947,2.92,0.946
1983-08-01,13.879,9.286999999999999,3.777,10.935,12.399000000000001,11.025,9.597999999999999,11.24,12.089,7.943,13.802,10.997,6.729,12.018,13.24,7.878,3.699,11.74,6.187,9.982,5.072,7.428,5.1370000000000005,11.457
1983-09-01,16.514,8.453,10.514,16.175,13.619,11.203,7.5920000000000005,10.975999999999999,16.473,20.934,6.03,11.746,11.972999999999999,13.135,11.865,9.212,12.437999999999999,14.615,15.701,27.651000000000003,8.117,16.546,13.008,18.732
1983-10-01,10.217,7.615,7.5009999999999994,13.666,6.208,6.848000000000001,5.519,10.838000000000001,8.151,8.934999999999999,8.42,10.005,9.485,10.494,6.255,6.756,9.517,7.136,7.648999999999999,8.908000000000001,5.454000000000001,6.826,4.455,6.800000000000001
1983-11-01,16.581,11.632,17.114,17.388,6.959,7.6899999999999995,4.751,6.554,9.467,14.542,7.539,16.877,7.279,11.108,4.1739999999999995,9.717,33.980999999999995,6.723,15.731,13.814,11.608,12.824,6.751,9.959
1983-12-01,21.011,23.917,32.938,30.541,37.9,30.951,30.614,14.131,51.299,33.214,12.507,28.016,20.396,31.811,27.567,22.049,71.07,63.557,89.621,80.13,60.704,80.91,50.314,60.467999999999996
1984-01-01,135.475,162.022,172.809,158.006,244.055,205.298,151.298,153.224,262.242,185.696,237.707,134.573,169.789,155.309,168.291,237.86599999999999,161.644,289.114,287.676,235.618,221.401,296.331,163.056,192.673
1984-02-01,170.667,140.928,159.985,178.434,222.574,157.738,171.823,151.12,243.168,108.997,157.424,155.077,181.739,154.828,182.43099999999998,153.317,168.128,227.385,268.563,197.408,236.823,295.444,231.202,147.651
1984-03-01,97.715,110.946,107.98400000000001,124.622,169.627,119.374,112.749,66.904,123.449,105.106,74.6,83.701,89.05,95.45400000000001,120.521,88.774,129.717,195.829,153.755,113.092,123.335,180.17600000000002,121.059,112.024
1984-04-01,12.685,6.670999999999999,4.026,12.100000000000001,17.830000000000002,8.395,21.456,9.884,17.134,3.648,4.992,7.5569999999999995,6.921,9.292,14.744,8.279,6.547,14.766,21.12,12.744000000000002,14.139000000000001,10.837,16.547,7.195
1984-05-01,2.556,3.763,2.784,5.871,3.338,0.0,7.037,0.0,3.618,8.088,0.0,3.801,7.862,2.607,4.492,6.11,3.098,1.971,6.975,6.072,4.679,3.598,6.775,6.71
1984-06-01,3.635,4.565,2.886,5.019,3.5860000000000003,2.752,0.243,3.5660000000000003,3.174,4.778,3.943,5.976,2.786,5.104,2.713,6.696,1.031,0.0,0.0,0.0,0.0,0.257,0.272,0.0
1984-07-01,0.0,0.0,0.0,0.0,0.0,0.0,0.0,3.125,0.0,0.0,0.0,0.0,3.707,0.0,0.0,0.0,0.0,0.0,0.0,0.0,0.0,0.0,2.988,0.0
1984-08-01,11.056000000000001,6.524,0.0,11.488,8.551,8.123,6.799,7.756,8.837,6.265000000000001,10.543,10.486,5.797,9.168,8.251,5.312,0.0,7.426,5.047000000000001,8.336,5.302,2.499,5.583,9.3
1984-09-01,12.18,6.49,6.982,11.695,11.525,6.822,7.506,10.764,7.4399999999999995,13.64,5.561999999999999,8.234,11.977,7.1499999999999995,9.395,6.966,9.696000000000002,8.171,7.064,14.492,5.3870000000000005,6.829,8.972,10.382000000000001
1984-10-01,18.591,16.029,14.679,32.319,21.112,21.399,14.519,12.835,22.165,14.534,12.138,19.758,10.849,18.179,14.222,10.937,16.165,17.589,24.478,25.924,22.705,28.568,28.003999999999998,18.785
1984-11-01,61.97,50.979,56.728,56.559,43.476,38.287,29.371000000000002,22.328,59.037,35.754,23.296,52.238,17.81,46.59,24.218,33.62,108.172,46.856,97.815,49.76,58.799,81.169,59.978,49.229
1984-12-01,54.153,30.678,49.169,61.969,66.57,63.18,32.021,14.927000000000001,61.616,29.503,14.638,56.256,12.61,49.830999999999996,27.663,23.37,81.516,63.182,61.254,69.333,41.778999999999996,64.842,39.94,60.336
1985-01-01,117.58,100.032,105.026,117.238,126.143,129.157,62.348,55.584,127.879,83.017,80.697,112.827,51.495000000000005,110.052,83.184,99.327,97.108,104.735,125.246,123.369,77.506,139.675,76.988,109.995
1985-02-01,100.79599999999999,103.585,94.738,94.232,127.928,115.679,188.218,149.338,168.548,93.44,119.85,97.128,190.954,103.91,185.635,133.573,116.559,150.809,191.28,117.788,161.276,167.391,165.12,98.312
1985-03-01,53.416000000000004,41.552,49.582,56.028,61.494,48.496,60.07,35.327,54.658,41.526,29.438,48.997,38.3,38.141,48.554,37.619,52.079,58.367999999999995,93.309,63.537,73.645,70.731,61.958,59.322
1985-04-01,39.766,17.395,14.165,33.025,51.888999999999996,23.052,34.566,15.668,53.241,13.109,13.387,27.712,8.068999999999999,31.162,33.495999999999995,21.635,17.155,49.637,46.084,35.663000000000004,26.955,36.604,32.723,23.651
1985-05-01,0.0,4.257,3.2580000000000005,8.189,4.478,4.36,8.015,5.133,5.703,8.374,3.6029999999999998,0.0,8.89,3.131,5.881,6.479,2.952,2.737,8.047,9.036999999999999,4.652,3.9299999999999997,6.76,7.432
1985-06-01,0.0,0.0,4.35,5.04,2.245,3.759,0.0,2.643,1.793,5.157,2.419,5.757999999999999,2.406,2.869,1.818,5.487,0.579,0.9670000000000001,0.326,0.0,0.131,0.0,1.09,1.6880000000000002
1985-07-01,1.803,0.0,0.0,2.484,0.0,1.259,0.0,0.0,2.235,0.0,0.0,2.374,0.0,1.357,0.0,0.0,0.0,2.85,0.0,0.792,0.0,1.05,0.0,1.162
1985-08-01,10.955,6.683999999999999,1.906,9.626,10.016,8.799,8.676,10.555,10.613,6.769,10.002,10.73,6.079,8.772,11.288,6.1530000000000005,0.0,11.030999999999999,6.09,8.677,5.148,6.194000000000001,0.0,9.437999999999999
1985-09-01,32.757,17.178,17.711,20.033,36.771,23.817,10.894,13.205,38.766999999999996,33.426,8.268,21.59,11.984,23.434,14.361,12.682,24.344,25.497,14.687999999999999,48.44,7.49,20.874,11.873000000000001,28.113
1985-10-01,7.218,6.159,5.703,10.593,6.193,6.214,7.372,9.282,8.356,6.981,6.813,8.676,9.613,6.134,7.406,5.947,8.178,8.273,11.722999999999999,19.462,7.192,14.637,7.039,12.699
1985-11-01,39.55,53.541,52.703,34.95,49.224,42.789,39.295,28.275,57.278999999999996,62.094,34.922,30.636,23.814,34.105000000000004,31.375,36.787,142.43200000000002,63.468,52.144,51.662,36.818,83.754,31.989,34.025
1985-12-01,92.809,67.634,99.834,73.625,92.533,101.13,55.313,41.284,96.458,80.466,41.271,72.837,40.6,119.49,63.09,57.705,179.887,98.254,109.479,105.11200000000001,112.64500000000001,107.155,87.211,72.558
1986-01-01,83.354,100.303,82.154,69.958,95.57900000000001,82.30799999999999,108.072,76.099,92.91,77.113,71.463,81.143,92.276,78.119,88.519,82.886,71.665,104.345,117.95,99.589,111.387,124.39,111.04599999999999,99.583
1986-02-01,57.506,47.775999999999996,59.431,63.972,83.034,55.334,76.139,54.886,97.086,32.741,44.484,52.181,41.351,48.831,55.051,41.734,55.342,97.76899999999999,135.589,84.171,113.26,138.47899999999998,132.726,72.67
1986-03-01,100.615,83.728,90.93299999999999,120.485,137.173,89.143,99.029,69.983,124.35,74.743,71.763,90.979,60.1,86.731,87.346,75.825,85.681,133.358,169.75900000000001,97.336,94.185,164.994,100.985,75.916
1986-04-01,21.555,13.251,10.786999999999999,24.191,23.097,15.597999999999999,21.182000000000002,12.565,29.906,4.926,7.21,14.819,8.725,14.041,22.787,8.593,10.086,20.487,18.528,15.725,12.762,11.85,15.836,9.337
1986-05-01,0.0,0.0,0.0,8.6,4.95,6.034,7.914,0.0,5.689,7.974,3.603,0.0,7.314,3.471,5.987,6.845000000000001,3.088,2.978,7.363,8.458,4.606,4.648,5.906,9.097999999999999
1986-06-01,0.0,0.0,2.219,2.194,0.0,0.0,0.0,0.0,1.522,0.0,0.0,2.642,0.0,0.0,0.0,0.0,0.0,0.0,0.0,0.0,0.0,0.0,0.0,0.817
1986-07-01,0.0,0.0,0.0,0.0,0.0,0.0,0.0,0.0,0.0,0.0,0.0,0.0,0.0,0.0,0.0,0.0,0.0,0.0,0.0,0.0,0.0,0.0,0.0,0.0
1986-08-01,11.371,7.345000000000001,3.123,10.021,12.593,9.075,11.99,10.855,10.117,6.136,10.814,11.902,6.744,9.940999999999999,12.828,6.216,2.386,10.416,8.234,9.07,7.83,6.764,7.376,9.291
1986-09-01,27.087,17.986,20.880000000000003,25.582,26.513,21.216,7.116,14.573,21.475,22.895,10.173,20.356,11.974,22.188,13.155999999999999,13.654,21.33,22.248,11.478000000000002,45.322,6.103999999999999,14.946000000000002,9.636,27.746
1986-10-01,11.082,8.147,6.951,12.191,8.145,7.487,6.163,11.454,10.63,8.197,9.321,10.835,9.634,11.155999999999999,7.027,6.98,9.684000000000001,7.251,0.0,8.634,4.289,7.563,4.163,9.48
1986-11-01,14.041,14.837,15.188,18.363,17.593,11.845,7.847,9.289,21.012,17.249,11.626999999999999,17.125999999999998,13.677,15.733,8.283999999999999,15.441,46.858999999999995,17.812,38.155,33.792,14.729,36.738,13.467,18.124000000000002
1986-12-01,97.67,136.42000000000002,104.299,107.087,163.84,159.509,95.76299999999999,112.715,152.173,72.208,86.119,91.634,104.27799999999999,112.668,130.11,107.43,126.456,158.598,127.46499999999999,131.62800000000001,92.535,134.066,92.977,119.045
1987-01-01,120.095,145.595,152.073,131.742,179.39000000000001,122.46600000000001,144.769,129.442,160.354,145.393,201.713,125.519,146.262,130.012,154.00799999999998,185.147,170.54500000000002,170.474,235.256,142.797,179.348,223.437,146.241,172.067
1987-02-01,17.437,16.945999999999998,18.093999999999998,16.766,17.747000000000003,15.940999999999999,30.063,20.334,24.153,21.524,21.619,19.186,21.808,13.775,22.308,21.989,24.499,18.866,31.149,22.086,25.101,30.34,30.610999999999997,30.69
1987-03-01,48.186,27.329,41.894999999999996,48.217999999999996,33.257,35.218,18.835,18.421,45.318,36.998,29.744,39.712,31.77,28.717,23.691000000000003,37.734,50.943,34.775999999999996,18.214,38.825,19.152,22.657,19.512,46.441
1987-04-01,8.82,3.315,4.556,10.882,11.602,5.275,8.372,0.0,9.402000000000001,2.254,3.47,8.332,5.432,9.401,7.702,0.0,5.45,6.918,7.812,7.9719999999999995,5.279,5.939,7.573,7.025
1987-05-01,4.532,0.0,3.647,12.563,0.0,5.568,7.712,5.074,5.3149999999999995,9.219,0.0,5.883,7.33,3.725,6.063000000000001,7.349,3.218,1.682,7.611,9.256,3.467,4.4239999999999995,5.851000000000001,10.205
1987-06-01,2.702,3.34,3.3619999999999997,3.848,2.705,2.7750000000000004,0.0,2.427,2.348,5.203,3.101,4.248,1.263,3.674,2.099,5.048,0.9809999999999999,0.434,0.0,0.0,0.0,0.0,0.0,0.781
1987-07-01,2.147,1.398,1.936,2.301,2.59,1.395,3.95,3.238,1.493,1.348,0.897,2.159,0.0,1.471,4.783,1.126,0.693,4.28,3.135,0.0,4.147,0.0,0.0,0.937
1987-08-01,5.915,0.0,0.0,6.083,6.266,5.5809999999999995,6.725,7.247,5.66,0.0,8.203,5.725,5.868,5.84,7.694,0.0,0.0,6.340999999999999,0.0,5.218,0.0,0.0,0.0,5.056
1987-09-01,15.957999999999998,9.073,8.147,14.431000000000001,13.389,9.899000000000001,7.966,12.846,11.796,15.115,7.829000000000001,11.222,11.969000000000001,10.192,12.051,9.549,9.417,11.779,8.611,19.702,5.527,9.769,9.165,15.628
1987-10-01,19.309,14.979000000000001,11.523,22.563,10.882000000000001,12.296,9.91,14.72,14.329,13.748,12.879000000000001,20.252,10.682,16.566,11.957,10.472,14.62,16.743,14.035,20.241,9.496,23.096999999999998,9.237000000000002,14.103
1987-11-01,21.809,13.796999999999999,17.383,26.665,47.156,32.916000000000004,23.617,19.649,61.14,14.374,17.715,21.322,14.096,13.524,24.273,12.334,40.910000000000004,47.092999999999996,56.382,51.35,32.255,77.455,23.755,22.226
1987-12-01,23.677,9.698,19.682000000000002,19.43,14.578,18.238,12.225000000000001,8.403,21.416,18.83,5.316,24.599,10.57,17.323,16.214,11.673,41.373,34.445,38.006,40.138999999999996,26.038,27.648,17.836,24.557000000000002
1988-01-01,72.229,68.737,77.257,72.518,102.516,81.787,99.022,66.264,110.841,79.813,85.14,74.12299999999999,88.301,78.673,87.026,112.418,88.364,120.31,142.779,130.028,109.235,163.035,105.956,107.66
1988-02-01,67.256,65.818,60.423,84.43299999999999,64.209,55.388000000000005,34.605,27.839,77.604,47.120999999999995,48.242,69.762,21.16,58.274,38.911,60.074,67.218,63.74699999999999,37.819,55.199,25.816000000000003,41.584,27.769000000000002,82.843
1988-03-01,96.537,67.13,90.568,127.503,111.053,64.986,42.416,38.587,100.61500000000001,60.031,51.201,90.713,40.925,60.796,82.378,62.185,92.469,87.792,108.55799999999999,92.74600000000001,53.877,98.197,53.719,132.048
1988-04-01,24.793,6.623,15.908999999999999,30.23,13.309,8.681999999999999,10.74,6.507999999999999,12.629,10.427,7.72,18.024,6.723,12.5,9.323,11.483,17.654,11.517,22.879,10.233,15.155,9.367,17.543,11.075999999999999
1988-05-01,7.164,6.6419999999999995,6.633,16.958,7.112,8.806999999999999,11.545,6.155,8.539,15.657,4.3309999999999995,8.805,11.838000000000001,7.0809999999999995,8.144,9.25,5.179,3.0759999999999996,10.244,14.455,6.982,4.732,10.185,13.88
1988-06-01,1.687,2.6310000000000002,2.604,3.025,2.496,2.609,0.947,2.991,2.151,4.220000000000001,2.838,2.997,2.6239999999999997,3.2379999999999995,1.879,4.145999999999999,0.808,0.792,0.41100000000000003,0.0,0.21000000000000002,0.093,0.968,0.0
1988-07-01,0.0,0.0,0.0,0.0,1.582,1.384,1.875,0.0,1.653,0.0,0.0,0.0,0.0,0.0,2.423,0.0,0.0,2.031,1.317,0.0,1.529,1.443,0.0,0.0
1988-08-01,3.353,3.567,0.0,5.819,0.0,3.831,5.712000000000001,6.304,0.0,0.0,7.551,0.0,5.472,3.866,6.37,0.0,0.0,5.0440000000000005,0.0,2.278,3.207,0.0,0.0,3.805
1988-09-01,16.935,16.743000000000002,10.302,15.66,12.007,14.693,7.732,14.77,12.061,28.571,12.233,13.415,11.822,13.894,11.669,15.988,23.092,9.940000000000001,8.132000000000001,24.335,5.968,8.937999999999999,9.247,14.382
1988-10-01,9.249,7.5489999999999995,6.57,10.823,5.343,6.548,5.084,8.976,9.525,7.599,7.534000000000001,9.133,10.278,7.463,7.019,6.107,8.16,5.737,5.925,8.238,0.0,6.5969999999999995,0.0,7.430999999999999
1988-11-01,10.482,9.347,9.522,11.608,7.214,5.883,4.681,5.1419999999999995,12.793,8.113,6.445,9.943999999999999,6.61,8.403,4.145,6.144,23.453,4.689,10.731,15.804,6.973,11.591000000000001,2.022,10.969000000000001
1988-12-01,43.668,33.278999999999996,49.067,44.706,34.373000000000005,35.881,29.537,24.387,46.217,38.67,18.501,36.465,23.139,38.325,26.318,27.265,79.77199999999999,48.435,64.269,71.074,51.966,62.797,35.904,55.685
1989-01-01,43.095,40.336,52.289,59.601,49.32,41.287,54.086,29.921,71.556,43.437,25.712999999999997,53.171,45.457,52.563,56.183,42.857,56.64,81.517,119.51400000000001,90.764,86.59700000000001,113.416,94.78399999999999,74.161
1989-02-01,57.660000000000004,35.501999999999995,47.485,67.542,45.892,41.447,65.551,39.604,73.361,40.633,43.531,52.144,24.31,37.93,45.832,35.366,45.139,55.628,125.04700000000001,75.972,113.172,105.648,92.391,77.725
1989-03-01,35.291,29.641000000000002,33.274,34.489000000000004,46.283,25.742,48.458,32.073,43.693,31.224,21.189999999999998,43.483,32.678,22.369,32.118,24.511,39.54,69.491,86.074,40.972,73.92099999999999,69.183,80.465,43.684
1989-04-01,24.844,24.175,10.339,28.178,35.013999999999996,19.087,35.89,15.323999999999998,20.82,8.946000000000002,10.077,14.07,14.596,20.071,37.067,13.681,13.61,31.157999999999998,30.029,14.275,28.112000000000002,15.834000000000001,26.785000000000004,12.458
1989-05-01,1.96,0.0,0.0,9.266,0.0,6.638,9.141,0.0,6.789,7.813000000000001,3.598,5.304,8.448,4.071,7.258,7.443,2.858,1.248,8.567,13.975,4.577,5.838,6.806,12.64
1989-06-01,2.135,3.799,0.0,0.0,2.904,2.999,0.0,3.2359999999999998,2.456,4.5440000000000005,3.5229999999999997,3.287,2.568,3.101,1.378,5.408,0.951,0.654,0.527,0.378,0.353,0.0,0.0,0.0
1989-07-01,3.434,2.144,2.295,3.071,2.607,1.93,4.865,4.391,3.045,1.363,2.069,2.757,0.0,2.167,5.8740000000000006,1.5430000000000001,0.0,4.184,2.649,2.01,3.081,2.786,3.505,2.047
1989-08-01,5.548,0.0,0.0,6.319,6.013999999999999,5.177,6.087,6.5600000000000005,5.221,0.0,7.411,5.706,5.991,0.0,7.013,0.0,0.0,6.351999999999999,3.505,5.384,4.028,2.816,4.12,5.125
1989-09-01,12.837,6.9079999999999995,7.004,12.053,10.636,7.89,7.288,10.528,9.376000000000001,12.619,5.7219999999999995,9.245000000000001,11.112,8.33,9.806000000000001,8.197,8.335,9.521,8.292,18.336,5.823,8.698,9.895,13.201
1989-10-01,10.653,9.171,6.4399999999999995,11.219000000000001,7.3709999999999996,9.728000000000002,8.125,10.922999999999998,9.305,6.313000000000001,8.334,11.767,10.027,9.142,8.55,5.791,8.399,9.692,4.648,11.432,3.872,8.335,4.134,9.597999999999999
1989-11-01,23.939,13.222999999999999,17.302,21.383,11.843,10.559000000000001,7.08,7.272,15.128,13.099,7.297000000000001,19.019,9.041,15.666,3.598,7.759,39.187,7.454000000000001,17.464,18.436999999999998,9.038,17.472,7.648,14.998
1989-12-01,29.205,20.413,30.109,35.257,28.091,32.744,15.901,14.755,30.983,26.553,13.063,28.98,12.568999999999999,28.523,15.551,20.535999999999998,64.551,30.292,38.711,51.775,26.326,30.978,26.037,32.842999999999996
1990-01-01,74.477,65.148,108.97800000000001,71.021,69.726,66.65,39.068,48.007000000000005,82.976,89.58,91.357,67.59700000000001,65.05,70.421,57.934999999999995,97.248,125.554,75.31,80.333,106.797,54.962,114.603,49.455999999999996,90.07900000000001
1990-02-01,43.799,37.689,43.618,56.817,43.424,41.738,28.087999999999997,15.629,45.851,37.808,21.632,47.084,20.012,42.068,17.936,36.749,43.725,39.623000000000005,43.214,34.684000000000005,26.156,60.545,29.795,85.99
1990-03-01,23.060000000000002,12.620000000000001,17.608,22.880000000000003,14.77,14.613999999999999,13.468,12.695,23.759,17.653,12.679,19.304,20.317,18.515,11.826,15.369,20.219,16.354,24.57,24.75,23.346,30.641,27.689,29.226
1990-04-01,7.598000000000001,4.093,4.607,9.866,8.221,5.078,8.533,0.0,9.66,4.833,3.489,6.647,0.0,5.911,6.378,4.954,4.56,7.749,8.865,8.58,6.203,5.855,8.751,2.953
1990-05-01,6.773,7.711,6.2010000000000005,19.04,5.26,7.918,7.093999999999999,5.7379999999999995,7.302,11.823,3.292,10.979,7.8420000000000005,5.988,7.362,9.721,0.0,1.312,8.006,11.575,5.128,3.126,8.36,15.311
1990-06-01,3.422,3.968,4.718999999999999,5.8420000000000005,3.22,3.576,1.177,3.452,2.77,8.873000000000001,3.944,5.775,2.932,4.842,2.419,7.0969999999999995,1.627,0.974,0.686,0.521,0.47,0.304,1.561,2.012
1990-07-01,0.0,1.802,0.0,2.06,1.841,1.784,0.0,2.639,2.034,0.748,1.168,0.0,0.0,1.456,4.011,0.963,1.062,0.0,0.0,0.0,3.223,0.0,4.955,1.444
1990-08-01,7.29,6.262,2.748,9.399000000000001,7.683,7.286,8.809999999999999,9.036999999999999,6.66,6.879,9.619,9.607,5.978,7.005,9.307,4.472,0.0,7.39,6.335000000000001,5.396,7.503,5.039,8.04,5.665
1990-09-01,10.449,5.447,5.529,10.596,8.607,6.3469999999999995,7.04,10.502,9.224,10.918,5.614,8.345,11.974,6.696,8.675,6.130000000000001,7.402,9.257,9.335999999999999,17.741,5.589,8.404,9.115,11.45
1990-10-01,23.131,16.942999999999998,15.917,28.887,19.624,21.2,13.88,13.215,24.953,12.411,12.087,24.08,9.512,22.148,13.196,10.132,17.573999999999998,22.121,29.936,26.495,21.515,28.511,14.389,18.017
1990-11-01,45.644,45.496,44.2,35.239000000000004,34.161,30.006999999999998,19.744,15.163,39.087,35.653,23.004,33.684,17.679,31.086000000000002,18.292,29.801000000000002,77.25,38.134,55.124,48.233,25.274,55.632000000000005,23.871000000000002,29.89
1990-12-01,73.437,42.544,59.236,55.583,65.077,59.534,52.986000000000004,61.917,62.556000000000004,49.689,37.408,61.725,59.212,50.778,58.625,39.414,99.288,59.822,78.405,69.888,58.801,70.452,61.853,62.184
1991-01-01,68.343,69.249,74.634,88.72200000000001,56.592999999999996,52.794,49.768,54.993,63.777,101.351,96.458,77.207,68.729,59.704,62.423,97.28200000000001,106.02,74.81,72.556,75.039,61.594,81.145,52.041,84.768
1991-02-01,49.851,45.406,52.262,54.968,49.543,40.153,26.118000000000002,28.387,54.539,46.218,37.311,49.254,30.341,39.371,36.848,46.147,57.708,42.978,48.554,45.557,28.377000000000002,70.933,25.853,43.356
1991-03-01,50.058,42.506,58.477,65.641,57.263999999999996,40.233,46.814,30.958,68.53,39.463,34.866,49.656,44.941,41.627,50.203,33.758,54.125,82.86,67.946,52.936,47.044,55.879,45.999,51.641
1991-04-01,11.025,5.702999999999999,5.729,12.472,9.33,5.827,12.581,6.971,7.422000000000001,4.959,4.633000000000001,7.562,6.524,7.515,10.594999999999999,6.739,6.066999999999999,9.072,15.089,11.74,14.123000000000001,6.1240000000000006,13.693,5.824
1991-05-01,2.702,4.173,2.968,6.605,3.142,4.343,6.684,3.389,2.761,8.687,2.91,3.185,8.413,3.388,0.0,6.284,2.953,2.106,6.936,5.934,5.106999999999999,3.184,7.665,5.894
1991-06-01,2.885,3.087,3.466,4.585,2.27,2.925,1.0030000000000001,3.204,2.4,4.526,2.757,5.101,2.57,3.954,1.738,4.601,0.902,0.707,0.577,0.897,0.245,0.22,1.2189999999999999,1.974
1991-07-01,0.0,0.0,0.0,0.0,0.0,0.0,3.508,0.0,0.0,0.0,1.849,1.852,0.0,0.0,3.628,0.0,0.0,0.0,0.0,0.0,0.0,0.0,0.0,0.0
1991-08-01,5.793,0.0,0.0,8.024999999999999,0.0,0.0,6.505,6.47,0.0,0.0,7.609999999999999,5.564,5.773,0.0,6.933,0.0,0.0,5.941,2.917,4.281,0.0,2.289,5.256,0.0
1991-09-01,10.709,5.917,6.589,9.643,7.245,6.498,6.999999999999999,10.222999999999999,6.724,12.68,6.734,9.164,11.973,5.734999999999999,10.162,6.7,6.923,10.658,8.011,18.503999999999998,5.4879999999999995,8.729,8.911000000000001,10.114
1991-10-01,8.884,9.648,11.877,9.54,7.938,9.116,7.997999999999999,9.676,9.616,7.779,8.622,7.321000000000001,9.939,8.516,6.724,6.864999999999999,12.81,11.552,13.104,9.893,8.817,11.866,8.917,7.18
1991-11-01,18.433,14.052999999999999,11.927,20.486,13.764,11.286,11.468,7.821,19.387,11.323,7.625,15.328,10.5,12.111,7.042,9.142,34.236,16.121,18.697,19.208,12.226,25.995,13.01,18.592
1991-12-01,22.03,15.715,25.11,30.527,24.512,18.989,11.77,11.617,23.004,21.891,9.26,23.793,12.075000000000001,23.39,16.989,15.779,47.799,22.144000000000002,22.841,36.555,17.573,33.807,16.888,33.133
1992-01-01,85.141,90.639,109.179,88.759,70.182,83.827,36.487,41.515,70.591,100.398,97.337,87.452,50.217999999999996,77.161,49.387,100.896,98.009,71.189,77.484,85.862,47.324,89.74,41.946,85.852
1992-02-01,47.371,12.626,39.75,58.498999999999995,26.41,16.779,11.559,7.67,34.274,25.648,13.905999999999999,51.38,6.8919999999999995,30.063,7.036,15.443,42.416000000000004,17.047,32.413000000000004,35.173,19.325,37.025,24.68,48.839
1992-03-01,25.489,17.47,21.725,29.652,11.032,10.511,9.152000000000001,7.191,12.762,17.61,15.425999999999998,22.636000000000003,18.222,18.285,11.666,17.599,26.349999999999998,12.690000000000001,9.423,21.182,5.772,16.721999999999998,5.604,28.728
1992-04-01,7.158,4.531000000000001,3.442,9.189,9.383,5.711,12.895,6.1,9.671,1.946,4.906,5.678,6.586,5.254,11.08,5.85,2.9989999999999997,7.92,11.371,7.233,7.52,6.316,10.82,4.204
1992-05-01,0.0,4.26,0.0,7.804,2.376,4.217,7.957,5.061999999999999,0.0,8.659,3.316,0.0,7.314,0.0,5.402,6.452,2.481,1.485,5.911,5.611,0.0,2.725,5.853999999999999,7.0600000000000005
1992-06-01,5.494,5.143000000000001,6.164,8.104,3.427,4.6000000000000005,0.809,3.172,2.273,5.881,4.079,8.485,2.574,7.085,2.123,7.241,1.276,0.973,0.0,0.0,0.166,0.24,0.898,1.223
1992-07-01,5.922000000000001,2.525,4.671,5.195,3.486,3.269,3.7910000000000004,4.041,4.148,1.665,2.149,4.787,4.413,3.551,6.103,1.801,1.9060000000000001,4.591,2.218,1.9809999999999999,2.69,2.531,3.064,2.658
1992-08-01,10.168,5.681,3.467,11.66,9.161,8.427,9.312999999999999,8.384,9.013,7.8919999999999995,8.932,10.537,6.372,8.786,9.898,5.329000000000001,3.115,11.729,8.041,12.719,6.835,8.815,7.877000000000001,10.16
1992-09-01,8.812999999999999,5.658,6.378,9.484,8.757000000000001,6.6080000000000005,7.589,11.215,8.125,12.61,5.924,7.201,14.309,5.478,8.861,6.214,7.844,8.558,8.073,12.553,4.843,7.901,9.628,8.425
1992-10-01,17.375,9.806000000000001,10.221,15.339,14.145,12.56,9.261000000000001,8.987,19.827,9.578,10.114,15.129999999999999,10.506,15.55,7.962999999999999,7.777000000000001,10.651,15.518,13.577,20.892,11.765,16.389,11.462,15.916
1992-11-01,26.355,24.604000000000003,26.87,26.926000000000002,17.436,19.776,11.738,15.030999999999999,27.918999999999997,23.904,18.837,23.041,14.366,20.975,14.156,17.201999999999998,54.519,18.482,29.507,33.005,19.96,23.487,18.326,22.079
1992-12-01,46.260999999999996,43.751,44.701,44.761,50.409,64.23400000000001,35.623,43.122,62.699,40.004,32.757,39.513999999999996,32.243,51.169,49.602999999999994,38.024,79.044,55.663,38.833,56.254,19.961,47.124,27.613,56.407
1993-01-01,128.655,137.087,120.81099999999999,131.361,125.739,116.694,115.845,104.556,140.249,134.364,147.946,130.023,98.071,108.907,130.553,137.663,158.617,130.966,158.262,143.916,174.175,141.084,168.581,165.532
1993-02-01,30.796,14.094,28.107,36.217,27.512999999999998,17.456,15.459,8.704,32.994,20.202,10.113,30.816,12.472000000000001,27.351,19.775,15.511999999999999,27.985,16.744,32.194,44.907000000000004,23.946,22.947,30.625,41.354
1993-03-01,51.138,42.581,59.085,45.916,57.846000000000004,42.968,44.771,20.918,76.96,47.062,36.957,39.783,49.323,41.266,37.218,33.109,51.052,49.469,61.168,44.093,42.424,59.62,62.941,43.93
1993-04-01,9.966000000000001,6.739,3.026,12.277000000000001,8.881,5.025,8.493,5.773,8.491999999999999,3.207,2.935,6.555,4.643,7.470000000000001,8.551,3.41,3.267,9.276,15.346,16.257,11.475,12.084,13.58,6.952999999999999
1993-05-01,2.663,3.938,2.827,7.6,2.957,4.062,7.118,4.428,3.577,7.947,3.1189999999999998,4.136,7.353,2.718,4.859,6.143000000000001,2.706,1.994,5.951,6.212,4.205,3.004,6.09,5.925
1993-06-01,2.397,1.55,2.969,3.674,1.419,1.301,0.959,2.8609999999999998,2.282,3.974,1.69,4.024,1.254,3.247,1.9249999999999998,2.266,0.411,0.539,0.0,0.496,0.176,0.094,0.981,1.456
1993-07-01,2.597,1.502,2.327,2.411,2.012,1.714,2.669,2.621,1.698,1.01,1.67,1.926,3.285,1.727,3.767,1.197,1.109,2.666,1.466,1.035,1.904,1.419,2.364,1.51
1993-08-01,10.641,6.649000000000001,3.4010000000000002,10.971,9.457,8.568999999999999,10.789,8.126,9.115,7.868,10.331,10.822,6.715,8.427,11.786,5.843999999999999,0.0,10.672999999999998,8.8,10.152999999999999,10.239,7.692,11.242,8.454999999999998
1993-09-01,25.507,9.419,13.384,18.771,16.715,13.443999999999999,7.398,12.285,15.363,26.117,9.103,15.904,13.745,17.630000000000003,11.227,12.328,17.34,17.971,8.971,19.568,6.352,10.198,11.801,14.462
1993-10-01,14.789,12.945,11.828,19.896,14.841,13.898,8.08,12.576,16.717,10.571,11.231,16.052,13.521,14.951,8.504999999999999,9.684000000000001,12.002,12.868,16.067,26.844,11.658999999999999,20.644,12.352,13.621
1993-11-01,48.636,36.843,38.061,38.842999999999996,33.143,32.828,17.355,12.725,44.665,30.035,14.302999999999999,34.403,10.622,38.094,13.66,25.295,83.327,26.888,40.877,29.565,23.867,42.015,17.231,30.279
1993-12-01,63.405,61.964,55.741,59.831,70.318,78.186,57.447,39.948,69.799,48.455999999999996,31.546999999999997,53.416,36.134,71.155,61.587,47.619,93.528,101.667,80.397,93.165,76.726,87.331,78.498,66.331
1994-01-01,51.212,42.632999999999996,58.999,65.462,53.217,46.554,52.353,43.071,55.783,59.966,46.032,62.888999999999996,53.295,44.97,56.949,61.154,65.614,75.517,98.154,60.634,94.598,92.121,81.228,65.702
1994-02-01,72.241,60.463,84.527,69.912,86.778,65.965,91.453,80.326,103.05600000000001,55.739,51.409,59.934000000000005,87.421,67.972,100.91,55.69,68.578,114.197,122.839,74.902,121.992,125.506,108.367,68.779
1994-03-01,40.999,29.089,36.184,48.763999999999996,39.641999999999996,29.459000000000003,18.843,11.758,39.926,27.192,15.507,42.239,26.486,24.959,28.0,25.588,34.073,29.634999999999998,27.301000000000002,56.411,31.203,40.227,35.884,58.253
1994-04-01,10.142,4.499,3.4859999999999998,12.963,13.06,7.0840000000000005,13.215,7.538,13.019,3.0940000000000003,3.394,8.817,5.952,10.816,12.602,5.489,3.904,12.593,22.442999999999998,9.902,17.19,10.22,23.797,5.976
1994-05-01,3.424,4.494,3.151,9.08,3.871,5.011,7.314,3.971,0.0,8.565,0.0,4.633,7.319,3.866,4.389,6.548,0.0,2.329,8.043,9.078,5.114,3.927,5.948,9.842
1994-06-01,0.0,0.0,0.0,2.179,2.516,2.318,0.0,0.0,0.0,3.451,2.136,0.0,1.721,2.698,0.0,0.0,0.0,0.0,0.0,0.0,0.0,0.0,0.0,0.967
1994-07-01,2.292,0.0,0.0,0.0,0.0,0.0,3.9429999999999996,2.536,2.116,0.0,0.0,1.36,0.0,0.0,3.439,0.0,0.0,2.7,1.8050000000000002,1.034,2.56,1.541,3.567,0.854
1994-08-01,5.22,5.089,0.0,6.766,6.438,5.723,7.469,7.541,0.0,5.198,9.193000000000001,0.0,5.934,5.364,8.359,5.1899999999999995,0.0,6.271,4.179,4.014,4.818,0.0,5.289,0.0
1994-09-01,13.735,6.754,6.833,13.751999999999999,10.802,8.187,7.08,13.733,10.24,13.318999999999999,7.852,9.364,14.383,8.040000000000001,9.884,8.350999999999999,9.617,9.61,8.021,14.924,5.571,7.195,10.082,11.011
1994-10-01,6.952,7.892,7.9350000000000005,11.622,7.507,8.957,6.039000000000001,9.168,12.432,8.494,7.544,9.382,9.932,9.483,5.508,5.968,9.911,6.665,8.571,11.195,6.57,7.943,6.087,9.651
1994-11-01,24.661,12.6,16.416,20.799,14.096,12.572,10.671000000000001,8.729000000000001,23.682,11.945,9.388,20.269,8.482,15.364,7.632,10.479,37.75,19.917,31.495,24.732,17.874000000000002,32.246,14.327,15.52
1994-12-01,32.902,35.991,26.842,38.064,29.494999999999997,33.051,30.019,31.172,44.736000000000004,32.407000000000004,23.086,33.650999999999996,41.649,32.229,32.566,25.296,56.799,45.491,79.97,53.658,63.543,77.0,60.208,47.61
1995-01-01,29.241,24.613,34.569,35.91,27.34,29.107,30.737000000000002,25.624,27.128,31.478,33.935,30.576,32.431,24.481,31.438,36.394,35.166000000000004,33.225,51.056,38.894999999999996,63.259,41.061,49.687,30.503
1995-02-01,79.326,49.374,79.85,107.813,62.549,56.68,17.551,15.738,66.443,56.546,37.473,58.785,11.239,51.227,29.546999999999997,51.067,90.818,39.341,56.354,63.019,34.527,66.54299999999999,27.279,77.239
1995-03-01,55.242999999999995,42.523,52.144,61.219,55.444,42.567,49.081,32.995999999999995,54.647,48.777,34.221000000000004,40.076,51.352000000000004,41.485,44.654,41.575,50.721000000000004,77.22399999999999,69.256,55.85,93.427,95.122,95.994,61.95399999999999
1995-04-01,6.939000000000001,3.74,4.2010000000000005,8.867999999999999,9.135,4.9559999999999995,9.987,4.536,8.295,3.448,0.0,5.36,0.0,6.626,7.264,4.654,4.459,7.707000000000001,9.058,5.755,8.529,5.0809999999999995,10.75,2.953
1995-05-01,1.862,3.931,0.0,6.776,0.0,3.979,6.9030000000000005,4.28,3.8000000000000003,7.392,3.075,3.784,7.212,0.0,5.142,6.019,0.0,2.052,6.234,6.138,5.4030000000000005,3.122,7.329,6.722
1995-06-01,0.0,0.0,0.0,2.179,0.0,0.0,0.0,2.215,0.0,0.0,0.0,3.21,0.0,0.0,0.0,0.0,0.0,0.0,0.0,0.0,0.0,0.0,0.944,1.2389999999999999
1995-07-01,0.0,0.0,0.0,0.0,0.0,0.0,0.0,0.0,0.0,0.0,0.0,0.0,0.0,0.0,0.0,0.0,0.0,0.0,0.0,0.0,0.0,0.0,0.0,0.0
1995-08-01,12.729,8.453,0.0,12.643,8.806999999999999,8.808,5.758,8.931999999999999,7.748,8.138,13.233,12.438,5.65,9.350999999999999,8.723,7.61,0.0,7.671,0.0,5.881,0.0,0.0,0.0,7.101000000000001
1995-09-01,12.933,6.926,7.389,13.491999999999999,13.286,6.867,6.021,11.432,7.154999999999999,15.094,6.927,10.244,11.682,7.787999999999999,8.263,8.46,9.908,8.057,8.265,16.497,6.256,8.195,8.817,10.665000000000001
1995-10-01,7.026,6.04,5.096,8.779,5.074,5.805,5.292,8.597000000000001,6.955,5.532,4.992,6.989000000000001,9.82,5.325,6.916,4.595,5.924,5.846,6.877,8.614,6.023,8.69,5.632,7.985
1995-11-01,19.415,13.372,13.582,21.652,13.887,10.958,7.878,7.364000000000001,20.735,11.583,6.688,14.052,10.523,11.845,7.147,7.62,29.647,12.987,26.097,28.384,13.181999999999999,34.5,12.243,21.069
1995-12-01,45.705,28.533,52.535,64.963,44.813,54.246,25.163,17.92,57.379,37.689,15.370999999999999,51.663000000000004,9.793,45.854,24.258,25.821,85.953,44.765,56.147999999999996,76.11500000000001,31.655,60.963,34.286,63.479
1996-01-01,86.42699999999999,80.831,95.173,80.761,94.721,74.631,62.817,43.915,91.124,67.447,56.065,90.684,53.507,71.833,60.756,78.697,90.324,92.916,95.634,107.661,77.349,124.819,73.779,104.175
1996-02-01,40.429,43.76,51.399,49.582,52.593,38.314,77.814,56.022,51.542,44.626,48.22,40.099000000000004,67.462,33.312000000000005,73.539,38.782999999999994,62.591,50.055,62.431,46.37,60.563,58.792,65.08,42.534
1996-03-01,53.77,24.365,49.742999999999995,56.402,26.403,33.277,16.524,6.596,39.972,27.393,12.943,53.931,19.15,40.297000000000004,14.876999999999999,19.388,48.816,32.955,39.898,36.357,33.013,35.375,29.957,59.879
1996-04-01,11.202,5.9879999999999995,4.341,9.436,19.172,7.122,13.275,5.946,15.929,3.359,4.159,8.308,5.444,9.949000000000002,14.405999999999999,6.03,4.603,16.603,23.786,19.546,12.658000000000001,16.856,14.732,8.291
1996-05-01,2.532,4.255,3.2249999999999996,6.984999999999999,3.904,5.207,7.9030000000000005,3.813,3.9050000000000002,9.678,2.049,4.3629999999999995,7.218999999999999,2.563,5.584,6.364,3.433,2.583,8.886000000000001,6.894,6.41,3.431,9.2,6.4559999999999995
1996-06-01,1.26,3.044,1.983,0.0,2.4370000000000003,0.0,0.0,0.0,1.541,4.498,0.0,1.836,1.712,0.0,0.0,4.525,0.51,0.0,0.0,0.0,0.0,0.0,0.0,0.0
1996-07-01,0.0,0.0,0.0,0.0,0.0,1.926,0.0,2.905,0.0,0.0,1.628,0.0,4.513,0.0,3.687,0.931,0.0,0.0,0.0,0.0,0.0,0.0,0.0,0.0
1996-08-01,11.013,6.747,3.659,10.065999999999999,7.5200000000000005,8.241999999999999,6.175,8.051,6.869,7.248,10.213,9.138,5.643,8.917,8.739,6.123,3.11,7.0600000000000005,5.671,6.865,5.118,5.516000000000001,5.585,6.862
1996-09-01,15.259,6.862,7.965,14.224,13.719,11.952,6.144,11.254999999999999,12.685,15.216,6.383,12.725,11.684000000000001,8.847999999999999,9.107,8.487,10.46,11.222,7.82,23.713,5.043,11.279,9.618,15.168
1996-10-01,6.99,5.590999999999999,5.052,8.366,7.514,6.962,0.0,8.405999999999999,11.815999999999999,5.132,6.014,9.984,8.96,6.1979999999999995,6.87,4.438,5.9830000000000005,8.506,7.505,10.948,5.426,11.190999999999999,4.436,7.122
1996-11-01,28.751,19.758,22.658,26.691,17.069,15.088999999999999,12.861,10.077,25.676000000000002,19.905,13.783000000000001,22.527,11.361,16.768,9.121,14.105,55.282,17.125,44.49,25.607,24.567999999999998,48.445,21.669999999999998,25.224999999999998
1996-12-01,55.739,66.5,66.22800000000001,55.257,80.518,80.813,52.041,38.449,86.024,51.595,41.322,67.66799999999999,33.081,68.444,71.261,49.858,112.449,97.638,100.562,103.16,69.639,84.637,65.264,60.167
1997-01-01,98.485,130.083,119.694,96.589,136.445,124.74199999999999,112.566,80.162,116.999,103.34,98.914,91.997,89.68900000000001,112.199,89.027,133.315,125.893,144.737,182.844,123.578,177.908,201.448,168.59799999999998,117.629
1997-02-01,114.217,140.941,122.113,118.868,133.966,120.26,172.678,154.809,157.04399999999998,110.712,143.544,112.554,131.323,102.588,177.504,116.485,135.656,165.638,202.629,113.107,163.693,145.72,148.902,111.144
1997-03-01,80.719,37.516,57.56999999999999,83.483,40.980000000000004,41.103,38.466,20.737000000000002,83.796,61.085,21.166,85.56899999999999,24.683,51.397,24.59,32.57,71.081,57.761,84.292,48.891999999999996,40.625,66.478,44.821,78.616
1997-04-01,11.491,7.888999999999999,5.128,9.888,15.744,6.884,15.850999999999999,7.026,12.35,4.758,4.2299999999999995,7.8919999999999995,4.543,6.071,11.099,7.253,6.367999999999999,10.338000000000001,14.556000000000001,7.684,13.086,8.166,13.518,2.234
1997-05-01,0.0,4.053,0.0,8.808,0.0,0.0,6.791,0.0,0.0,8.474,2.468,5.101,7.223,3.999,5.224,6.705,0.0,0.0,5.672000000000001,7.053,0.0,0.0,6.633,7.959
1997-06-01,0.0,0.0,0.0,0.0,0.0,0.0,0.188,0.0,0.0,0.0,0.0,0.0,2.34,0.0,1.23,4.535,0.0,0.0,0.0,0.0,0.0,0.0,0.05,0.0
1997-07-01,0.0,1.319,0.0,0.0,2.124,2.0949999999999998,2.906,2.71,1.778,0.743,0.0,0.0,0.0,0.0,4.001,1.13,0.0,2.611,1.976,0.0,0.0,1.646,0.0,0.0
1997-08-01,9.435,5.726,2.781,9.845,7.668,7.8,12.386,9.679,8.788,7.930000000000001,9.472000000000001,9.343,7.045999999999999,7.293,11.341999999999999,5.4590000000000005,2.529,12.184000000000001,12.241,6.83,14.169,7.438000000000001,13.533000000000001,6.8759999999999994
1997-09-01,37.258,21.616999999999997,21.592,32.504000000000005,29.364,21.27,12.346,20.382,23.286,41.089,14.079999999999998,22.186,14.525,19.285,17.201,23.25,24.478,20.286,14.837,36.005,10.578,23.068,19.292,28.147
1997-10-01,7.103,6.840999999999999,4.93,6.806,8.025,6.26,7.49,8.530000000000001,6.308,3.598,5.252,7.689,9.021999999999998,6.769,6.651,3.618,6.621,8.607,6.104,9.167,5.408,7.668,5.372,5.7379999999999995
1997-11-01,22.669,18.539,22.529,35.995,21.896,17.46,14.212,13.511,32.703,18.067,13.986,21.022000000000002,14.022,20.436999999999998,9.193,12.981,46.018,23.764,49.513,24.721,27.856,49.199,15.049,22.819
1997-12-01,29.025000000000002,23.164,30.051,47.328,42.139,28.769000000000002,33.511,23.386,49.839999999999996,23.516,9.519,36.903,20.525,27.592,28.588,15.755,55.274,44.784,63.315,56.859,53.297,65.821,52.053000000000004,39.141
1998-01-01,55.455,61.968999999999994,60.431,63.281,74.522,51.136,88.733,76.56099999999999,80.355,54.265,68.729,51.87,91.22800000000001,56.352000000000004,94.649,77.69,78.07900000000001,105.48,147.281,110.402,127.232,144.067,139.571,98.28399999999999
1998-02-01,48.707,30.415999999999997,45.357,60.327,40.356,42.549,46.393,34.964999999999996,47.903,41.152,27.089,50.605000000000004,47.062,42.583999999999996,36.753,32.221000000000004,43.691,62.495999999999995,67.952,75.407,55.146,70.345,58.342999999999996,68.093
1998-03-01,48.613,26.037,47.760000000000005,53.201,37.971999999999994,23.68,7.957,5.917,30.636,35.792,14.968,47.045,16.774,35.489,12.921999999999999,21.82,43.792,15.577,41.572,65.859,21.218,52.482,16.922,70.991
1998-04-01,11.401,1.142,6.981000000000001,17.483,12.921,1.676,7.8500000000000005,4.699,11.610999999999999,4.531,2.3120000000000003,10.855,0.0,11.685,5.938000000000001,1.418,4.716,9.236,10.081999999999999,11.242,5.859,9.648,7.941,6.188
1998-05-01,2.556,4.24,1.688,6.903,0.0,2.954,6.8709999999999996,4.909,0.0,7.278,2.486,4.228,7.324,3.167,5.142,6.393000000000001,2.164,0.0,4.753,5.2,3.4,0.0,5.916,6.409
1998-06-01,0.0,2.483,0.0,3.418,3.16,2.023,1.016,2.22,2.039,4.55,2.039,0.0,2.31,2.321,2.078,3.438,0.872,0.609,0.38,0.0,0.397,0.0,1.177,0.0
1998-07-01,0.0,0.0,0.0,0.0,0.0,0.0,0.0,0.0,0.0,0.0,0.0,0.0,0.0,0.0,0.0,0.0,0.0,0.0,0.0,0.0,0.0,0.0,0.0,0.0
1998-08-01,7.693,5.339,0.0,6.265000000000001,5.973,5.7219999999999995,6.234,7.352,5.2,5.449,9.253,5.752,5.92,5.485,7.24,5.1370000000000005,0.0,5.741,0.0,0.0,0.0,0.0,0.0,0.0
1998-09-01,9.344,6.209,5.583,7.760999999999999,10.602,7.996,6.356,11.940999999999999,9.491,12.559999999999999,6.926,5.956,11.965,7.844,9.759,8.634,6.8149999999999995,7.378,6.048,11.986,4.592,6.435,7.643,7.546
1998-10-01,22.747999999999998,12.118,12.425999999999998,28.223,14.43,13.274000000000001,8.442,9.98,17.634999999999998,10.33,9.016,25.538,9.765,18.996000000000002,8.959,9.819,14.453,12.061,12.040000000000001,26.869,7.34,17.386,7.072,22.027
1998-11-01,41.927,33.288000000000004,37.301,41.386,28.297,28.948,16.264,14.834,36.823,27.995,15.954,31.215,12.196,35.821,15.533000000000001,24.412,86.146,28.137,38.33,41.951,28.481,45.003,29.059,34.387
1998-12-01,31.281,20.125,35.774,32.868,31.148,30.887999999999998,20.485,9.554,36.587,27.39,14.284,30.575,20.151,29.249000000000002,32.533,19.455000000000002,69.55199999999999,27.787,38.153999999999996,48.196,30.391,36.408,32.356,39.19
1999-01-01,53.981,39.423,55.022,50.792,59.347,59.731,43.161,32.688,43.924,36.009,39.587,45.997,34.191,44.259,32.716,44.067,56.114000000000004,53.604,99.24600000000001,61.673,72.15299999999999,79.431,71.52,72.61699999999999
1999-02-01,76.60900000000001,105.346,129.788,101.298,120.015,94.957,174.552,135.299,134.054,98.884,108.878,89.05,138.512,93.428,155.238,97.902,136.213,127.794,155.721,81.006,141.935,154.541,171.837,106.287
1999-03-01,116.949,122.572,114.852,130.898,146.555,120.9,163.5,96.762,166.184,109.978,90.469,96.485,93.84100000000001,93.437,122.116,95.835,118.39,189.421,210.662,117.152,181.281,192.694,165.882,121.71000000000001
1999-04-01,14.655000000000001,9.425,7.909000000000001,18.165,19.831000000000003,12.183,20.878,9.151,17.314,8.254,6.9750000000000005,9.919,7.684,12.179,16.258,10.955,9.025,20.558,26.689,16.328,26.843999999999998,19.872999999999998,31.634999999999998,7.154999999999999
1999-05-01,4.231,3.334,3.745,10.492,3.892,6.281000000000001,7.0969999999999995,0.0,4.925,11.668,2.51,6.801,7.307,4.399,5.1610000000000005,7.864,3.326,2.613,8.294,8.326,5.529,3.846,7.843,9.171
1999-06-01,2.303,1.909,2.854,0.0,0.0,0.0,0.0,3.0300000000000002,0.0,0.0,3.144,0.0,0.0,0.0,2.011,0.0,0.0,0.0,0.0,0.0,0.0,0.0,0.0,0.0
1999-07-01,0.0,0.0,0.0,0.0,0.0,1.59,0.0,0.0,0.0,0.0,0.0,0.0,0.0,0.0,0.0,0.0,1.228,2.783,1.634,0.0,0.0,1.725,0.0,0.0
1999-08-01,7.303000000000001,5.791,0.0,8.092,6.011,5.83,6.195,7.606,5.2330000000000005,6.045999999999999,9.435,6.796,5.7780000000000005,5.8309999999999995,7.307,5.35,0.0,5.8420000000000005,0.0,0.0,0.0,0.0,0.0,0.0
1999-09-01,18.728,12.168,9.815,19.503,11.844000000000001,10.425,7.788,13.678,15.788,16.755,9.679,15.781,16.644,13.187000000000001,12.155,12.148,11.567,12.562,11.739,24.25,7.3469999999999995,14.89,11.165000000000001,16.929
1999-10-01,28.674,15.694999999999999,18.241,28.772000000000002,17.259999999999998,19.961,12.190000000000001,12.533999999999999,23.093,13.483,11.399999999999999,25.945,9.23,22.554,12.071,10.068999999999999,14.703,21.308,22.446,38.497,15.129999999999999,28.316,14.029,25.453
1999-11-01,18.666,7.729,14.504999999999999,19.982,8.102,5.809,5.371,7.418,11.106,9.009,6.077,17.455000000000002,9.064,10.718,4.601000000000001,6.399,34.164,8.478,10.113,10.018,4.048,11.542,3.7119999999999997,15.178
1999-12-01,33.183,32.725,39.784,34.31,46.876,43.26,32.788,26.838,44.397999999999996,31.95,19.331,35.757999999999996,21.277,34.536,32.328,31.611,70.749,45.594,60.225,59.245,47.192,48.007000000000005,40.006,52.143
2000-01-01,106.667,115.937,145.418,139.47,149.948,115.981,129.282,131.814,144.409,111.602,121.711,117.443,89.477,132.313,128.867,147.464,126.092,151.418,203.287,123.37299999999999,179.286,157.115,189.964,148.318
2000-02-01,70.913,56.934,62.738,86.72,71.391,68.691,131.62199999999999,74.033,78.82300000000001,51.745,52.97,75.768,64.19,64.548,94.559,58.388999999999996,77.543,115.113,162.35,100.451,154.68200000000002,144.796,142.918,111.19500000000001
2000-03-01,61.961,37.789,56.813,79.79899999999999,59.411,37.222,63.356,28.830000000000002,69.16,44.45,21.248,63.512,35.837,42.163,54.71,32.672000000000004,56.867,76.959,84.094,64.511,83.789,83.2,93.58200000000001,71.034
2000-04-01,5.6579999999999995,0.0,0.0,5.915,5.208,2.791,9.949,4.91,4.458,2.7359999999999998,0.0,2.714,5.235,4.5329999999999995,7.721,0.0,2.9509999999999996,5.8260000000000005,11.16,5.647,10.721,4.551,15.639000000000001,2.721
2000-05-01,3.472,4.76,3.532,8.343,3.828,5.901,7.62,5.287,4.574,9.992,3.356,5.116,7.497,3.456,5.494,7.1370000000000005,3.271,2.146,7.2379999999999995,7.759,4.932,3.808,7.993,6.997999999999999
2000-06-01,2.607,4.442,0.0,5.814,3.69,2.834,0.652,0.0,2.47,5.667,3.646,6.688,1.924,5.5489999999999995,1.5390000000000001,6.009,0.636,0.562,0.0,0.751,0.0,0.099,0.971,2.3369999999999997
2000-07-01,0.0,0.0,0.0,0.0,0.0,0.0,0.0,0.0,0.0,0.0,1.027,0.0,0.0,0.0,0.0,0.0,0.0,0.0,0.0,0.0,0.0,0.0,0.0,0.0
2000-08-01,12.843,5.484,3.548,13.094999999999999,8.885,7.678000000000001,6.989,8.731,7.565,6.507,9.864,11.939,5.994,9.415,9.138,5.521000000000001,3.121,8.517,5.186,8.213999999999999,0.0,5.0,5.221,9.771
2000-09-01,13.313,7.041,8.45,13.478,9.213,7.93,7.894,12.021,7.029,18.06,6.39,9.301,14.028,7.743,9.241,7.264,10.96,7.800000000000001,6.986,12.057,5.747,6.556,9.285,9.829
2000-10-01,17.621,14.963000000000001,12.460999999999999,24.001,21.83,21.887999999999998,13.224,13.353,24.262999999999998,9.222,10.839,22.262999999999998,11.278,19.554000000000002,14.884,8.99,11.19,20.582,21.319999999999997,33.574,17.15,25.655,15.716000000000001,19.46
2000-11-01,9.713999999999999,7.1530000000000005,8.705,10.92,7.8180000000000005,6.764,8.271,6.032,11.305,5.889,4.734,8.933,8.721,7.5,5.711,5.454,16.391,10.234,15.084,12.346,12.254999999999999,14.656,10.237,9.14
2000-12-01,61.63,50.96,61.979,62.727000000000004,66.096,64.986,61.33,40.335,77.258,40.961,26.869,65.902,32.316,59.956,57.742,37.509,91.697,97.838,88.436,96.658,83.01299999999999,90.427,78.209,72.77
2001-01-01,204.05,222.889,219.507,188.716,242.521,215.169,158.839,147.018,259.617,179.722,182.242,197.444,98.604,192.621,175.252,230.698,217.04399999999998,259.553,243.68200000000002,242.752,205.645,303.354,181.183,229.121
2001-02-01,133.612,138.231,163.232,135.441,188.508,149.743,198.361,173.877,190.86700000000002,134.576,144.079,125.32000000000001,177.353,156.623,190.86100000000002,133.53,155.207,157.305,208.526,99.121,218.049,193.546,200.96,119.448
2001-03-01,62.793,69.935,72.652,73.912,98.68900000000001,80.713,85.658,71.76,100.021,58.293,63.331,59.428,68.715,58.578,97.44200000000001,62.399,79.31700000000001,96.089,111.489,64.476,107.548,98.871,114.54,60.586
2001-04-01,10.646,9.120000000000001,4.343,10.437000000000001,14.363,8.325,22.09,7.315,11.975,5.2780000000000005,5.362,7.522,6.301,9.917,16.418,8.737,6.502,15.33,20.216,10.593,19.586,10.738,25.398,5.479
2001-05-01,4.247,5.945,3.798,11.653,4.7669999999999995,5.546,7.772,6.053,6.25,11.439,3.598,6.7059999999999995,8.799,3.8289999999999997,5.776,7.962,3.67,2.859,8.701,15.687,5.445,5.1530000000000005,7.239,13.187
2001-06-01,2.992,2.5,3.152,5.073,0.0,0.0,0.745,3.306,3.0389999999999997,0.0,0.0,5.7829999999999995,0.808,0.0,1.599,5.05,0.667,0.0,0.0,0.0,0.0,0.0,0.231,0.815
2001-07-01,2.526,1.309,2.218,2.821,2.287,1.772,2.486,2.909,2.384,0.997,1.157,2.4210000000000003,3.579,1.691,3.794,1.023,1.02,3.022,1.575,1.73,2.394,2.092,3.122,1.8609999999999998
2001-08-01,10.959,6.57,0.0,12.936,9.416,8.342,6.927,7.793,9.417,6.848,10.595,11.575,5.725,9.216999999999999,8.232,6.139,0.0,8.873,5.667,10.345,5.776,6.8580000000000005,6.513,9.846
2001-09-01,12.469000000000001,7.854,8.167,9.885,13.292,8.751,7.228,13.424,10.912,14.738,6.6370000000000005,8.214,12.506,8.907,9.852,8.006,9.712,10.633,8.373999999999999,16.865,5.943,9.461,9.739,11.157
2001-10-01,23.116,12.809,15.354,25.722,14.907,15.873000000000001,10.029,12.442,20.503999999999998,9.935,10.556000000000001,23.607,10.48,19.598,11.74,8.922,12.116,15.557,16.741,26.471999999999998,12.138,16.638,9.741999999999999,19.319
2001-11-01,16.909,14.317,16.987000000000002,15.556999999999999,12.471,12.898,5.493,9.115,16.602,15.21,9.521,14.11,8.867,13.504,6.476999999999999,11.857,35.241,9.248000000000001,15.408000000000001,15.808,10.778,15.497,9.957,15.315
2001-12-01,41.894999999999996,48.744,56.163000000000004,48.518,60.122,61.673,34.722,36.114,68.02,48.039,24.539,42.278,26.441,52.293,44.998,37.21,103.47,52.885,54.733000000000004,80.46600000000001,48.688,49.621,42.481,63.962
2002-01-01,57.904,28.487000000000002,66.022,58.995,51.233,47.881,45.943,30.933,53.516,34.144,29.048000000000002,54.964999999999996,29.129,48.334,46.266,38.678,69.025,58.463,79.619,65.551,62.991,80.123,57.007999999999996,53.583
2002-02-01,130.338,112.612,133.363,133.373,150.4,136.987,186.551,117.623,178.899,102.648,103.298,124.974,97.288,124.202,175.497,107.801,137.484,175.998,219.911,152.377,204.953,199.812,217.346,131.834
2002-03-01,78.113,68.302,75.611,70.443,114.175,85.403,107.40700000000001,73.708,94.547,69.523,58.940999999999995,61.309000000000005,73.091,61.188,98.48100000000001,61.322,78.133,96.90599999999999,114.438,65.064,105.028,107.83200000000001,118.152,75.267
2002-04-01,17.971,9.374,7.676,19.39,18.922,10.228,26.57,9.777,20.380000000000003,6.384,4.2540000000000004,12.878,6.639,14.029,19.250999999999998,9.994,8.946,20.282,32.884,16.02,28.844,17.237,35.695,9.674
2002-05-01,4.78,5.505,4.88,11.218,5.207,6.773,7.654,5.5440000000000005,6.996,10.552999999999999,3.744,7.063000000000001,8.252,5.7620000000000005,5.666,7.965,4.41,2.58,10.474,11.048,5.958,5.558,8.607,9.818999999999999
2002-06-01,0.0,1.728,1.815,0.0,1.745,0.0,0.354,1.744,1.83,2.366,1.695,0.0,1.454,0.0,1.323,2.219,0.581,0.0,0.0,0.0,0.0,0.203,0.0,0.715
2002-07-01,5.714,2.735,4.828,5.399,3.905,3.3200000000000003,4.441,4.7940000000000005,4.067,1.8750000000000002,2.269,4.992,4.898,3.599,6.468999999999999,1.9210000000000003,2.1820000000000004,5.698,3.072,2.452,4.725,3.105,5.933,2.9379999999999997
2002-08-01,11.42,8.068999999999999,1.786,11.068,8.301,8.737,6.534,9.077000000000002,7.2379999999999995,7.2989999999999995,11.407,10.083,5.675000000000001,8.649,9.443999999999999,6.6530000000000005,0.0,7.103999999999999,2.412,5.471,4.593,4.024,3.065,6.982
2002-09-01,13.435,7.037,7.923,11.395,10.19,7.905,6.335,11.258,11.126,15.064,6.539,9.619,11.737,9.246,9.523,8.082,9.368,9.904,7.627,20.598,5.256,9.343,8.374,12.947
2002-10-01,22.274,11.669,13.071,22.39,23.956,20.148,13.103,11.028,28.154,9.190999999999999,8.608,22.267,10.546,19.712,11.954,7.343999999999999,11.381,27.548,28.637999999999998,43.889,22.416,35.768,21.076,25.304000000000002
2002-11-01,21.478,15.133,17.773,18.665,17.698999999999998,16.355,14.122,10.855,22.364,14.396,9.98,15.799,11.425999999999998,15.828,14.639,12.777999999999999,36.498,25.165000000000003,32.318,22.708,24.338,35.754,23.298000000000002,17.921
2002-12-01,37.269,30.678,34.803,36.407,52.297000000000004,46.384,44.107,30.895,56.329,27.758,18.668,31.903,29.046,40.5,42.003,25.347,63.088,62.016,72.59,79.839,53.495,71.892,52.68,50.821
2003-01-01,79.004,58.461,82.654,91.377,78.998,78.179,64.031,53.088,87.029,54.647,63.597,87.118,49.306,72.153,67.759,69.471,81.056,90.29299999999999,110.209,103.909,87.033,118.229,87.287,111.189
2003-02-01,78.254,50.082,76.454,99.9,73.057,55.314,52.342999999999996,31.64,86.463,35.242000000000004,30.697,86.137,24.653,66.495,52.765,36.332,63.808,73.729,80.634,84.213,66.504,83.798,67.466,82.81
2003-03-01,61.484,57.367,58.953,69.822,86.946,68.637,73.961,43.088,67.265,47.947,37.726,62.964,54.302,56.905,70.298,48.757999999999996,61.64,91.787,104.368,86.175,88.13,104.163,81.38000000000001,71.75
2003-04-01,8.053,2.566,3.217,9.402999999999999,8.92,4.61,9.234,4.492,8.072,0.0,1.501,6.328,6.106,6.711,8.42,2.247,2.912,9.765,12.465,7.165,11.78,8.106,13.297,5.752999999999999
2003-05-01,2.503,5.813,3.144,10.572,2.808,6.488999999999999,10.262,5.71,3.351,9.134,4.247,5.326,8.823,3.252,6.819999999999999,8.626000000000001,3.246,3.1020000000000003,10.672999999999998,8.976,8.356,4.404,12.546,6.506
2003-06-01,0.0,0.0,0.0,0.0,0.0,0.0,0.0,2.365,1.673,0.0,0.0,0.0,0.0,0.0,0.0,0.0,0.0,0.0,0.0,0.0,0.0,0.0,0.0,0.0
2003-07-01,3.901,1.18,2.971,0.0,1.54,0.0,2.482,3.21,0.0,0.0,1.057,0.0,3.99,0.0,2.651,0.799,1.4180000000000001,0.0,1.974,0.0,2.671,1.393,3.327,0.0
2003-08-01,7.463,5.2490000000000006,2.359,8.692,6.543,5.9879999999999995,6.397,7.079000000000001,6.084,5.4879999999999995,8.742999999999999,7.002,5.652,6.122999999999999,7.548,2.89,2.231,6.784,2.756,5.348000000000001,4.777,4.527,5.752,5.926
2003-09-01,13.554,6.779999999999999,7.69,12.334,11.705,8.321,6.92,12.617,11.633,16.16,6.733,9.983,15.375,8.155999999999999,9.965,7.556,9.86,11.29,8.494,20.582,4.968999999999999,11.103,8.681999999999999,13.485
2003-10-01,13.681,9.203,9.153,18.631999999999998,5.616,8.593,5.557,10.256,8.800999999999998,8.217,8.036,15.475999999999999,9.35,11.411,6.276,7.068,10.096,5.915,8.129000000000001,12.579,4.926,7.942,3.87,12.945
2003-11-01,11.64,8.394,10.056000000000001,13.351,7.186999999999999,6.232,7.872999999999999,8.209999999999999,14.732,9.712,7.228,11.488,10.3,7.102,5.31,8.081,23.032,9.804,19.451,23.681,11.2,18.070999999999998,10.494,14.370000000000001
2003-12-01,78.869,56.800000000000004,77.914,83.113,69.773,78.833,35.425,26.394,62.386,50.07,41.400999999999996,68.595,33.428,71.278,43.158,53.714,117.511,69.858,70.688,93.902,50.236000000000004,85.232,44.614,67.863
2004-01-01,68.502,84.22200000000001,86.134,64.069,94.124,92.783,105.234,103.389,95.572,94.87400000000001,107.592,55.815999999999995,82.38000000000001,84.61099999999999,116.179,116.229,106.35900000000001,128.992,165.953,99.565,161.162,165.035,122.237,102.464
2004-02-01,64.81,62.696,73.253,60.099000000000004,75.53,70.518,108.486,71.718,92.53099999999999,76.485,71.168,55.477,93.972,70.78,87.256,75.68599999999999,84.186,99.16799999999999,133.047,64.124,123.185,103.76,120.583,69.953
2004-03-01,31.731,21.503999999999998,23.147,40.319,46.626000000000005,28.32,42.764,14.495000000000001,44.738,20.401,14.187999999999999,33.7,24.753999999999998,22.98,34.028,16.96,22.634999999999998,46.466,73.206,54.743,74.022,61.858,64.203,43.129999999999995
2004-04-01,10.353,5.736,4.12,12.091000000000001,11.442,6.666,18.081,5.723,11.013,0.0,0.0,8.795,6.07,7.207000000000001,13.223,4.373,4.786,13.040000000000001,15.405,10.326,11.244,9.003,18.914,8.568
2004-05-01,1.969,2.491,0.0,8.038,0.0,2.906,7.723999999999999,5.232,0.0,8.868,2.237,4.51,7.238,0.0,5.471,7.056,1.91,1.71,6.407,6.396,5.054,0.0,7.084,5.045
2004-06-01,2.152,0.0,2.528,3.35,2.342,2.3,0.652,0.0,2.129,0.0,0.0,3.643,0.0,3.084,1.331,0.0,0.0,0.8459999999999999,0.0,0.0,0.189,0.078,0.0,0.0
2004-07-01,6.35,2.831,5.28,6.242,3.9970000000000003,3.63,3.3810000000000002,4.591,4.0169999999999995,2.201,2.631,5.7219999999999995,3.8,3.796,5.866,2.0540000000000003,2.144,4.499,3.621,1.8719999999999999,4.753,3.346,6.094,2.846
2004-08-01,10.666,7.696999999999999,3.4779999999999998,10.765,11.190000000000001,10.324,12.658,11.308,10.408999999999999,7.96,11.619,10.988,6.754,9.955,13.116,6.640000000000001,3.045,12.325,13.093,8.832,13.239,9.589,15.0,7.995
2004-09-01,9.286999999999999,0.0,5.502,9.126000000000001,7.926,5.54,6.471,10.305,7.073,10.678999999999998,5.375,6.932,12.14,5.841,9.057,5.767,6.913,8.850999999999999,8.64,13.931000000000001,6.08,8.599,9.753,9.479
2004-10-01,6.196,0.0,2.111,7.494,3.264,3.227,5.245,8.151,4.231,2.062,4.423,5.661,9.103,5.151999999999999,5.318,0.0,5.4559999999999995,3.779,6.104,7.584,4.948,6.528,4.2989999999999995,5.664
2004-11-01,20.756,10.998000000000001,13.915999999999999,25.366,8.419,10.023,3.466,6.115,14.076,10.954,3.442,22.478,8.303,12.93,3.7880000000000003,6.6,33.504999999999995,8.902,12.992,21.475,5.117,19.806,5.141,18.384
2004-12-01,29.646,32.824,34.788,37.506,47.498,49.654,25.846,25.027,54.531,28.57,13.769,32.18,22.472,42.715,32.553,25.811,61.06399999999999,45.387,49.577,65.957,41.8,53.534,40.893,52.505
2005-01-01,72.138,60.441,72.68599999999999,81.962,60.454,63.874,39.955,48.093,66.836,64.259,55.721,69.63499999999999,40.254,68.426,49.005,69.866,77.158,64.361,88.662,73.64,85.082,78.204,87.749,83.93900000000001
2005-02-01,84.953,115.624,102.142,82.283,107.038,93.668,105.234,113.917,111.441,116.30499999999999,141.372,80.467,97.601,83.421,128.28,117.862,136.402,127.97,143.232,67.7,122.178,129.373,106.42399999999999,80.191
2005-03-01,36.575,27.168,40.893,32.102000000000004,38.241,27.778,41.224999999999994,31.357999999999997,34.732,38.777,21.014,30.830999999999996,33.807,28.308,52.617000000000004,29.572,36.252,46.693,43.966,44.102000000000004,36.437,48.876,37.084,36.543
2005-04-01,20.959,11.676,11.455,23.228,22.468,12.178,20.887999999999998,9.576,20.014,7.531000000000001,8.29,15.652999999999999,7.833,15.43,21.804,13.861,13.091,17.84,18.933999999999997,15.682,16.618,12.305,21.659000000000002,10.029
2005-05-01,0.0,0.0,0.0,7.2219999999999995,0.0,0.0,7.291,0.0,0.0,8.235,0.0,3.389,9.035,0.0,5.152,6.205,2.115,0.0,5.971,4.062,2.784,1.999,7.159,0.0
2005-06-01,0.0,1.51,0.0,0.0,0.0,0.0,0.0,1.715,0.0,2.915,2.208,0.0,0.0,0.0,1.314,2.727,0.0,0.0,0.0,0.0,0.0,0.0,0.0,0.0
2005-07-01,0.0,0.0,0.0,0.0,0.0,0.0,0.0,0.0,0.0,0.0,0.0,0.0,0.0,0.0,0.0,0.0,0.0,0.0,0.0,0.0,0.0,0.0,0.0,0.0
2005-08-01,0.0,0.0,0.0,5.133,0.0,0.0,5.952,6.32,0.0,0.0,7.436999999999999,0.0,5.566,0.0,6.783,0.0,0.0,5.447,0.0,0.0,0.0,0.0,0.0,0.0
2005-09-01,30.326,22.134,22.701,23.774,32.102,28.212000000000003,8.763000000000002,17.575,27.287,42.224,14.572,19.142,14.353,26.239,15.308,20.364,26.285,17.985,12.936,30.275000000000002,9.536,16.32,15.010000000000002,22.153
2005-10-01,17.034,9.7,11.05,21.415,8.23,9.243,6.7059999999999995,10.286999999999999,12.803,11.407,10.36,17.213,9.557,13.41,7.702,8.27,12.85,11.868,12.149000000000001,19.162,8.866,17.462,5.715,18.885
2005-11-01,40.498,27.585,40.112,44.207,25.203,22.758,12.072000000000001,11.949,32.317,32.438,14.02,33.969,13.959,27.049,12.124,18.855,85.09100000000001,24.279,34.711,36.024,16.043,43.826,13.514,31.607
2005-12-01,39.187,50.893,42.184,44.382,53.778,47.921,51.076,43.021,52.316,34.951,35.726,42.155,41.1,44.102000000000004,52.442,45.95,72.226,60.443,101.805,64.18299999999999,91.883,75.16,87.612,58.178
2006-01-01,142.584,181.502,172.268,118.363,154.411,150.354,131.263,149.016,166.679,170.393,209.754,117.187,94.848,136.431,162.809,217.386,194.055,178.913,217.731,154.287,182.357,215.284,164.371,141.174
2006-02-01,54.638000000000005,49.897,38.395,53.471,57.842,44.46,77.379,58.764,69.076,43.492999999999995,50.829,53.989,71.649,39.612,77.543,50.137,53.417,72.852,113.353,52.331,98.876,85.129,97.441,64.345
2006-03-01,58.211,50.324,63.535000000000004,63.68299999999999,72.926,61.015,100.783,37.32,71.584,53.998,40.25,52.948,45.854,44.93,73.755,43.85,61.844,80.079,94.018,59.633,110.105,97.463,123.574,57.507
2006-04-01,16.132,10.667,7.963,16.878999999999998,14.955,8.911999999999999,13.636,9.406,13.376999999999999,7.613999999999999,8.41,11.762,8.39,13.311,13.132,12.144,9.325000000000001,10.531,17.323,7.452,11.709,8.612,17.511,6.471
2006-05-01,2.814,3.0989999999999998,2.639,7.324,3.335,3.993,7.321,0.0,3.316,7.372,0.0,3.84,7.335000000000001,2.122,5.107,5.663,2.798,2.195,7.716,4.918,6.076,3.606,8.94,4.812
2006-06-01,0.0,0.0,0.0,2.114,0.0,0.0,0.0,0.0,0.0,0.0,0.0,0.0,0.0,0.0,0.0,0.0,0.0,0.0,0.0,0.0,0.0,0.0,0.0,0.0
2006-07-01,0.0,0.0,0.0,0.0,0.0,0.0,2.457,0.0,0.0,0.0,0.0,0.0,3.049,0.0,0.0,0.0,0.0,0.0,0.0,0.0,0.0,2.004,0.0,0.0
2006-08-01,7.668,4.6579999999999995,2.1239999999999997,9.183,7.105,5.747999999999999,6.785,6.499,5.979,5.418,7.995000000000001,8.313,5.602,6.477,7.521,3.618,2.2800000000000002,7.77,5.034000000000001,7.057,4.9990000000000006,5.364,4.543,7.693
2006-09-01,16.044999999999998,11.224,10.318999999999999,15.516,15.728000000000002,12.236,7.9399999999999995,16.196,13.113000000000001,18.116999999999997,9.625,12.858,14.428,13.793999999999999,12.168,11.776000000000002,12.24,10.773,9.639,22.355999999999998,6.715,10.588999999999999,10.597000000000001,15.458
2006-10-01,16.041,10.865,8.79,21.481,15.504,15.978,12.785,12.912999999999998,19.087,6.819000000000001,8.619,17.693,9.712,15.641,13.645,6.425000000000001,8.966999999999999,16.447,25.274,22.344,18.734,23.365,17.156,17.569
2006-11-01,31.978,24.575,22.754,33.595,35.434,28.405,17.062,12.604000000000001,50.21,18.555,12.904,30.501,10.597999999999999,29.677,14.379,14.559999999999999,51.529,35.787,44.077,43.441,26.004,60.888,22.28,30.329
2006-12-01,41.388,16.033,28.944,53.044,38.959,36.233000000000004,24.232,20.795,47.586,20.801000000000002,8.634,47.055,18.851,35.074,30.358,16.672,45.922,49.408,57.937,77.65299999999999,45.571999999999996,67.535,44.263,65.387
2007-01-01,73.209,82.785,89.50500000000001,70.743,84.2,74.105,57.348,58.117,87.184,83.603,88.424,72.184,60.635,73.87400000000001,69.16199999999999,98.329,96.041,74.23,89.77,90.64999999999999,77.329,89.005,77.395,82.853
2007-02-01,54.8,33.415,45.439,74.97,58.259,45.216,53.897,37.108000000000004,66.027,33.892,32.0,68.137,51.96,41.62,43.653999999999996,34.627,41.45,54.104,74.492,85.269,70.578,80.59700000000001,74.77,80.193
2007-03-01,68.599,58.672,76.155,66.963,90.65,67.467,76.971,62.027,84.263,62.617000000000004,51.582,57.338,64.291,59.399,78.776,61.293,69.191,92.957,112.07000000000001,73.671,95.872,121.843,93.585,67.279
2007-04-01,21.88,11.346,9.152999999999999,20.402,25.024,15.103,18.402,10.246,22.049,7.118,7.4350000000000005,13.064,7.589,19.184,21.519000000000002,11.451,8.757,18.72,22.729,21.409,14.924,15.254000000000001,19.583,12.368
2007-05-01,6.6,6.6209999999999996,5.15,17.733999999999998,5.711,8.284,11.958,9.213000000000001,7.019,14.552000000000001,5.302,10.484,12.966999999999999,5.533,7.761,10.392,0.0,3.203,12.98,14.207,8.843,4.696,13.322999999999999,13.011
2007-06-01,1.596,2.221,2.836,1.87,2.246,1.77,0.0,2.7030000000000003,1.892,4.789,3.033,2.067,2.556,2.9939999999999998,1.65,3.783,0.952,0.61,0.281,0.327,0.0,0.0,0.0,0.576
2007-07-01,7.125,2.729,4.265,5.992,5.077999999999999,3.874,3.978,4.389,5.522,1.709,1.953,5.838,0.0,4.154999999999999,5.524,1.855,1.801,5.866,2.949,2.6870000000000003,2.716,4.481,0.0,3.712
2007-08-01,6.561,3.636,2.6390000000000002,7.004,5.7170000000000005,5.571999999999999,7.704,7.206,5.1850000000000005,6.105,8.472999999999999,6.002000000000001,6.321,5.736,7.807,4.7490000000000006,2.4589999999999996,6.359,3.999,4.106,5.207,3.793,5.556,0.0
2007-09-01,22.631,11.591,13.48,19.286,26.053,16.837,7.82,15.318999999999999,23.845,21.524,7.458,16.834,19.585,19.769,13.592,10.256,18.475,18.737,15.479,36.91,8.315,20.412,12.73,22.52
2007-10-01,13.934999999999999,7.97,8.998,14.824,9.498,9.843,9.775,10.501,11.938,7.504,7.443,12.562,10.086,12.849,8.681000000000001,5.843,9.822,10.311,12.373000000000001,17.686,7.503,16.33,9.088999999999999,10.602
2007-11-01,37.495,30.285,34.772,37.421,24.428,23.012,14.859,14.939,28.634,26.719,13.828,33.256,11.870000000000001,28.458000000000002,13.947000000000001,19.3,72.168,21.083,38.577,29.791,21.963,31.413999999999998,20.89,31.014
2007-12-01,51.591,33.471000000000004,51.946,59.75,41.154,44.002,37.1,24.768,50.299,35.394,14.324,57.999,22.36,51.808,39.391,30.993,82.507,60.981,68.437,68.681,55.625,69.681,52.562,64.495
2008-01-01,117.189,113.504,122.458,130.115,134.445,122.821,160.562,152.251,144.841,106.449,153.288,123.51899999999999,104.215,111.49199999999999,171.443,159.905,123.054,155.87,204.043,141.732,189.818,175.546,181.573,133.049
2008-02-01,53.446,39.101,54.058,79.4,34.742,37.7,59.305,29.543000000000003,57.075,35.411,28.031,59.907,37.449,37.91,39.149,30.199,52.394,51.799,76.288,69.404,71.674,64.46900000000001,77.334,65.089
2008-03-01,53.345,44.984,53.909,54.164,45.803,43.336999999999996,51.187999999999995,29.009,51.039,39.69,31.387999999999998,47.934,45.353,37.357,38.605000000000004,36.637,48.646,59.125,46.788000000000004,43.305,42.269,48.704,44.787,50.894000000000005
2008-04-01,10.533,0.723,4.142,11.577,5.912,0.0,5.104,0.0,4.363,1.31,0.0,6.999,0.0,5.506,0.0,0.0,0.0,4.543,5.170999999999999,4.631,3.778,2.988,7.970000000000001,4.53
2008-05-01,2.952,4.445,3.16,9.175,4.238,5.487,6.819,5.618,4.885,9.158999999999999,3.401,4.121,8.993,3.1580000000000004,4.332,7.043,3.206,1.791,7.433,9.367,4.901,4.642,7.034,7.709
2008-06-01,1.653,0.0,2.104,2.629,1.77,1.607,0.0,0.0,0.0,0.0,0.0,3.275,0.749,2.38,0.0,0.0,0.0,0.0,0.0,0.0,0.0,0.0,0.0,0.0
2008-07-01,0.0,0.0,0.0,0.0,0.0,0.0,0.0,0.0,0.0,0.0,0.0,0.0,0.0,0.0,0.0,0.0,0.0,0.0,0.0,0.0,0.0,0.0,0.0,0.0
2008-08-01,6.659000000000001,5.319,0.0,6.96,6.374,5.7860000000000005,7.552,7.44,5.825,5.401,8.822,6.28,5.954999999999999,5.723,8.467,0.0,0.0,7.084,5.478,0.0,6.16,0.0,6.773,0.0
2008-09-01,9.803,5.2940000000000005,5.764,9.745000000000001,8.336,5.571,6.462,10.309000000000001,8.732,11.79,5.514,7.420999999999999,11.978,5.8629999999999995,8.254000000000001,6.162000000000001,7.575,8.100999999999999,6.769,11.918,0.0,7.1579999999999995,8.23,9.282
2008-10-01,15.817,9.399000000000001,8.922,16.668,10.608,11.609,7.166,9.693000000000001,12.714,7.314,6.846,15.169,9.411000000000001,11.718,9.125,6.028,8.729,10.661999999999999,11.72,17.451,9.16,14.778,7.32,11.863
2008-11-01,16.153,9.383000000000001,12.606,18.453,7.226999999999999,7.224,6.115,6.393000000000001,9.559000000000001,8.655000000000001,0.0,15.98,8.008,9.914,5.789,6.073,24.801000000000002,7.082000000000001,10.45,18.035,8.254,12.884,7.677,17.472
2008-12-01,72.636,71.243,73.289,68.096,106.637,108.67399999999999,59.602000000000004,56.538,101.541,56.137,50.732,71.917,32.186,92.35300000000001,79.111,61.666,111.338,114.011,114.355,108.734,72.775,120.288,71.721,90.092
2009-01-01,63.522999999999996,67.52199999999999,86.524,63.55,61.229,67.335,39.08,40.543,71.102,74.393,73.935,55.382,36.15,65.753,47.327,89.492,105.024,70.449,64.226,63.620000000000005,49.784,87.619,46.263,57.004999999999995
2009-02-01,93.508,113.14,126.015,104.507,86.889,77.233,96.105,78.63,91.584,90.845,97.59400000000001,86.993,67.563,80.866,87.962,99.994,140.036,106.753,114.7,67.504,106.155,117.962,116.723,72.426
2009-03-01,64.057,48.742000000000004,75.511,66.044,59.120000000000005,47.802,53.602,32.183,60.649,62.775999999999996,40.660000000000004,58.967,41.016,46.541,51.424,51.518,76.28800000000001,64.586,73.315,42.76,56.32,64.565,48.342,48.846000000000004
2009-04-01,14.285999999999998,5.786,5.884,14.793,17.467,6.813,13.731000000000002,8.089,16.478,4.7589999999999995,3.583,9.315,6.266,10.395,13.936,6.9399999999999995,6.873,14.263,21.299999999999997,9.802,14.83,13.273,21.255,6.5649999999999995
2009-05-01,2.567,3.791,3.542,7.5649999999999995,2.44,0.0,7.380000000000001,4.743,2.681,10.052,3.476,4.262,7.313,2.279,4.235,7.306,0.0,0.929,6.237,4.567,4.670999999999999,1.826,6.442,2.298
2009-06-01,0.0,0.0,0.0,0.0,0.0,0.0,0.0,0.0,0.0,0.0,0.0,0.0,0.0,0.0,0.0,0.0,0.0,0.0,0.0,0.0,0.0,0.0,0.0,0.0
2009-07-01,5.116,2.888,3.2560000000000002,4.510999999999999,3.725,3.319,3.7670000000000003,4.75,0.0,1.552,2.513,4.003,5.395,3.1670000000000003,5.442,1.813,1.48,5.083,2.5949999999999998,0.0,2.338,0.0,2.263,0.0
2009-08-01,0.0,0.0,0.0,5.186999999999999,5.152,0.0,9.453,8.445,0.0,0.0,7.666,0.0,6.708,0.0,10.116,0.0,0.0,8.338000000000001,6.16,0.0,5.341,0.0,5.013,0.0
2009-09-01,24.561,12.618,12.878,21.142,20.901,17.604,8.369,16.729,18.739,18.429,9.116,16.121,12.894,18.568,15.011,11.488,13.535,14.194,9.961,27.397,6.192,12.602,9.266,19.972
2009-10-01,9.702,5.158,5.1129999999999995,13.729,4.704,5.6259999999999994,6.644,8.787,5.382,5.139,5.959,12.49,9.37,6.601,6.355,4.782,5.78,7.279999999999999,9.401,14.612,6.1370000000000005,11.326,6.273,12.54
2009-11-01,35.746,25.935,36.12,37.833999999999996,26.562,25.387,20.0,16.033,39.684000000000005,23.997999999999998,15.425,32.709,13.544,23.96,18.184,20.125,61.528,30.822,53.755,35.231,28.369,59.236,28.682000000000002,31.159
2009-12-01,104.58800000000001,85.012,95.585,99.958,120.111,137.861,52.419,61.173,110.766,66.456,57.77,101.267,38.323,114.832,86.624,73.35,146.093,117.666,79.037,117.716,51.135,95.69200000000001,44.884,98.24
2010-01-01,113.393,95.614,109.19800000000001,112.774,121.761,109.48,74.021,55.578,120.818,77.694,67.207,106.32000000000001,51.816,102.019,87.342,84.709,109.701,123.99600000000001,118.118,107.49600000000001,79.003,123.437,77.106,121.13199999999999
2010-02-01,88.74900000000001,74.214,88.678,101.58,109.543,101.875,57.074,66.24799999999999,123.928,63.668,70.777,90.923,59.068,85.142,80.213,69.392,93.28,93.106,103.504,122.27,65.095,133.014,58.631,108.029
2010-03-01,36.929,30.478,41.449999999999996,55.349000000000004,29.024,21.615,23.971,15.504,37.013999999999996,34.982,19.217,39.082,16.953,25.578,23.729,25.724,39.65,30.175,33.236000000000004,35.619,28.674,36.948,27.924,40.983
2010-04-01,15.015,6.6129999999999995,5.698,16.077,22.639000000000003,11.82,15.745,8.158,18.337,4.84,4.34,9.579,4.948,13.098,15.161999999999999,7.709,6.29,16.771,19.201,8.286,15.225,9.816,23.537,6.046
2010-05-01,6.19,7.186,6.187,15.217,6.789,11.301,7.962,5.774,6.829,13.419,4.962,8.488,7.953,7.519,7.85,10.222999999999999,5.074,2.643,9.159,8.281,7.135,4.015000000000001,10.751,8.157
2010-06-01,0.0,0.0,0.0,0.0,0.0,0.0,0.0,1.76,0.0,2.08,0.0,0.0,0.0,0.0,0.0,2.19,0.0,0.0,0.0,0.0,0.0,0.0,0.0,0.0
2010-07-01,0.0,0.0,0.0,0.0,0.0,0.0,0.0,0.0,0.0,0.0,0.0,0.0,0.0,0.0,0.0,0.0,0.0,0.0,0.0,0.0,0.0,0.0,0.0,0.0
2010-08-01,8.636,6.215,0.0,8.64,7.654999999999999,7.414,7.885,8.732,6.885999999999999,5.447,9.513,7.866,5.936,7.541,8.908,5.227,0.0,7.819,3.302,5.507,5.157,0.0,5.672000000000001,5.95
2010-09-01,14.328,8.313,7.702999999999999,13.11,11.309999999999999,8.574,7.179,12.716999999999999,9.299,14.099,7.425,9.876,11.978000000000002,9.085,11.133,8.913,8.959,9.132,8.001000000000001,13.866,6.119,7.2059999999999995,10.314,11.386
2010-10-01,14.931000000000001,9.589,10.911999999999999,19.344,13.72,13.344000000000001,9.116,12.963999999999999,15.022,8.044,8.876,18.882,10.302,15.04,10.121,7.276,9.940999999999999,15.908000000000001,15.862,29.067,10.335,21.3,8.074,17.71
2010-11-01,11.138,5.659,9.172,12.726,5.775,5.0040000000000004,6.011,5.758,7.9030000000000005,6.559,0.0,9.59,7.765,6.0889999999999995,4.03,0.0,19.741,6.406,12.477,9.46,10.497,11.375,8.581,8.322000000000001
2010-12-01,70.665,49.809,57.617,62.306000000000004,64.214,71.54,42.849000000000004,33.73,78.542,41.003,28.826,69.662,20.709,72.9,42.703,33.076,98.124,89.2,79.539,90.049,53.958,90.008,49.205,82.60300000000001
2011-01-01,35.481,37.12,40.577,46.963,29.374,32.193,66.137,38.155,39.35,35.637,35.568,41.796,63.595,29.570999999999998,56.483999999999995,38.462,45.711,52.118,88.657,42.615,98.174,68.968,94.878,47.975
2011-02-01,153.91,154.984,184.144,171.353,149.627,129.608,149.226,127.879,157.028,149.225,143.739,141.799,140.931,121.107,144.461,153.087,197.939,147.553,192.363,146.825,158.264,177.91400000000002,154.783,142.703
2011-03-01,58.486,64.464,83.51,61.655,47.022000000000006,56.16,37.32,27.868,52.938,59.911,48.399,48.342999999999996,21.963,44.116,47.135,54.745999999999995,77.657,49.542,47.325,39.19499999999999,29.192,49.445,31.329,57.232
2011-04-01,12.196,6.061999999999999,6.691,11.471,13.579,7.604,16.676,9.452,10.087,4.148,4.077,7.494999999999999,6.327,10.347999999999999,17.085,6.101,5.846,13.419,17.283,7.287,17.366,6.926,25.636,5.4
2011-05-01,4.342,5.755,3.959,10.417,4.394,6.264,8.215,5.411,4.452,11.665,4.157,6.567,8.102,3.226,6.247999999999999,8.907,2.595,1.904,11.916,9.727,8.046,4.9270000000000005,11.115,10.079
2011-06-01,0.0,0.0,0.0,0.0,0.0,0.0,0.0,0.0,0.0,0.0,0.0,0.0,0.0,0.0,0.0,0.0,0.0,0.0,0.0,0.0,0.0,0.0,0.0,0.0
2011-07-01,0.0,2.31,0.0,0.0,2.187,0.0,4.042,4.122,0.0,1.354,2.181,0.0,2.589,0.0,5.824,0.0,0.0,4.327999999999999,2.977,1.052,3.915,1.267,2.034,0.0
2011-08-01,6.29,4.67,2.13,5.977,5.504,5.074,8.123,6.32,5.004,5.127000000000001,8.039,5.709,6.051,5.341,7.839,2.458,2.138,6.303,3.965,1.868,4.708,1.77,5.718,4.465
2011-09-01,12.932,7.082,6.928,12.243,10.367,7.953,8.524999999999999,11.094999999999999,10.177,14.852,6.626,9.681000000000001,12.405,8.234,9.757,7.981,8.874,10.193000000000001,12.001999999999999,20.722,8.812999999999999,11.07,14.7,13.176
2011-10-01,7.688000000000001,7.167,5.571,10.222999999999999,8.331,7.311999999999999,12.331,10.228,9.071,6.07,7.304,9.22,12.347999999999999,7.246,9.927,5.5760000000000005,6.380999999999999,9.916,9.036,13.907,7.963,13.755,7.148,8.296
2011-11-01,16.104,14.248000000000001,16.034,16.315,9.994,9.542,7.343,7.788,16.399,14.006,6.372999999999999,12.626000000000001,9.114,10.797,6.138,10.661999999999999,37.064,12.603,19.464,17.392,12.363999999999999,25.471,9.35,13.328000000000001
2011-12-01,86.495,83.227,85.708,69.706,110.678,114.838,111.49,113.538,120.307,67.313,74.339,65.957,108.218,89.751,124.504,75.82,133.35,140.588,149.85,135.63,140.183,152.222,141.595,95.966
2012-01-01,100.482,98.37700000000001,111.158,92.802,113.809,106.623,151.85,129.67,110.38,100.331,120.147,89.327,148.102,103.11,142.726,125.815,118.85900000000001,123.226,130.68,100.607,137.153,135.685,128.128,101.99799999999999
2012-02-01,103.6,127.27000000000001,108.366,121.996,136.461,126.614,200.356,151.823,161.237,106.685,125.516,100.585,193.76299999999998,117.56400000000001,152.903,107.802,114.585,142.127,169.367,117.091,149.685,160.394,160.346,108.148
2012-03-01,76.741,64.007,56.565,78.599,94.443,68.275,118.58000000000001,68.544,103.47,61.739,51.004999999999995,67.001,83.395,61.07,96.00399999999999,60.457,59.127,113.33800000000001,116.738,82.125,100.033,117.423,96.904,71.013
2012-04-01,12.745000000000001,10.044,6.811,16.735,18.102999999999998,9.256,22.767,10.007,18.258,6.213,6.028,10.475,9.034,8.443999999999999,19.284,8.903,8.043,14.703,23.206,14.333,18.701999999999998,17.808,26.889,8.871
2012-05-01,1.36,0.0,0.0,7.1,1.613,0.0,7.819,0.0,2.371,7.454000000000001,0.0,2.744,7.49,0.0,0.0,5.9,0.0,1.141,7.521,0.0,6.486,0.0,9.927,2.419
2012-06-01,0.0,1.642,0.0,1.936,0.0,1.478,0.2,0.0,0.0,0.0,0.0,2.372,0.0,2.28,1.278,2.536,0.516,0.0,0.0,0.0,0.0,0.0,0.0,0.0
2012-07-01,3.483,0.0,2.215,3.241,0.0,0.0,0.0,0.0,0.0,1.184,0.0,0.0,1.403,1.074,0.0,0.934,0.0,0.0,0.0,1.343,0.0,0.0,2.354,1.74
2012-08-01,0.0,0.0,1.847,5.511,4.583,0.0,6.764,6.396,4.228,5.031,6.716,0.0,6.045,4.233,6.401,0.0,2.039,5.5,3.725,0.0,0.0,3.371,0.0,0.0
2012-09-01,9.283,6.761,6.126,8.92,8.599,8.327,9.317,11.652999999999999,9.779,14.746,5.942,6.183,12.773,7.5280000000000005,10.741,7.164,8.655,9.11,7.9319999999999995,11.941,7.350999999999999,7.016,15.475,8.526
2012-10-01,14.796,9.98,10.646,17.719,10.937999999999999,11.459,12.187,10.317,14.957,7.691,8.29,16.8,11.696,11.001,10.301,7.001,12.440999999999999,15.852,16.435,16.018,12.421,18.79,9.984,14.309
2012-11-01,19.052,16.803,15.334,26.707,17.287,13.781,12.806000000000001,6.445,24.714,11.14,7.457,20.192,7.358,14.386,10.253,8.997,23.711,17.27,31.48,36.536,16.411,37.032,14.815999999999999,27.125
2012-12-01,65.494,76.437,69.059,62.778,86.147,96.656,102.215,74.92399999999999,88.346,56.457,45.549,55.882,64.386,76.04599999999999,116.80199999999999,60.059000000000005,113.721,127.959,127.566,99.36399999999999,108.543,119.405,111.587,90.141
2013-01-01,74.2,120.725,106.287,86.81700000000001,85.69,87.548,109.869,91.426,81.43299999999999,106.016,130.766,78.979,117.101,79.264,97.715,131.081,94.554,116.78,113.762,99.39500000000001,113.071,118.754,100.18599999999999,85.046
2013-02-01,97.421,87.119,104.091,114.269,97.847,82.753,132.806,84.276,90.361,76.913,71.735,94.578,94.493,81.165,111.06099999999999,75.263,117.261,105.892,140.287,106.894,108.728,127.6,103.276,108.504
2013-03-01,34.658,25.956,34.647,46.074,39.762,22.979,37.379999999999995,19.216,39.13,25.425,19.174,39.272,31.418,24.027,28.591,23.576,34.015,45.38,54.535,56.157,47.824,55.384,53.925,51.619
2013-04-01,6.197,0.0,3.522,7.038,6.129,3.812,0.0,0.0,5.5329999999999995,1.66,0.0,4.936,0.0,4.638999999999999,0.0,0.0,3.3720000000000003,6.459999999999999,6.731999999999999,5.217,6.759,4.04,8.254,4.0969999999999995
2013-05-01,4.111000000000001,5.374,4.081,11.446,4.682,5.57,8.592,5.205,5.285,10.516,3.7279999999999998,6.879,8.216999999999999,4.333,6.170999999999999,7.728,3.718,1.771,15.306000000000001,20.366999999999997,11.398,6.4879999999999995,15.761,14.338999999999999
2013-06-01,0.0,0.0,2.724,0.0,2.475,0.0,0.48,3.274,2.124,0.0,3.509,0.0,1.796,0.0,0.0,4.0329999999999995,0.0,0.0,0.0,0.0,0.0,0.0,0.0,0.0
2013-07-01,0.0,1.474,1.99,0.0,0.0,0.0,3.112,0.0,0.0,0.0,1.574,0.0,0.0,0.0,0.0,0.0,0.0,0.0,0.844,0.0,1.966,0.0,0.0,1.126
2013-08-01,18.284,9.474,4.8950000000000005,16.134,13.951,13.465,11.754,14.794,11.894,8.496,16.123,16.707,7.407,16.566,15.82,7.798,3.9349999999999996,11.854,7.9399999999999995,11.93,9.015,7.338000000000001,9.689,12.44
2013-09-01,10.855,8.79,6.771,9.975999999999999,10.218,8.055,9.046,12.413,8.318,16.755000000000003,9.414,8.062,12.77,7.566,11.906,10.667,8.665,9.236,8.465,15.538,7.216,7.929,14.658,10.939
2013-10-01,27.549,23.423000000000002,17.033,30.356,23.862000000000002,21.574,18.851,17.784,32.013000000000005,14.123,20.902,26.765,12.198,23.256,17.969,14.194999999999999,17.073999999999998,27.523000000000003,33.194,35.804,23.547,39.227000000000004,18.499000000000002,23.219
2013-11-01,18.909,21.444,16.341,23.15,14.023,14.029,10.956,5.626,19.408,12.581,9.664,20.237,7.526000000000001,14.919,8.317,10.796,32.035,13.077,28.816,21.119,15.19,27.305,13.841999999999999,21.544999999999998
2013-12-01,78.623,111.587,126.708,98.036,95.832,118.138,84.174,74.226,102.074,83.051,66.589,78.766,61.303000000000004,92.87,98.017,88.493,200.914,102.632,140.128,125.21100000000001,136.037,120.493,127.52,102.442
2014-01-01,119.918,122.293,144.47899999999998,138.621,133.51,113.519,145.043,107.97200000000001,145.633,104.169,121.955,124.655,124.19200000000001,118.05799999999999,136.182,130.615,125.943,155.1,166.26,159.74699999999999,168.071,166.024,149.829,143.451
2014-02-01,109.426,53.77,87.633,114.878,72.906,52.605000000000004,34.869,20.361,93.58,43.131,24.130000000000003,112.899,15.298,72.0,38.186,38.461,59.668,72.51700000000001,89.667,103.66199999999999,79.015,94.80499999999999,67.141,107.848
2014-03-01,38.608999999999995,17.515,25.307,48.139,30.843,18.556,24.309,6.056,40.417,15.270999999999999,9.294,40.003,10.793,23.91,19.603,13.47,19.044,36.634,48.675,58.483000000000004,38.35,57.297000000000004,46.842,52.429
2014-04-01,13.241999999999999,6.773,4.654,16.197,13.638,8.187,16.87,6.6739999999999995,12.689,4.891,4.257,9.871,8.417,8.66,12.347,6.089,4.668,10.06,15.365,14.144,12.126,11.096,14.798,7.789
2014-05-01,5.907,6.702999999999999,5.59,14.292000000000002,6.073,9.22,8.546,5.034000000000001,7.443,12.859,4.789,8.863,7.741999999999999,6.785,6.883000000000001,8.725,4.362,3.549,10.789,14.275,7.968,5.0280000000000005,10.780000000000001,14.671
2014-06-01,0.0,0.0,1.918,1.785,0.0,0.0,0.0,2.073,0.0,0.0,0.0,0.0,0.0,0.0,0.0,0.0,0.0,0.0,0.0,0.0,0.0,0.0,0.0,0.495
2014-07-01,0.0,0.0,0.0,0.0,3.092,2.009,2.561,0.0,3.367,1.362,2.067,0.0,0.0,2.066,0.0,1.31,1.143,0.0,1.732,0.0,2.908,2.41,0.0,0.0
2014-08-01,15.145,7.026999999999999,4.365,13.476,11.189,10.172,9.477,10.698,10.432,7.367,14.072,13.788,6.208,12.072,11.101,6.422000000000001,3.525,10.033,7.056,11.946,7.037,6.718,6.776,11.493
2014-09-01,40.828,27.259999999999998,22.959,34.944,39.232,31.253999999999998,15.227,19.539,34.336,37.178,17.605,28.785999999999998,17.337,33.187,27.905,25.977,23.349999999999998,28.791999999999998,25.956,58.879,16.76,29.067,25.66,32.141
2014-10-01,23.729,23.883,17.15,33.293,24.842,21.465,15.659,20.633000000000003,28.833,14.599,18.325,28.629,11.564,22.778,19.967,15.045,17.622,22.634999999999998,26.041,24.622,18.798000000000002,25.448,14.457,20.891
2014-11-01,14.864,17.96,13.752,16.163,9.997,10.575,7.353,6.0329999999999995,13.902,11.663,9.454,12.924,6.175,11.396,6.245,9.996,25.365,13.326,16.178,18.29,12.15,13.924,10.6,14.653
2014-12-01,61.422,43.625,56.451,74.596,54.287,54.631,42.443,28.005000000000003,68.008,31.357,17.997,62.909000000000006,22.465,53.382999999999996,53.656,32.38,78.038,62.737,83.749,119.354,68.895,88.765,70.941,84.037
2015-01-01,90.92099999999999,97.544,102.786,100.113,118.59100000000001,103.154,142.445,101.307,120.224,84.222,114.255,98.328,141.449,93.468,123.738,115.765,92.184,145.617,140.552,137.992,135.866,153.005,127.389,106.408
2015-02-01,100.846,85.107,100.377,112.661,78.08,72.005,96.874,79.718,88.244,78.517,75.068,92.71,100.497,73.228,80.566,74.923,101.272,85.72999999999999,89.885,95.103,73.655,78.11,73.918,98.226
2015-03-01,42.321,49.818,49.135999999999996,52.475,51.61,41.525,82.109,53.707,47.815,52.553,45.542,47.114000000000004,66.182,27.352,78.197,47.152,54.123000000000005,70.5,112.658,61.998999999999995,109.959,77.901,109.439,58.51
2015-04-01,32.5,17.241,12.524,33.910000000000004,35.653999999999996,22.83,41.545,17.531,30.634,9.849,12.318999999999999,23.768,12.864,26.099,30.242,15.82,10.561,25.273,34.843,24.887999999999998,33.174,15.347,38.706,13.286999999999999
2015-05-01,6.531,5.911,5.7490000000000006,17.368000000000002,5.45,8.799,8.786999999999999,3.056,7.0409999999999995,11.437999999999999,0.0,10.347999999999999,6.606,5.756,7.1080000000000005,7.8919999999999995,4.364000000000001,3.176,15.09,15.120000000000001,11.115,6.227,16.132,16.45
2015-06-01,1.617,1.003,0.0,3.225,0.0,0.0,0.648,0.0,0.0,0.0,1.993,0.0,1.782,0.0,0.0,1.789,0.0,0.0,0.0,0.0,0.0,0.0,0.0,0.0
2015-07-01,4.727,2.364,3.411,3.917,3.25,2.762,4.606,5.414,3.249,1.987,2.467,4.196,4.413,2.919,5.752000000000001,1.806,1.679,4.123,2.593,1.993,3.232,2.407,4.227,2.532
2015-08-01,9.368,5.636,2.826,9.068,8.77,7.684,8.171,9.04,7.718999999999999,6.663,11.353,8.832,6.194,7.564,9.030000000000001,5.3309999999999995,2.6270000000000002,7.961,5.598000000000001,8.318,6.2909999999999995,5.296,6.54,7.754
2015-09-01,15.8,7.287,7.013,13.195,12.332999999999998,8.866,8.655,10.631,13.344,12.632,7.289,11.523,11.082,11.139,11.512,8.272,8.123999999999999,13.792000000000002,14.921,29.012,10.629999999999999,15.995,17.352,17.63
2015-10-01,15.943999999999999,16.733,9.854,18.784,14.501999999999999,15.839,11.296,15.181,16.299,10.861,14.349,16.144,11.13,14.386000000000001,10.889000000000001,10.438,9.956,16.063000000000002,18.375999999999998,18.762999999999998,12.41,17.652,10.274,14.210999999999999
2015-11-01,29.34,27.958,26.161,27.836,18.55,17.087,11.275,8.954,25.274,17.969,15.507000000000001,24.893,10.746,23.839,8.676,16.395,44.763,17.896,27.749,36.158,15.323,31.021,10.477,27.447
2015-12-01,26.752,32.749,22.356,38.614,35.876,37.163,33.151,22.426000000000002,42.697,25.758,14.555,33.772,25.604,30.445,43.86,25.877,41.870999999999995,58.622,65.607,80.389,46.771,60.075,45.142,55.909
2016-01-01,51.873999999999995,49.653999999999996,55.561,76.983,51.291000000000004,45.981,46.694,33.63,56.583,45.221999999999994,42.552,64.886,32.946,43.312,50.051,56.086,46.161,58.727999999999994,57.266999999999996,93.773,48.839999999999996,71.94,44.998,69.09100000000001
2016-02-01,105.146,96.537,101.725,102.602,104.98599999999999,102.901,116.673,110.565,124.063,88.026,102.364,91.488,133.989,92.193,121.941,89.10600000000001,115.768,103.944,113.523,88.15700000000001,98.735,106.509,109.169,104.034
2016-03-01,19.201999999999998,9.445,12.030000000000001,19.161,12.618,11.115,13.687,6.282,15.434999999999999,10.033999999999999,6.954000000000001,18.318,13.122,13.75,9.389,8.573,9.572,20.901,24.48,38.715,21.367,25.217000000000002,25.717,44.854
2016-04-01,15.494,10.273,6.534000000000001,18.216,15.696000000000002,10.256,26.009,9.530000000000001,14.647,5.529999999999999,5.7509999999999994,11.091999999999999,9.131,12.082,21.349,8.891,6.356,17.931,29.016,16.235,24.799,14.267,32.444,9.102
2016-05-01,0.0,0.0,0.0,6.492,0.0,0.0,7.851999999999999,3.259,0.0,7.476000000000001,2.63,0.0,6.614000000000001,0.0,0.0,5.297,0.0,0.0,7.255,6.183999999999999,5.995,0.0,9.699,6.979
2016-06-01,2.254,1.47,1.957,3.1390000000000002,1.672,1.415,0.764,3.12,1.545,2.724,3.223,2.442,2.154,2.349,1.686,3.5980000000000003,0.849,0.846,0.0,0.0,0.166,0.208,0.745,0.0
2016-07-01,0.0,1.641,0.0,0.0,2.152,1.057,0.0,3.55,2.064,0.0,1.527,0.0,3.299,0.0,3.477,1.316,1.119,2.617,2.03,0.0,0.0,0.0,0.0,0.0
2016-08-01,6.408,3.371,2.126,7.266000000000001,5.6850000000000005,4.895,7.493,7.202,5.41,4.937,7.688,6.4,5.214,5.18,5.577,0.0,2.151,6.998,4.738,8.178999999999998,5.798,4.341,6.405,6.783
2016-09-01,8.64,0.0,3.297,8.368,6.227,4.194,7.553,9.023,6.845000000000001,10.269,5.641,6.628,11.082,3.995,7.554,5.645,6.25,7.505,10.372,19.98,8.992,8.962,15.972999999999999,9.615
2016-10-01,16.905,16.984,10.254999999999999,23.244,14.956999999999999,15.07,11.073,16.287,22.070999999999998,8.967,12.960999999999999,19.968,11.99,16.364,10.355,9.236,10.469,11.62,13.305,25.767,12.165,19.019,10.266,19.892
2016-11-01,13.175,18.192999999999998,11.91,13.363,11.512,11.231,8.285,8.048,12.898,11.928999999999998,11.284,10.852,8.064,10.71,9.753,11.145,21.133,9.738999999999999,15.43,15.539,11.568999999999999,13.269,9.339,12.394000000000002
2016-12-01,48.054,39.778,40.083,53.916000000000004,37.362,42.288,34.006,34.018,46.05,33.318,27.511,45.758,28.945,41.739,49.664,35.995,65.209,61.682,76.003,89.094,71.98,70.806,68.312,67.26
2017-01-01,99.857,98.881,108.324,105.632,99.662,91.17599999999999,141.153,101.372,103.488,84.237,111.57900000000001,106.24,163.144,87.791,116.401,109.11699999999999,103.593,125.719,145.791,126.62299999999999,132.974,114.799,126.689,109.988
2017-02-01,66.68700000000001,52.041,60.510999999999996,85.47200000000001,48.584,45.653,62.915,53.555,53.269,44.546,45.155,79.281,73.86,57.591,55.83,45.556,62.043,61.248000000000005,89.345,83.276,71.495,78.577,78.086,78.74600000000001
2017-03-01,64.565,75.956,83.288,76.715,75.056,62.836999999999996,85.495,48.605000000000004,66.094,71.773,62.171,65.26,73.125,48.313,72.642,65.381,91.456,84.918,87.933,82.178,74.786,73.447,77.295,73.688
2017-04-01,13.824,3.857,4.957,19.0,14.049,7.388,10.708,6.105,13.443999999999999,2.8499999999999996,0.0,10.682,0.0,9.539,7.812,3.056,4.323,15.645999999999999,19.674,17.819,16.673000000000002,13.559000000000001,19.65,9.07
2017-05-01,9.661,9.190999999999999,7.963,24.258,8.066,13.189,8.845,6.475,10.475,17.992,6.911,15.027,9.642,10.859,9.725999999999999,12.553,6.17,4.8,24.342,29.17,18.319,10.315999999999999,24.767,28.163000000000004
2017-06-01,0.0,0.0,0.0,0.0,0.0,0.0,0.0,0.0,0.0,0.0,0.0,0.0,0.0,0.0,0.0,0.0,0.0,0.0,0.0,0.0,0.0,0.0,0.0,0.0
2017-07-01,0.0,1.519,2.117,0.0,0.0,0.0,0.0,0.0,0.0,1.318,0.0,0.0,0.0,0.0,0.0,0.0,1.143,0.0,0.0,0.0,0.0,0.0,0.0,0.0
2017-08-01,0.0,0.0,0.0,0.0,0.0,0.0,6.695,6.608,0.0,0.0,7.9239999999999995,0.0,5.73,0.0,6.2170000000000005,0.0,0.0,5.5,0.0,0.0,0.0,0.0,0.0,0.0
2017-09-01,21.692,8.044,11.451,18.069000000000003,15.184,10.947000000000001,9.556999999999999,12.611,14.700999999999999,13.74,8.326,15.805,12.745,14.535,11.668,7.888,11.494,16.397000000000002,19.936999999999998,44.064,12.641,22.305,18.59,24.442
2017-10-01,9.295,9.169999999999998,6.568,11.812,8.664,8.791,12.799,12.472000000000001,11.072,5.401,8.201,10.286000000000001,10.887,7.916,9.986,5.718,5.776,13.339,20.779999999999998,20.596,16.488,24.102,16.505000000000003,11.814
2017-11-01,19.762999999999998,16.565,14.285999999999998,19.055,10.305,9.885,9.04,5.945,18.248,11.855,11.263,16.743,9.975,14.386000000000001,4.913,11.451,25.444999999999997,12.911000000000001,19.248,22.65,13.471,24.003,10.195,18.652
2017-12-01,56.632,56.786,62.205,68.357,59.718,58.175,64.825,38.631,69.174,44.903,31.424,52.042,34.629000000000005,54.941,66.30199999999999,41.108,93.126,66.812,78.744,102.011,64.08,72.023,58.782,85.809
2018-01-01,88.273,76.459,100.375,103.353,86.786,72.63,107.388,71.06700000000001,88.79599999999999,81.99600000000001,73.848,98.395,106.988,71.302,90.337,78.377,97.158,103.209,124.136,125.421,118.958,126.275,106.636,119.992
2018-02-01,99.285,124.368,106.209,116.289,124.178,108.622,143.556,101.962,123.709,97.047,88.938,106.025,133.638,93.324,140.55700000000002,100.614,116.738,138.979,142.879,135.82,105.898,153.718,109.652,115.232
2018-03-01,94.549,58.398,92.06700000000001,103.095,68.499,57.236000000000004,83.481,49.023,76.644,72.689,55.422,80.768,63.690999999999995,67.824,67.554,49.964,87.541,106.247,95.441,84.11399999999999,91.785,83.588,75.215,94.014
2018-04-01,10.174,4.829,3.037,11.835,11.541,6.077,17.429000000000002,6.664,11.132,2.712,2.657,9.125,5.7,7.5329999999999995,12.179,4.64,3.197,12.67,19.287,16.334,17.899,10.229,23.127000000000002,7.568
2018-05-01,5.73,5.023,5.27,15.427999999999999,4.725,5.627000000000001,8.353,4.958,6.259,10.568000000000001,4.367,8.452,6.907,5.479,6.717,7.349,3.615,3.3120000000000003,14.921999999999999,14.042,10.67,5.792,15.787,14.301
2018-06-01,6.4350000000000005,5.461,7.228,10.218,5.725,6.444000000000001,1.6809999999999998,4.854,5.494,7.757999999999999,5.568,11.793,2.798,8.339,4.173,7.632999999999999,1.624,1.206,1.5459999999999998,3.2299999999999995,0.584,0.788,1.858,5.334
2018-07-01,9.653,4.4879999999999995,6.976,6.987,6.313000000000001,5.795,8.356000000000002,9.093,6.409,2.466,3.9539999999999997,7.048,7.926,5.521,10.511,2.8680000000000003,2.8810000000000002,8.247,4.348,3.536,5.789999999999999,5.23,6.16,4.319
2018-08-01,8.120000000000001,4.34,2.4,8.565999999999999,7.463,6.249,8.315000000000001,8.045,7.3500000000000005,5.495,9.266,8.338,6.204,6.804,8.493,4.203,2.2110000000000003,8.129,5.822,9.209,6.6579999999999995,5.308999999999999,6.846,8.418
2018-09-01,10.205,7.207,5.130000000000001,8.829,10.176,8.297,8.8,10.631,8.314,10.379000000000001,7.098,7.561,11.082,6.362,11.336,7.591,6.519,10.473,7.809,14.011,6.832,7.306,14.367,10.094
2018-10-01,24.32,17.644,16.578,28.162,22.631999999999998,22.792,17.866,9.542,23.376,12.51,11.626,25.236,9.692,21.436,14.306000000000001,9.428,14.633000000000001,22.430999999999997,38.114,34.685,32.436,38.765,23.256,23.766000000000002
2018-11-01,29.686,24.607,22.366,36.825,16.97,17.66,9.573,7.148,20.685,15.225999999999999,12.902000000000001,29.852,8.115,19.744,8.65,13.671000000000001,44.388,16.296,40.01,33.243,18.376,39.298,12.121,31.491
2018-12-01,116.617,118.337,116.745,129.949,105.279,123.16499999999999,99.762,83.223,102.321,86.824,78.777,110.283,70.48400000000001,107.703,117.763,100.831,182.085,122.495,133.063,145.49099999999999,118.049,126.81200000000001,122.616,121.904
2019-01-01,71.22,89.673,96.128,76.211,85.95,67.026,142.519,103.758,79.342,78.431,110.18900000000001,67.769,145.458,62.992,129.107,109.14,83.044,120.298,141.658,91.256,135.454,136.137,128.727,84.963
2019-02-01,139.5,127.431,115.85000000000001,177.299,143.137,117.68100000000001,147.089,102.889,154.975,90.696,117.827,160.453,122.05799999999999,130.342,144.023,123.553,132.591,164.478,166.267,150.501,146.373,170.562,136.176,142.034
2019-03-01,36.762,24.229,23.348,47.456,34.744,21.95,34.541,21.461,44.783,26.975,15.221,40.541,24.45,21.864,32.841,18.741,25.558,51.063,50.281,52.781,42.742,49.934,42.104,51.294000000000004
2019-04-01,25.88,16.316,11.677999999999999,27.027,35.173,15.722,32.362,17.403000000000002,34.36,9.006,9.744,19.633,7.918,19.366,32.505,15.05,12.052000000000001,33.765,35.249,36.689,27.730999999999998,24.136000000000003,30.706,16.908
2019-05-01,3.535,0.0,2.685,11.684999999999999,4.677,4.709,8.379,0.0,6.668,10.251999999999999,0.0,6.9959999999999996,6.758,3.698,6.061,7.17,3.608,3.693,21.67,19.363,15.075,7.289,23.560000000000002,14.117999999999999
2019-06-01,2.7720000000000002,2.179,3.4440000000000004,4.023,2.5840000000000005,2.4720000000000004,0.689,2.0170000000000003,2.3449999999999998,4.608,3.093,2.857,0.968,3.547,1.396,3.6740000000000004,0.9670000000000001,0.825,0.0,0.0,0.0,0.0,0.278,1.338
2019-07-01,3.5,0.0,3.531,0.0,0.0,0.0,0.0,0.0,3.242,0.0,0.0,2.852,0.0,0.0,0.0,0.0,1.9949999999999999,2.67,2.483,2.193,3.247,2.702,3.603,2.312
2019-08-01,0.0,0.0,0.0,0.0,0.0,0.0,6.704000000000001,6.608,0.0,0.0,7.538,0.0,5.720000000000001,0.0,6.224,0.0,0.0,5.529999999999999,0.0,0.0,0.0,0.0,5.236000000000001,0.0
2019-09-01,28.068,19.647000000000002,14.468,18.858,32.979,22.701999999999998,15.068000000000001,18.891,28.407,32.76,13.022,16.808,11.925,22.456,25.346,18.688000000000002,22.023000000000003,35.798,20.317999999999998,38.257,16.696,20.744,24.563,20.187
2019-10-01,9.437000000000001,10.399,5.29,10.355,7.488,8.139,8.08,9.133,10.038,5.9239999999999995,7.842,10.219000000000001,9.709,8.251999999999999,6.207,5.989000000000001,5.277,11.655,14.423,15.319,13.715,13.895,11.614999999999998,10.552
2019-11-01,26.676000000000002,30.73,21.534,30.73,26.177,19.6,13.602,9.348,33.884,19.7,15.774000000000001,25.694,9.241,20.612,12.347999999999999,16.921,40.005,24.039,47.061,52.747,28.475,51.45,23.832,32.385
2019-12-01,29.798000000000002,25.796,26.716,39.456,27.09,27.474,21.505,16.029,40.784,21.901,16.091,33.314,15.742999999999999,24.844,27.076,19.983,44.422,37.336,64.856,72.143,50.43,63.173,46.811,52.744
2020-01-01,62.306,49.434,56.882999999999996,93.327,43.66,42.684,42.578,53.166000000000004,40.001,56.979,42.8,76.335,70.374,47.391,45.111999999999995,50.352000000000004,60.286,45.781,54.825,94.971,59.289,58.417,52.769999999999996,94.309
2020-02-01,87.092,81.625,91.29299999999999,121.524,93.237,74.226,113.106,74.791,106.584,62.887,63.131,106.725,103.126,69.084,93.257,66.629,97.856,103.602,135.524,131.55700000000002,122.46300000000001,138.959,120.027,121.684
2020-03-01,49.872,43.286,54.613,49.135,61.29,44.402,69.643,34.715,56.513,45.519,32.403,45.120999999999995,54.206999999999994,40.429,59.830999999999996,36.095,53.91,63.584,67.742,65.448,62.107,63.787,64.427,59.916
2020-04-01,7.729,0.0,4.022,8.52,5.716,4.256,6.718,0.0,5.721,3.467,3.141,6.063000000000001,0.0,5.491,5.423,4.506,0.0,5.296,7.942,7.1579999999999995,8.683,4.454,10.786999999999999,5.612
2020-05-01,3.6189999999999998,4.039,2.792,8.1,4.101,4.974,9.509,5.045,4.294,7.706,3.938,5.328,7.486000000000001,3.94,6.1,6.073,2.737,2.6980000000000004,9.863,8.442,8.898,4.0680000000000005,13.528,8.979
2020-06-01,2.112,2.1630000000000003,2.7230000000000003,2.742,2.411,2.323,0.827,3.208,2.123,4.302,3.088,3.427,1.524,3.024,1.376,3.604,0.887,0.786,0.369,0.34,0.343,0.08900000000000001,0.932,1.091
2020-07-01,1.329,0.9349999999999999,1.075,0.985,0.923,0.874,1.714,1.8830000000000002,1.533,0.544,1.073,0.979,2.838,0.739,1.7089999999999999,0.726,0.606,1.175,0.742,0.503,1.123,0.7070000000000001,1.435,0.6880000000000001
2020-08-01,7.761,3.846,2.189,8.467,6.694,5.436999999999999,8.676,8.969999999999999,6.373,5.292,9.907,7.781000000000001,6.085,6.006,10.597,0.0,0.0,6.167,3.572,6.568,4.918,3.128,3.422,7.459999999999999
2020-09-01,17.211,9.849,9.586,16.28,19.939,12.927,9.181,12.93,18.454,26.063000000000002,10.366,13.753,13.239,11.703,13.317,13.224,12.275,16.476,17.706,37.591,13.024999999999999,17.122,19.982,18.244
2020-10-01,11.959999999999999,10.016,7.359,13.565,8.965,10.178999999999998,10.450000000000001,10.436,8.878,7.469,9.623,11.536,10.194,10.233,8.567,6.987,6.468,10.687000000000001,9.046,14.533,8.246,14.128,9.709,10.523
2020-11-01,11.561,14.666,10.333,13.112,5.618,6.055,7.264,5.968,7.896999999999999,10.929,8.764,10.691,8.079,8.16,5.432,9.233,22.061,6.952,12.799,11.183,11.442,10.136000000000001,11.075,9.286999999999999
2020-12-01,52.385,65.032,43.485,50.372,56.824,59.756,66.167,50.118,70.653,39.981,53.312,45.21,47.947,48.717,67.057,53.611,60.968999999999994,78.821,98.489,96.12899999999999,79.57000000000001,96.06700000000001,85.93,74.706
