fecha,100,101,102,105,106,107,108,111,112,113,114,115,116,117,118,119,120,121,200,201,202,203,204,205
1981-01-01,118.149,102.23,119.242,109.041,219.247,83.651,127.102,149.356,166.686,101.278,111.397,94.87,106.637,111.7,155.711,107.716,108.714,211.83,131.666,107.471,73.455,124.438,143.631,103.849
1981-02-01,132.323,114.965,123.075,90.731,234.006,79.243,98.077,149.482,181.317,87.565,103.131,86.691,99.759,129.459,140.608,97.611,125.278,203.817,121.493,91.379,60.664,104.295,153.297,128.145
1981-03-01,67.628,63.111,92.965,54.065,145.302,56.728,49.011,88.07,93.127,54.826,51.583,52.402,54.006,73.804,65.672,81.903,70.334,105.564,65.984,44.774,44.284,75.203,64.503,62.667
1981-04-01,25.34,19.381,21.358,16.706,32.205,14.638,13.906,17.966,24.169,16.535,10.658,25.299,14.982,20.097,21.774,12.196,14.764,28.493,31.044,28.416,16.024,35.466,21.904,25.923
1981-05-01,0.0,1.645,0.0,5.303,0.0,2.487,2.529,3.175,3.772,1.429,0.0,3.418,0.931,0.0,2.338,1.812,3.374,2.621,2.085,3.649,0.452,2.391,1.579,7.72
1981-06-01,0.0,0.0,0.0,0.0,0.0,0.0,0.94,1.822,0.0,1.403,1.07,0.0,0.0,0.0,2.103,0.886,3.538,0.0,0.0,0.0,0.0,0.0,0.0,22.351
1981-07-01,0.0,0.0,6.588,0.0,10.017,0.0,0.0,0.0,0.0,0.0,0.0,0.0,0.0,0.0,3.569,0.0,0.0,0.0,5.611,8.81,3.48,8.386,0.0,15.278
1981-08-01,17.054,6.818,21.874,18.003,13.381,5.435,3.416,3.496,8.736,7.546,3.082,15.829,1.695,11.874,5.165,9.099,19.38,9.98,11.506,15.486,6.646,13.807,8.907,20.67
1981-09-01,41.88,12.153,35.093,28.229,32.69,16.19,6.951,7.009,27.191,12.57,6.295,29.309,3.393,29.434,16.544,9.969,21.385,33.639,15.831,31.941,6.231,18.022,7.271,30.386
1981-10-01,23.647,7.644,14.692,30.971,32.997,6.871,6.637,10.871,28.994,7.019,5.067,19.985,7.042,16.285,9.312,7.35,10.87,26.464,28.951,52.27,13.548,32.477,16.893,47.25
1981-11-01,28.26,10.083,22.436,39.269,35.915,14.444,16.673,12.909,22.006,12.003,5.589,28.065,9.916,28.04,23.12,8.32,16.047,27.638,23.822,31.185,22.298,24.712,35.592,46.708
1981-12-01,78.306,62.12,78.761,81.239,103.298,47.06,57.219,73.363,77.464,71.97,52.243,59.9,43.253,65.169,78.128,60.991,68.707,114.216,99.145,66.511,58.567,105.337,71.578,62.09
1982-01-01,139.011,104.44,124.908,117.886,229.712,97.582,125.925,152.842,154.331,105.548,116.024,106.71,82.423,118.417,159.807,105.681,101.392,212.58,177.347,118.136,89.294,166.326,177.603,148.966
1982-02-01,34.446,32.137,45.127,35.518,67.864,25.754,34.894,37.336,48.132,65.775,45.172,33.485,31.407,37.353,45.391,48.287,58.325,68.054,43.913,37.728,27.798,39.542,58.426,51.268
1982-03-01,88.48,49.138,96.403,114.25,116.865,46.052,57.181,75.682,87.588,50.971,36.974,80.054,35.567,75.143,107.036,58.572,65.436,135.622,58.973,51.565,45.647,81.556,96.146,79.711
1982-04-01,25.959,16.924,15.934,21.052,40.285,15.856,12.393,15.952,38.914,15.464,13.509,20.856,8.782,19.105,20.359,16.849,10.14,40.719,36.78,31.13,13.786,35.594,16.548,29.823
1982-05-01,0.0,1.508,0.0,4.164,0.0,0.0,2.653,4.714,0.0,1.383,1.571,0.0,1.0,0.0,3.107,1.373,0.0,3.194,1.675,0.0,0.364,2.261,1.522,6.001
1982-06-01,6.234,3.882,4.774,4.902,11.199,3.699,0.0,3.014,6.302,3.463,0.0,5.052,0.0,6.486,5.516,1.499,3.088,16.391,0.0,0.0,0.0,0.0,0.0,0.0
1982-07-01,5.672,0.0,0.0,8.46,0.0,0.0,2.722,0.0,0.0,0.0,2.014,6.199,4.501,7.701,0.0,2.667,3.556,0.0,4.743,6.824,2.462,0.0,0.0,13.518
1982-08-01,10.052,5.121,8.716,8.808,12.243,4.401,4.15,3.154,7.574,2.932,2.014,8.371,1.745,8.881,5.337,3.721,8.168,8.976,7.891,13.236,4.673,9.539,6.528,25.526
1982-09-01,24.695,6.585,16.822,15.203,20.571,9.797,5.996,6.932,17.641,9.916,5.112,12.817,2.113,12.498,12.423,8.763,12.561,18.611,12.014,17.945,6.993,12.85,8.663,19.215
1982-10-01,19.454,12.84,17.191,20.649,44.552,12.657,10.044,14.046,28.267,13.494,7.548,20.401,8.269,22.045,19.333,14.679,17.999,40.443,40.505,31.906,22.575,26.023,28.062,34.272
1982-11-01,31.214,13.89,29.774,40.729,59.397,17.051,15.922,18.302,36.982,20.511,8.954,29.816,12.135,31.446,22.854,13.861,26.822,36.159,57.279,35.955,30.087,41.415,40.069,56.016
1982-12-01,39.005,15.135,39.903,35.318,39.998,17.167,16.589,19.667,26.501,36.177,13.958,22.89,10.482,30.731,28.871,22.358,43.841,25.657,30.423,23.402,12.961,35.725,29.124,26.612
1983-01-01,46.588,18.288,44.575,51.04,75.95,29.141,32.803,31.2,60.37,30.878,13.818,40.76,40.39,42.415,26.075,23.679,39.128,48.546,46.867,67.619,18.096,41.677,31.556,52.45
1983-02-01,48.548,26.148,53.872,45.2,86.514,33.378,25.622,29.515,49.84,37.741,19.528,46.091,13.122,48.423,26.747,34.19,40.089,43.305,22.229,39.407,18.865,32.621,38.695,48.6
1983-03-01,23.596,13.131,26.345,34.003,26.222,8.728,9.391,11.2,23.636,14.125,7.294,19.035,15.16,22.704,15.416,15.53,22.632,25.251,19.481,25.17,13.384,20.079,20.97,33.446
1983-04-01,20.356,13.006,15.28,17.381,32.313,14.101,8.944,10.777,25.947,12.688,7.201,17.893,0.0,21.784,14.471,6.054,11.39,20.76,19.985,15.373,9.867,24.973,12.689,20.453
1983-05-01,2.693,2.091,3.068,6.399,7.859,1.853,3.026,5.023,5.757,1.337,1.765,4.441,0.93,0.0,4.424,1.649,3.176,4.823,2.009,5.323,0.272,1.704,1.516,10.682
1983-06-01,5.59,4.282,4.869,3.866,8.157,3.855,6.386,3.938,0.0,3.762,2.569,4.119,0.0,5.309,4.607,2.112,5.604,0.0,0.0,0.0,0.0,0.0,0.0,0.0
1983-07-01,3.743,6.098,9.172,4.576,12.918,4.485,3.534,1.984,2.169,3.863,0.981,11.015,0.0,3.569,1.913,3.113,2.857,4.117,5.126,4.272,2.682,2.626,3.641,8.629
1983-08-01,17.256,7.776,19.951,11.819,14.232,5.59,3.523,3.863,8.75,6.926,3.342,12.557,1.934,12.573,5.553,9.904,20.142,9.394,7.944,13.81,4.401,11.066,6.493,22.409
1983-09-01,21.333,5.235,16.288,19.874,17.329,8.086,6.881,5.128,19.781,7.625,3.112,15.272,2.112,15.929,11.468,5.591,10.409,20.564,12.486,20.081,6.701,13.587,9.206,24.647
1983-10-01,14.945,8.317,15.215,17.72,13.53,5.955,4.36,11.038,9.722,9.199,5.102,12.19,6.269,13.858,9.197,8.481,13.09,10.124,8.628,12.393,5.615,6.643,7.548,15.113
1983-11-01,20.592,9.918,24.222,23.417,14.848,7.827,5.494,10.436,9.11,15.772,6.869,21.078,6.466,17.404,8.736,10.469,17.957,10.945,15.184,14.305,14.17,9.318,13.28,16.41
1983-12-01,25.562,22.815,40.611,33.997,62.492,20.661,31.747,21.448,56.598,35.737,13.982,28.669,16.702,32.445,36.393,23.217,43.883,81.666,80.494,54.223,38.899,73.584,61.08,63.174
1984-01-01,164.148,154.98,198.718,170.141,450.919,165.777,188.099,245.673,320.866,169.483,235.124,132.112,181.602,187.975,253.667,214.212,153.927,418.793,283.27,198.068,151.558,275.931,260.647,176.566
1984-02-01,169.231,147.193,167.316,144.75,414.227,131.506,145.353,210.529,272.182,115.611,157.955,124.266,162.264,174.464,217.481,172.493,158.022,348.783,229.544,142.967,154.224,233.039,351.967,147.683
1984-03-01,100.87,97.879,118.306,115.766,255.925,90.96,103.893,117.261,133.58,94.667,68.033,73.367,87.487,118.589,159.938,99.07,115.095,263.45,140.467,82.235,99.316,151.728,179.081,111.856
1984-04-01,17.504,11.433,11.302,12.149,28.837,9.617,13.444,15.648,27.174,8.264,8.183,11.121,8.606,14.334,16.454,11.474,13.285,22.271,27.394,17.079,12.304,18.241,16.738,21.718
1984-05-01,3.355,1.779,3.851,3.698,6.746,0.0,2.444,0.0,4.039,1.375,0.0,3.439,1.0,3.372,3.155,1.605,3.729,3.575,2.336,3.638,0.467,3.216,1.61,7.942
1984-06-01,15.187,7.2,6.137,10.963,15.994,4.53,2.33,4.695,9.686,3.91,3.363,11.497,3.321,10.697,8.903,3.467,7.029,0.0,0.0,0.0,0.0,15.864,2.69,0.0
1984-07-01,0.0,0.0,0.0,0.0,0.0,0.0,0.0,4.129,0.0,0.0,0.0,0.0,6.028,0.0,0.0,0.0,0.0,0.0,0.0,0.0,0.0,0.0,3.726,0.0
1984-08-01,13.746,5.463,0.0,12.416,9.815,4.119,2.496,2.665,6.396,5.463,2.553,11.973,1.666,9.591,3.461,6.678,0.0,5.942,6.48,11.533,4.601,3.723,7.057,18.19
1984-09-01,15.735,4.02,10.816,14.37,14.665,4.924,6.803,5.029,8.934,4.969,2.87,10.706,2.113,8.671,9.081,4.228,8.114,11.497,5.617,10.524,4.447,5.608,6.35,13.66
1984-10-01,27.194,17.507,29.775,41.907,46.012,18.609,11.471,13.072,26.437,14.964,7.355,24.073,7.171,24.006,20.912,13.73,22.234,24.953,27.611,36.066,23.377,27.803,47.444,41.751
1984-11-01,76.961,43.466,80.291,76.17,92.76,38.969,33.963,35.554,56.812,38.778,21.224,65.241,15.822,72.998,50.689,36.223,57.161,76.281,94.417,51.53,71.777,58.978,117.981,81.116
1984-12-01,65.881,29.264,60.623,68.982,109.765,42.174,33.206,22.656,67.98,31.744,16.364,57.567,10.326,50.825,36.52,24.608,50.333,81.184,55.016,46.916,26.772,58.971,48.487,63.036
1985-01-01,142.465,95.684,120.772,126.242,233.064,104.293,77.513,89.121,156.466,75.769,79.82,110.764,55.078,133.199,125.384,89.45,92.472,151.713,123.328,103.708,53.056,130.06,123.066,100.8
1985-02-01,99.948,108.19,99.079,76.443,238.084,96.442,159.222,208.046,188.658,99.11,120.255,77.83,170.491,117.089,221.301,150.279,109.553,231.324,163.489,85.305,105.026,132.034,251.368,98.333
1985-03-01,55.141,36.658,54.321,52.047,92.779,36.953,55.352,61.917,59.143,37.402,26.847,42.948,37.628,47.385,64.434,41.982,46.209,78.523,85.245,46.201,59.303,59.563,91.654,59.233
1985-04-01,54.873,29.811,39.766,33.16,83.923,26.408,21.659,24.805,84.44,29.697,21.945,40.783,10.033,48.07,37.38,29.985,34.81,74.866,59.775,47.793,23.458,61.614,33.101,71.391
1985-05-01,0.0,2.013,4.507,5.158,9.049,2.309,2.783,4.819,6.366,1.423,1.882,0.0,1.131,4.049,4.131,1.702,3.553,4.965,2.695,5.414,0.465,3.512,1.607,8.797
1985-06-01,0.0,0.0,9.25,11.009,10.013,6.187,0.0,3.48,5.472,4.22,2.063,11.077,2.868,6.013,5.966,2.841,3.947,21.623,14.502,0.0,1.092,0.0,10.781,30.649
1985-07-01,3.967,0.0,0.0,8.073,0.0,2.507,0.0,0.0,3.554,0.0,0.0,7.001,0.0,6.216,0.0,0.0,0.0,7.714,0.0,5.278,0.0,2.912,0.0,10.599
1985-08-01,13.621,5.597,10.068,10.404,11.497,4.462,3.185,3.627,7.682,5.902,2.422,12.252,1.747,9.177,4.734,7.735,0.0,8.826,7.819,12.005,4.467,9.228,0.0,18.46
1985-09-01,42.317,10.639,27.437,24.615,46.788,17.191,9.874,6.17,46.553,12.176,4.267,28.07,2.114,28.419,13.881,7.698,20.372,35.876,11.68,35.178,6.183,17.141,8.403,36.99
1985-10-01,10.558,6.727,11.568,13.735,13.497,5.404,5.824,9.453,9.967,7.187,4.129,10.571,6.354,8.1,10.89,7.465,11.249,11.737,13.223,27.076,7.405,14.245,11.925,28.224
1985-11-01,49.117,45.65,74.594,47.068,105.024,43.552,45.439,45.023,55.12,67.345,31.816,38.262,21.156,53.436,65.669,39.635,75.265,103.325,50.332,53.5,44.944,60.857,62.925,56.064
1985-12-01,112.909,64.517,123.091,81.957,152.575,67.507,57.36,62.66,106.421,86.578,46.138,74.535,33.246,121.873,83.29,60.762,111.074,126.249,98.33,71.127,72.183,97.452,105.873,75.804
1986-01-01,100.996,95.943,94.471,75.331,176.593,66.463,134.359,122.014,113.68,70.38,70.686,79.659,98.696,94.55,133.426,74.644,68.243,151.148,116.143,83.718,76.249,115.827,177.508,91.258
1986-02-01,57.022,49.9,62.154,51.895,154.533,46.132,64.409,76.463,108.67,34.728,44.634,41.814,36.92,55.024,65.628,46.954,52.016,149.967,115.89,60.959,73.757,109.229,202.053,72.686
1986-03-01,103.863,73.867,99.625,111.923,206.96,67.925,91.251,122.657,134.555,67.32,65.446,79.746,59.045,107.751,115.913,84.619,76.023,179.408,155.088,70.778,75.843,138.943,149.386,75.802
1986-04-01,29.744,22.709,30.282,24.29,37.356,17.869,13.272,19.893,47.431,11.159,11.819,21.809,10.849,21.659,25.429,11.909,20.466,30.9,24.032,21.074,11.106,19.946,16.019,28.184
1986-05-01,0.0,0.0,0.0,5.417,10.003,3.196,2.748,0.0,6.351,1.355,1.882,0.0,0.93,4.489,4.205,1.798,3.717,5.402,2.466,5.068,0.46,4.154,1.404,10.769
1986-06-01,0.0,0.0,4.718,4.792,0.0,0.0,0.0,0.0,4.645,0.0,0.0,5.083,0.0,0.0,0.0,0.0,0.0,0.0,0.0,0.0,0.0,0.0,0.0,14.834
1986-07-01,0.0,0.0,0.0,0.0,0.0,0.0,0.0,0.0,0.0,0.0,0.0,0.0,0.0,0.0,0.0,0.0,0.0,0.0,0.0,0.0,0.0,0.0,0.0,0.0
1986-08-01,14.138,6.15,16.496,10.831,14.455,4.602,4.401,3.73,7.323,5.35,2.618,13.59,1.938,10.4,5.38,7.814,12.992,8.334,10.572,12.548,6.795,10.077,9.323,18.172
1986-09-01,34.992,11.14,32.347,31.433,33.736,15.313,6.45,6.809,25.788,8.34,5.25,26.466,2.112,26.908,12.716,8.288,17.85,31.304,9.128,32.914,5.039,12.273,6.82,36.507
1986-10-01,16.21,8.898,14.1,15.808,17.751,6.511,4.869,11.666,12.679,8.439,5.648,13.201,6.368,14.732,10.332,8.762,13.32,10.287,0.0,12.012,4.416,7.361,7.053,21.07
1986-11-01,17.438,12.65,21.496,24.73,37.536,12.056,9.074,14.791,20.22,18.708,10.593,21.389,12.15,24.651,17.339,16.637,24.762,28.998,36.829,34.994,17.98,26.694,26.491,29.864
1986-12-01,118.823,130.132,128.596,119.206,270.151,106.476,99.308,171.075,167.891,77.693,96.275,93.77,85.389,114.915,171.768,113.122,78.082,203.787,114.484,89.07,59.297,121.927,112.873,124.371
1987-01-01,145.513,139.267,174.873,141.86,331.443,98.891,179.982,207.542,196.201,132.698,199.521,123.224,156.438,157.357,232.138,166.736,162.403,246.938,231.652,120.04,122.771,208.055,233.768,157.683
1987-02-01,17.29,17.699,18.923,13.601,33.029,13.29,25.432,28.328,27.035,22.83,21.692,15.374,19.471,15.522,26.594,24.739,23.026,28.938,26.623,15.995,16.346,23.931,46.6,30.697
1987-03-01,49.742,24.11,45.9,44.792,50.177,26.835,17.356,32.286,49.037,33.323,27.126,34.809,31.212,35.677,31.439,42.11,45.201,46.784,16.64,28.232,15.422,19.08,28.864,46.371
1987-04-01,12.171,5.681,12.79,10.926,18.764,6.043,5.246,0.0,14.912,5.106,5.688,12.262,6.754,14.502,8.595,0.0,11.059,10.434,10.133,10.684,4.594,9.997,7.66,21.205
1987-05-01,5.95,0.0,5.045,7.913,0.0,2.949,2.678,4.764,5.933,1.567,0.0,5.323,0.932,4.817,4.259,1.93,3.873,3.051,2.549,5.546,0.346,3.954,1.391,12.079
1987-06-01,11.289,5.268,7.149,8.405,12.064,4.568,0.0,3.196,7.165,4.258,2.645,8.172,1.505,7.7,6.888,2.613,6.688,9.705,0.0,0.0,0.0,0.0,0.0,14.181
1987-07-01,4.724,4.263,5.971,7.479,11.577,2.778,4.137,4.278,2.374,4.1,1.103,6.367,0.0,6.739,4.564,2.526,2.69,11.585,8.952,0.0,4.764,0.0,0.0,8.547
1987-08-01,7.354,0.0,0.0,6.575,7.192,2.83,2.468,2.49,4.097,0.0,1.986,6.537,1.686,6.11,3.227,0.0,0.0,5.074,0.0,7.219,0.0,0.0,0.0,9.889
1987-09-01,20.615,5.619,12.621,17.731,17.037,7.145,7.22,6.002,14.165,5.506,4.04,14.59,2.111,12.36,11.648,5.796,7.881,16.574,6.848,14.308,4.563,8.022,6.486,20.562
1987-10-01,28.244,16.36,23.373,29.256,23.717,10.693,7.83,14.992,17.091,14.154,7.805,24.675,7.06,21.876,17.582,13.146,20.109,23.753,15.831,28.16,9.777,22.479,15.649,31.345
1987-11-01,27.085,11.764,24.603,35.911,100.612,33.503,27.31,31.288,58.835,15.59,16.14,26.63,12.522,21.19,50.805,13.289,21.618,76.667,54.423,53.177,39.374,56.28,46.728,36.623
1987-12-01,28.805,9.251,24.267,21.629,24.037,12.174,12.678,12.754,23.628,20.26,5.943,25.172,8.655,17.668,21.405,12.291,25.546,44.259,34.135,27.161,16.685,25.145,21.653,25.656
1988-01-01,87.516,65.749,88.84,78.087,189.41,66.042,123.107,106.245,135.62,72.844,84.215,72.767,94.444,95.22,131.175,101.239,84.145,174.274,140.592,109.306,74.776,151.811,169.372,98.66
1988-02-01,66.69,68.744,63.192,68.494,119.498,46.177,29.274,38.783,86.863,49.98,48.405,55.902,18.892,65.665,46.387,67.588,63.178,97.781,32.324,39.976,16.812,32.8,42.274,82.861
1988-03-01,99.654,59.224,99.225,118.443,167.552,49.518,39.085,67.63,108.872,54.069,46.694,79.513,40.207,75.531,109.32,69.397,82.046,118.107,99.176,67.44,43.385,82.693,79.466,131.85
1988-04-01,34.212,11.35,44.662,30.353,21.525,9.946,6.73,10.303,20.03,23.621,12.655,26.525,8.359,19.282,10.404,15.915,35.822,17.371,29.676,13.714,13.189,15.767,17.745,33.433
1988-05-01,9.405,3.14,9.175,10.682,14.372,4.665,4.009,5.779,9.532,2.661,2.263,7.966,1.505,9.158,5.72,2.43,6.234,5.579,3.431,8.661,0.697,4.229,2.421,16.429
1988-06-01,7.048,4.15,5.537,6.608,11.132,4.294,9.081,3.938,6.564,3.454,2.421,5.766,3.127,6.786,6.166,2.146,5.508,17.71,18.283,0.0,1.751,5.741,9.574,0.0
1988-07-01,0.0,0.0,0.0,0.0,7.071,2.756,1.964,0.0,2.628,0.0,0.0,0.0,0.0,0.0,2.312,0.0,0.0,5.498,3.761,0.0,1.757,4.002,0.0,0.0
1988-08-01,4.169,2.987,0.0,6.289,0.0,1.943,2.097,2.166,0.0,0.0,1.828,0.0,1.572,4.044,2.672,0.0,0.0,4.036,0.0,3.152,2.783,0.0,0.0,7.442
1988-09-01,21.877,10.37,15.959,19.241,15.278,10.605,7.008,6.901,14.483,10.407,6.313,17.442,2.086,16.85,11.279,9.704,19.325,13.986,6.467,17.672,4.927,7.339,6.544,18.923
1988-10-01,13.529,8.245,13.327,14.034,11.645,5.694,4.017,9.142,11.361,7.824,4.566,11.127,6.793,9.855,10.321,7.666,11.224,8.139,6.683,11.461,0.0,6.42,0.0,16.516
1988-11-01,13.018,7.969,13.477,15.633,15.392,5.988,5.413,8.188,12.311,8.799,5.872,12.419,5.872,13.166,8.676,6.62,12.393,7.634,10.358,16.366,8.512,8.422,3.977,18.074
1988-12-01,53.126,31.745,60.497,49.765,56.677,23.951,30.63,37.014,50.991,41.607,20.683,37.315,18.948,39.089,34.744,28.709,49.257,62.236,57.724,48.095,33.3,57.111,43.587,58.177
1989-01-01,52.216,38.583,60.129,64.178,91.124,33.339,67.242,47.974,87.552,39.644,25.434,52.199,48.62,63.618,84.685,38.595,53.936,118.081,117.683,76.299,59.279,105.608,151.513,67.961
1989-02-01,57.175,37.08,49.661,54.792,85.409,34.554,55.453,55.173,82.114,43.099,43.678,41.784,21.705,42.741,54.638,39.789,42.426,85.327,106.879,55.021,73.7,83.333,140.65,77.742
1989-03-01,36.43,26.15,36.455,32.038,69.83,19.615,44.652,56.214,47.279,28.123,19.325,38.114,32.104,27.79,42.622,27.354,35.083,93.487,78.635,29.793,59.525,58.26,119.031,43.618
1989-04-01,34.282,41.431,29.025,28.293,56.63,21.866,22.488,24.261,33.02,20.266,16.519,20.706,18.149,30.961,41.365,18.961,27.617,46.994,38.95,19.13,24.464,26.653,27.094,37.605
1989-05-01,2.573,0.0,0.0,5.837,0.0,3.516,3.174,0.0,7.579,1.328,1.88,4.799,1.074,5.265,5.098,1.955,3.44,2.264,2.869,8.373,0.457,5.218,1.618,14.961
1989-06-01,8.92,5.992,0.0,0.0,12.952,4.936,0.0,4.261,7.495,3.719,3.005,6.324,3.061,6.499,4.522,2.8,6.483,14.624,23.443,12.424,2.943,0.0,0.0,0.0
1989-07-01,7.556,6.537,7.078,9.981,11.653,3.843,5.096,5.801,4.842,4.146,2.544,8.131,0.0,9.927,5.605,3.461,0.0,11.325,7.564,13.395,3.539,7.726,4.371,18.671
1989-08-01,6.898,0.0,0.0,6.83,6.903,2.625,2.234,2.254,3.779,0.0,1.794,6.515,1.722,0.0,2.941,0.0,0.0,5.083,4.5,7.449,3.495,4.195,5.208,10.024
1989-09-01,16.583,4.278,10.85,14.81,13.534,5.695,6.606,4.919,11.259,4.597,2.953,12.02,1.96,10.102,9.478,4.975,6.975,13.397,6.594,13.316,4.807,7.142,7.003,17.369
1989-10-01,15.582,10.017,13.063,14.547,16.065,8.459,6.419,11.125,11.098,6.5,5.05,14.337,6.628,12.072,12.572,7.27,11.552,13.75,5.243,15.905,3.987,8.112,7.004,21.332
1989-11-01,29.73,11.274,24.489,28.797,25.268,10.747,8.187,11.579,14.558,14.207,6.648,23.753,8.032,24.546,7.531,8.36,20.708,12.135,16.857,19.093,11.033,12.695,15.044,24.713
1989-12-01,35.53,19.472,37.123,39.247,46.318,21.857,16.49,22.395,34.183,28.57,14.604,29.656,10.292,29.092,20.53,21.624,39.858,38.923,34.769,35.035,16.87,28.173,31.609,34.313
1990-01-01,90.24,62.316,125.317,76.475,128.827,53.819,48.571,76.973,101.525,81.759,90.364,66.361,69.576,85.232,87.326,87.578,119.56,109.09,79.103,89.777,37.624,106.714,79.056,82.549
1990-02-01,43.431,39.364,45.617,46.091,80.815,34.797,23.761,21.773,51.322,40.102,21.705,37.729,17.867,47.403,21.382,41.345,41.097,60.777,36.936,25.119,17.033,47.756,45.358,86.008
1990-03-01,23.804,11.134,19.291,21.254,22.284,11.135,12.41,22.25,25.709,15.9,11.563,16.921,19.96,23.002,15.694,17.151,17.94,22.001,22.447,17.997,18.8,25.803,40.96,29.182
1990-04-01,10.484,7.015,12.933,9.906,13.296,5.817,5.347,0.0,15.321,10.949,5.719,9.782,0.0,9.118,7.118,6.866,9.253,11.688,11.499,11.498,5.398,9.855,8.852,8.914
1990-05-01,8.891,3.646,8.577,11.993,10.63,4.194,2.463,5.387,8.151,2.01,1.72,9.933,0.997,7.744,5.171,2.553,0.0,2.38,2.681,6.935,0.512,2.794,1.987,18.123
1990-06-01,14.297,6.259,10.034,12.761,14.361,5.886,11.286,4.545,8.453,7.262,3.364,11.11,3.495,10.148,7.938,3.674,11.092,21.779,30.516,17.124,3.919,18.765,15.439,36.532
1990-07-01,0.0,5.495,0.0,6.695,8.229,3.553,0.0,3.487,3.234,2.275,1.436,0.0,0.0,6.67,3.827,2.16,4.122,0.0,0.0,0.0,3.703,0.0,6.179,13.171
1990-08-01,9.064,5.243,14.515,10.159,8.819,3.695,3.234,3.106,4.821,5.998,2.329,10.969,1.718,7.328,3.904,5.622,0.0,5.913,8.134,7.465,6.511,7.507,10.162,11.08
1990-09-01,13.498,3.374,8.565,13.019,10.952,4.581,6.381,4.907,11.077,3.977,2.897,10.85,2.112,8.12,8.385,3.721,6.194,13.025,7.424,12.884,4.614,6.901,6.451,15.065
1990-10-01,33.834,18.506,32.286,37.457,42.769,18.435,10.966,13.459,29.763,12.778,7.325,29.339,6.287,29.247,19.403,12.719,24.172,31.382,33.767,36.861,22.151,27.748,24.377,40.044
1990-11-01,56.685,38.791,62.559,47.457,72.886,30.542,22.831,24.145,37.614,38.668,20.958,42.069,15.705,48.706,38.286,32.108,40.821,62.081,53.209,49.949,30.852,40.423,46.956,49.251
1990-12-01,89.342,40.583,73.035,61.873,107.303,39.74,54.947,93.976,69.017,53.463,41.82,63.164,48.486,51.79,77.395,41.502,61.307,76.867,70.42,47.292,37.68,64.073,75.089,64.966
1991-01-01,82.808,66.239,85.824,95.536,104.562,42.631,61.873,88.174,78.034,92.502,95.41,75.795,73.511,72.261,94.091,87.608,100.958,108.365,71.445,63.08,42.164,75.559,83.188,77.682
1991-02-01,49.432,47.424,54.657,44.591,92.203,33.476,22.094,39.547,61.046,49.023,37.437,39.468,27.09,44.364,43.928,51.919,54.239,65.923,41.5,32.993,18.48,55.95,39.357,43.365
1991-03-01,51.674,37.5,64.067,60.977,86.397,30.656,43.137,54.259,74.154,35.544,31.797,43.525,44.152,51.716,66.622,37.673,48.024,111.472,62.074,38.493,37.883,47.056,68.046,51.563
1991-04-01,15.213,9.774,16.083,12.523,15.09,6.675,7.883,11.036,11.771,11.234,7.595,11.129,8.112,11.592,11.824,9.34,12.311,13.683,19.572,15.733,12.291,10.308,13.851,17.58
1991-05-01,3.547,1.973,4.105,4.16,6.35,2.3,2.321,3.182,3.082,1.477,1.52,2.882,1.07,4.382,0.0,1.651,3.554,3.82,2.323,3.555,0.51,2.846,1.822,6.976
1991-06-01,12.054,4.869,7.37,10.015,10.124,4.815,9.618,4.219,7.324,3.704,2.351,9.813,3.063,8.287,5.703,2.382,6.149,15.809,25.667,29.482,2.043,13.58,12.057,35.842
1991-07-01,0.0,0.0,0.0,0.0,0.0,0.0,3.674,0.0,0.0,0.0,2.273,5.462,0.0,0.0,3.462,0.0,0.0,0.0,0.0,0.0,0.0,0.0,0.0,0.0
1991-08-01,7.203,0.0,0.0,8.674,0.0,0.0,2.388,2.223,0.0,0.0,1.842,6.353,1.659,0.0,2.908,0.0,0.0,4.754,3.745,5.923,0.0,3.41,6.643,0.0
1991-09-01,13.834,3.665,10.207,11.848,9.219,4.69,6.345,4.776,8.074,4.619,3.475,11.915,2.112,6.955,9.822,4.067,5.794,14.996,6.371,13.438,4.531,7.168,6.307,13.307
1991-10-01,12.995,10.538,24.091,12.37,17.3,7.927,6.319,9.855,11.469,8.009,5.225,8.92,6.569,11.246,9.887,8.618,17.62,16.388,14.781,13.763,9.078,11.548,15.107,15.958
1991-11-01,22.892,11.982,16.881,27.589,29.367,11.487,13.261,12.454,18.656,12.281,6.947,19.144,9.328,18.976,14.739,9.85,18.091,26.245,18.047,19.891,14.924,18.888,25.592,30.635
1991-12-01,26.801,14.991,30.96,33.982,40.417,12.676,12.206,17.632,25.38,23.554,10.352,24.348,9.888,23.856,22.429,16.615,29.514,28.453,20.515,24.736,11.261,30.746,20.502,34.615
1992-01-01,103.161,86.699,125.548,95.576,129.669,67.69,45.362,66.563,86.372,91.632,96.279,85.853,53.712,93.39,74.442,90.863,93.33,103.12,76.297,72.178,32.395,83.562,67.051,78.675
1992-02-01,46.973,13.187,41.572,47.456,49.151,13.989,9.778,10.685,38.363,27.204,13.953,41.172,6.153,33.876,8.388,17.375,39.867,26.148,27.704,25.473,12.585,29.204,37.571,48.849
1992-03-01,26.312,15.412,23.802,27.545,16.645,8.009,8.433,12.603,13.809,15.861,14.068,19.841,17.902,22.717,15.481,19.64,23.38,17.072,8.609,15.403,4.648,14.082,8.29,28.685
1992-04-01,9.877,7.765,9.663,9.227,15.176,6.542,8.08,9.657,15.338,4.408,8.042,8.356,8.189,8.105,12.365,8.108,6.085,11.945,14.749,9.693,6.544,10.631,10.945,12.69
1992-05-01,0.0,2.014,0.0,4.916,4.802,2.234,2.763,4.752,0.0,1.472,1.732,0.0,0.93,0.0,3.794,1.695,2.986,2.694,1.98,3.362,0.0,2.435,1.392,8.356
1992-06-01,22.954,8.112,13.107,17.702,15.285,7.572,7.758,4.177,6.936,4.813,3.479,16.324,3.068,14.848,6.967,3.749,8.699,21.757,0.0,0.0,1.384,14.815,8.882,22.206
1992-07-01,13.03,7.699,14.406,16.885,15.582,6.51,3.971,5.339,6.596,5.064,2.642,14.117,7.176,16.267,5.824,4.04,7.398,12.427,6.334,13.202,3.09,7.019,3.821,24.244
1992-08-01,12.642,4.757,18.313,12.602,10.516,4.273,3.418,2.881,6.524,6.882,2.163,12.031,1.831,9.192,4.151,6.699,16.962,9.385,10.324,17.597,5.931,13.132,9.956,19.872
1992-09-01,11.385,3.504,9.881,11.653,11.143,4.77,6.879,5.24,9.757,4.593,3.057,9.362,2.524,6.643,8.565,3.772,6.564,12.042,6.42,9.116,3.998,6.488,6.814,11.085
1992-10-01,25.415,10.71,20.732,19.889,30.828,10.922,7.317,9.153,23.649,9.861,6.129,18.434,6.944,20.534,11.709,9.763,14.65,22.015,15.315,29.066,12.113,15.95,19.419,35.374
1992-11-01,32.73,20.978,38.031,36.262,37.201,20.128,13.573,23.934,26.867,25.925,17.162,28.777,12.762,32.864,29.629,18.534,28.809,30.088,28.482,34.179,24.365,17.066,36.049,36.38
1992-12-01,56.28,41.734,55.114,49.827,83.118,42.878,36.942,65.449,69.175,43.043,36.62,40.435,26.403,52.189,65.485,40.038,48.807,71.523,34.878,38.066,12.791,42.857,33.522,58.931
1993-01-01,155.884,131.128,138.924,141.449,232.317,94.23,144.022,167.641,171.602,122.632,146.338,127.645,104.894,131.813,196.784,123.974,151.044,189.709,155.838,120.98,119.23,131.372,269.479,151.694
1993-02-01,30.537,14.721,29.395,29.38,51.204,14.553,13.077,12.126,36.931,21.428,10.147,24.693,11.135,30.82,23.574,17.452,26.303,25.683,27.517,32.523,15.594,18.1,46.621,41.363
1993-03-01,52.789,37.566,64.733,42.653,87.275,32.74,41.255,36.662,83.276,42.388,33.704,34.871,48.457,51.267,49.39,36.949,45.297,66.551,55.882,32.062,34.162,50.207,93.108,43.864
1993-04-01,13.752,11.549,8.495,12.327,14.364,5.757,5.322,9.14,13.468,7.265,4.811,9.647,5.773,11.523,9.542,4.726,6.629,13.991,19.905,21.787,9.986,20.34,13.737,20.988
1993-05-01,3.496,1.862,3.91,4.787,5.976,2.152,2.472,4.157,3.993,1.351,1.63,3.742,0.935,3.515,3.413,1.613,3.257,3.617,1.993,3.722,0.42,2.685,1.448,7.013
1993-06-01,10.015,2.445,6.313,8.025,6.329,2.141,9.196,3.767,6.964,3.252,1.441,7.741,1.495,6.805,6.317,1.173,2.802,12.053,0.0,16.302,1.468,5.802,9.703,26.437
1993-07-01,5.714,4.58,7.177,7.836,8.993,3.413,2.796,3.463,2.7,3.072,2.053,5.68,5.342,7.911,3.595,2.685,4.305,7.216,4.186,6.898,2.187,3.935,2.948,13.773
1993-08-01,13.23,5.567,17.965,11.858,10.855,4.345,3.96,2.792,6.598,6.861,2.501,12.357,1.93,8.816,4.943,7.347,0.0,8.54,11.299,14.047,8.885,11.459,14.209,16.537
1993-09-01,32.951,5.834,20.734,23.064,21.269,9.704,6.706,5.74,18.448,9.513,4.698,20.678,2.425,21.381,10.851,7.483,14.511,25.286,7.134,14.211,5.244,8.374,8.352,19.028
1993-10-01,21.632,14.139,23.992,25.798,32.345,12.086,6.384,12.808,19.939,10.883,6.806,19.557,8.937,19.743,12.506,12.157,16.508,18.255,18.123,37.346,12.004,20.091,20.926,30.274
1993-11-01,60.401,31.413,53.87,52.311,70.714,33.413,20.068,20.262,42.981,32.575,13.031,42.967,9.436,59.686,28.591,27.253,44.032,43.773,39.457,30.617,29.135,30.529,33.895,49.892
1993-12-01,77.137,59.108,68.726,66.602,115.945,52.191,59.573,60.632,77.008,52.137,35.267,54.661,29.589,72.574,81.306,50.142,57.75,130.635,72.209,63.043,49.166,79.423,95.295,69.299
1994-01-01,62.051,40.78,67.845,70.489,98.324,37.592,65.087,69.058,68.253,54.73,45.532,61.739,57.003,54.428,85.84,55.073,62.481,109.389,96.651,50.971,64.756,85.779,129.844,60.209
1994-02-01,71.633,63.151,88.4,56.714,161.501,54.995,77.364,111.904,115.352,59.121,51.583,48.026,78.053,76.593,120.298,62.655,64.456,175.165,104.992,54.246,79.444,98.996,164.971,68.794
1994-03-01,42.323,25.663,39.643,45.299,59.81,22.447,17.363,20.608,43.202,24.491,14.142,37.024,26.021,31.008,37.158,28.556,30.232,39.868,24.942,41.019,25.126,33.876,53.083,58.165
1994-04-01,13.995,7.71,9.786,13.016,21.123,8.115,8.28,11.934,20.648,7.009,5.564,12.976,7.401,16.684,14.063,7.607,7.922,18.994,29.11,13.27,14.96,17.203,24.072,18.039
1994-05-01,4.495,2.125,4.359,5.719,7.823,2.654,2.54,3.728,0.0,1.456,0.0,4.192,0.931,5.0,3.083,1.72,0.0,4.224,2.694,5.439,0.511,3.51,1.414,11.649
1994-06-01,0.0,0.0,0.0,4.76,11.221,3.815,0.0,0.0,0.0,2.824,1.822,0.0,2.051,5.654,0.0,0.0,0.0,0.0,0.0,0.0,0.0,0.0,0.0,17.558
1994-07-01,5.043,0.0,0.0,0.0,0.0,0.0,4.13,3.351,3.365,0.0,0.0,4.011,0.0,0.0,3.282,0.0,0.0,7.308,5.154,6.891,2.941,4.274,4.448,7.789
1994-08-01,6.49,4.261,0.0,7.313,7.39,2.902,2.742,2.591,0.0,4.533,2.226,0.0,1.705,5.612,3.506,6.525,0.0,5.018,5.366,5.553,4.181,0.0,6.685,0.0
1994-09-01,17.743,4.183,10.585,16.897,13.745,5.909,6.417,6.416,12.297,4.852,4.052,12.175,2.537,9.75,9.553,5.069,8.048,13.522,6.379,10.838,4.599,5.908,7.135,14.488
1994-10-01,10.169,8.62,16.095,15.07,16.361,7.789,4.771,9.337,14.828,8.745,4.572,11.431,6.565,12.523,8.099,7.492,13.632,9.455,9.668,15.575,6.764,7.73,10.312,21.45
1994-11-01,30.627,10.743,23.235,28.011,30.075,12.796,12.339,13.9,22.789,12.955,8.553,25.314,7.535,24.072,15.974,11.29,19.948,32.425,30.401,25.612,21.819,23.43,28.182,25.573
1994-12-01,40.028,34.332,33.095,42.372,48.633,22.062,31.13,47.312,49.357,34.869,25.809,34.435,34.105,32.872,42.993,26.636,35.072,58.453,71.826,36.309,40.719,70.028,73.092,49.74
1995-01-01,35.43,23.543,39.752,38.668,50.514,23.504,38.213,41.084,33.192,28.73,33.566,30.017,34.687,29.63,47.387,32.775,33.487,48.128,50.274,32.696,43.303,38.234,79.425,27.953
1995-02-01,78.659,51.569,83.509,87.46,116.408,47.254,14.847,21.925,74.371,59.977,37.599,47.105,10.035,57.724,35.224,57.454,85.359,60.345,48.166,45.64,22.485,52.488,41.528,77.255
1995-03-01,57.026,37.515,57.128,56.869,83.651,32.435,45.226,57.831,59.132,43.933,31.209,35.128,50.45,51.539,59.258,46.397,45.004,103.89,63.271,40.611,75.233,80.103,142.003,61.861
1995-04-01,9.575,6.41,11.794,8.904,14.774,5.677,6.258,7.181,13.156,7.811,0.0,7.888,0.0,10.221,8.106,6.45,9.048,11.624,11.749,7.712,7.422,8.553,10.874,8.914
1995-05-01,2.444,1.859,0.0,4.268,0.0,2.108,2.397,4.018,4.242,1.256,1.607,3.424,0.917,0.0,3.612,1.581,0.0,3.722,2.088,3.678,0.54,2.79,1.742,7.956
1995-06-01,0.0,0.0,0.0,4.76,0.0,0.0,0.0,2.917,0.0,0.0,0.0,6.175,0.0,0.0,0.0,0.0,0.0,0.0,0.0,0.0,0.0,0.0,9.337,22.497
1995-07-01,0.0,0.0,0.0,0.0,0.0,0.0,0.0,0.0,0.0,0.0,0.0,0.0,0.0,0.0,0.0,0.0,0.0,0.0,0.0,0.0,0.0,0.0,0.0,0.0
1995-08-01,15.826,7.078,0.0,13.665,10.109,4.466,2.114,3.069,5.608,7.096,3.204,14.202,1.624,9.783,3.659,9.567,0.0,6.138,0.0,8.136,0.0,0.0,0.0,13.889
1995-09-01,16.707,4.29,11.447,16.578,16.905,4.956,5.457,5.341,8.592,5.498,3.575,13.319,2.061,9.445,7.987,5.135,8.292,11.337,6.573,11.98,5.165,6.729,6.24,14.032
1995-10-01,10.277,6.597,10.337,11.383,11.058,5.048,4.181,8.756,8.296,5.695,3.025,8.515,6.491,7.032,10.169,5.768,8.148,8.293,7.757,11.984,6.201,8.457,9.542,17.747
1995-11-01,24.112,11.401,19.223,29.159,29.629,11.153,9.11,11.726,19.953,12.563,6.093,17.55,9.348,18.559,14.959,8.21,15.666,21.143,25.19,29.394,16.091,25.068,24.083,34.716
1995-12-01,55.604,27.218,64.773,72.315,73.891,36.211,26.094,27.198,63.306,40.552,17.184,52.867,8.019,46.768,32.025,27.189,53.073,57.52,50.43,51.506,20.285,55.443,41.623,66.319
1996-01-01,104.719,77.318,109.442,86.963,175.008,60.264,78.096,70.412,111.495,61.558,55.456,89.026,57.23,86.941,91.578,70.871,86.012,134.593,94.169,90.503,52.948,116.226,117.937,95.466
1996-02-01,40.089,45.705,53.754,40.222,97.88,31.942,65.826,78.045,57.692,47.334,48.383,32.132,60.233,37.537,87.668,43.634,58.829,76.779,53.361,33.582,39.44,46.374,99.073,42.543
1996-03-01,55.506,21.495,54.498,52.394,39.836,25.356,15.226,11.561,43.252,24.672,11.804,47.273,18.814,50.064,19.743,21.637,43.313,44.335,36.45,26.437,26.584,29.79,44.315,59.789
1996-04-01,15.458,10.262,12.187,9.475,31.008,8.159,8.318,9.414,25.263,7.609,6.818,12.227,6.769,15.347,16.076,8.357,9.34,25.042,30.852,26.194,11.016,28.373,14.902,25.027
1996-05-01,3.324,2.012,4.461,4.4,7.889,2.758,2.744,3.58,4.359,1.645,1.071,3.947,0.918,3.315,3.922,1.672,4.132,4.685,2.976,4.131,0.64,3.066,2.187,7.642
1996-06-01,5.264,4.801,4.217,0.0,10.869,0.0,0.0,0.0,4.703,3.681,0.0,3.532,2.04,0.0,0.0,2.343,3.477,0.0,0.0,0.0,0.0,0.0,0.0,0.0
1996-07-01,0.0,0.0,0.0,0.0,0.0,3.835,0.0,3.838,0.0,0.0,2.002,0.0,7.338,0.0,3.518,2.088,0.0,0.0,0.0,0.0,0.0,0.0,0.0,0.0
1996-08-01,13.693,5.65,19.328,10.879,8.632,4.179,2.267,2.767,4.972,6.32,2.473,10.434,1.622,9.329,3.665,7.698,16.935,5.649,7.281,9.498,4.441,8.218,7.059,13.421
1996-09-01,19.712,4.25,12.339,17.477,17.456,8.627,5.569,5.258,15.233,5.543,3.294,16.545,2.061,10.73,8.802,5.151,8.753,15.79,6.219,17.221,4.163,9.262,6.807,19.957
1996-10-01,10.224,6.107,10.248,10.848,16.376,6.054,0.0,8.561,14.093,5.284,3.644,12.164,5.922,8.185,10.102,5.571,8.229,12.067,8.466,15.231,5.587,10.891,7.515,15.829
1996-11-01,35.706,16.846,32.069,35.946,36.418,15.358,14.872,16.046,24.708,21.588,12.557,28.135,10.093,26.272,19.091,15.197,29.213,27.879,42.944,26.518,29.991,35.201,42.626,41.564
1996-12-01,67.811,63.435,81.656,61.51,132.764,53.945,53.967,58.357,94.909,55.514,46.195,69.245,27.089,69.809,94.077,52.499,69.434,125.458,90.321,69.807,44.625,76.973,79.23,62.859
1997-01-01,119.329,124.429,137.64,104.007,252.098,100.728,139.946,128.529,143.154,94.317,97.839,90.315,95.929,135.797,134.191,120.058,119.882,209.657,180.043,103.884,121.785,187.58,269.506,107.795
1997-02-01,113.256,147.206,127.709,96.428,249.321,100.261,146.076,215.668,175.782,117.43,144.028,90.192,117.25,115.599,211.608,131.054,127.502,254.07,173.19,81.915,106.6,114.941,226.678,111.168
1997-03-01,83.325,33.097,63.073,77.551,61.829,31.319,35.445,36.345,90.673,55.018,19.303,75.004,24.25,63.854,32.632,36.347,63.069,77.706,77.007,35.552,32.714,55.982,66.303,78.498
1997-04-01,15.856,13.52,14.396,9.928,25.464,7.886,9.932,11.123,19.587,10.779,6.934,11.614,5.649,9.365,12.386,10.052,12.922,15.592,18.88,10.298,11.388,13.745,13.674,6.743
1997-05-01,0.0,1.916,0.0,5.548,0.0,0.0,2.358,0.0,0.0,1.44,1.289,4.615,0.919,5.172,3.669,1.761,0.0,0.0,1.9,4.226,0.0,0.0,1.577,9.421
1997-06-01,0.0,0.0,0.0,0.0,0.0,0.0,1.803,0.0,0.0,0.0,0.0,0.0,2.789,0.0,4.036,2.348,0.0,0.0,0.0,0.0,0.0,0.0,0.495,0.0
1997-07-01,0.0,4.022,0.0,0.0,9.494,4.172,3.044,3.58,2.827,2.26,0.0,0.0,0.0,0.0,3.818,2.535,0.0,7.067,5.643,0.0,0.0,4.565,0.0,0.0
1997-08-01,11.731,4.795,14.69,10.641,8.802,3.955,4.546,3.326,6.361,6.915,2.293,10.668,2.025,7.63,4.757,6.863,13.771,9.749,15.717,9.449,12.295,11.081,17.105,13.449
1997-09-01,48.131,13.388,33.45,39.938,37.364,15.352,11.19,9.523,27.963,14.967,7.267,28.845,2.562,23.388,16.626,14.112,20.484,28.544,11.799,26.147,8.733,18.942,13.654,37.034
1997-10-01,10.39,7.472,10.0,8.825,17.49,5.444,5.918,8.688,7.524,3.704,3.183,9.368,5.963,8.939,9.78,4.542,9.107,12.21,6.885,12.753,5.568,7.463,9.101,12.753
1997-11-01,28.153,15.807,31.887,48.476,46.717,17.771,16.434,21.514,31.47,19.595,12.742,26.255,12.457,32.021,19.241,13.986,24.317,38.687,47.793,25.601,34.004,35.749,29.602,37.6
1997-12-01,35.311,22.096,37.052,52.684,69.482,19.204,34.751,35.495,54.988,25.302,10.642,37.763,16.807,28.142,37.741,16.59,34.13,57.544,56.867,38.475,34.153,59.861,63.192,40.892
1998-01-01,67.192,59.275,69.491,68.141,137.688,41.292,110.316,122.755,98.318,49.527,67.982,50.921,97.575,68.204,142.665,69.964,74.351,152.792,145.025,92.807,87.095,134.149,223.106,90.068
1998-02-01,48.297,31.768,47.436,48.939,75.106,35.473,39.246,48.71,53.619,43.649,27.18,40.551,42.019,47.985,43.814,36.251,41.065,95.862,58.079,54.611,35.912,55.486,88.817,68.108
1998-03-01,50.182,22.97,52.325,49.421,57.29,18.044,7.332,10.371,33.15,32.237,13.65,41.237,16.48,44.09,17.148,24.351,38.856,20.956,37.979,47.89,17.086,44.196,25.033,70.884
1998-04-01,15.732,1.957,19.598,17.554,20.898,1.92,4.919,7.439,18.415,10.264,3.79,15.975,0.0,18.025,6.627,1.965,9.569,13.93,13.077,15.066,5.099,16.24,8.033,18.679
1998-05-01,3.355,2.005,2.335,4.348,0.0,1.565,2.386,4.609,0.0,1.237,1.299,3.825,0.931,4.096,3.612,1.679,2.605,0.0,1.592,3.116,0.34,0.0,1.406,7.586
1998-06-01,0.0,3.916,0.0,7.466,14.094,3.33,9.743,2.923,6.222,3.724,1.739,0.0,2.753,4.864,6.819,1.78,5.945,13.618,16.904,0.0,3.31,0.0,11.641,0.0
1998-07-01,0.0,0.0,0.0,0.0,0.0,0.0,0.0,0.0,0.0,0.0,0.0,0.0,0.0,0.0,0.0,0.0,0.0,0.0,0.0,0.0,0.0,0.0,0.0,0.0
1998-08-01,9.565,4.471,0.0,6.771,6.856,2.901,2.288,2.526,3.764,4.751,2.24,6.568,1.701,5.738,3.037,6.458,0.0,4.594,0.0,0.0,0.0,0.0,0.0,0.0
1998-09-01,12.071,3.846,8.649,9.536,13.49,5.771,5.761,5.579,11.397,4.575,3.574,7.744,2.111,9.513,9.433,5.241,5.703,10.381,4.81,8.704,3.791,5.284,5.409,9.929
1998-10-01,33.274,13.236,25.205,36.596,31.449,11.543,6.67,10.164,21.034,10.635,5.464,31.115,6.454,25.085,13.173,12.326,19.88,17.11,13.581,37.381,7.557,16.921,11.981,48.957
1998-11-01,52.069,28.382,52.794,55.736,60.374,29.464,18.807,23.621,35.435,30.362,14.535,38.985,10.835,56.125,32.511,26.302,45.522,45.807,36.998,43.444,34.767,32.7,57.161,56.661
1998-12-01,38.056,19.197,44.108,36.588,51.359,20.619,21.243,14.501,40.366,29.471,15.969,31.288,16.501,29.832,42.949,20.486,42.946,35.704,34.268,32.613,19.475,33.111,39.28,40.943
1999-01-01,65.406,37.709,63.271,54.693,109.65,48.232,53.659,52.411,53.743,32.865,39.157,45.156,36.57,53.568,49.313,39.685,53.435,77.648,97.726,51.844,49.392,73.963,114.326,66.546
1999-02-01,75.965,110.029,135.736,82.175,223.357,79.166,147.662,188.488,150.049,104.884,109.245,71.357,123.669,105.277,185.064,110.147,128.026,196.022,133.097,58.666,92.431,121.898,261.593,106.31
1999-03-01,120.725,108.136,125.83,121.596,221.115,92.122,150.658,169.592,179.822,99.055,82.505,84.573,92.193,116.083,162.055,106.95,105.045,254.83,192.456,85.187,145.978,162.27,245.387,121.527
1999-04-01,20.222,16.152,22.203,18.239,32.074,13.957,13.082,14.488,27.46,18.698,11.434,14.597,9.554,18.787,18.143,15.183,18.313,31.007,34.618,21.882,23.361,33.451,32.0,21.597
1999-05-01,5.554,1.576,5.18,6.609,7.865,3.327,2.464,0.0,5.498,1.983,1.311,6.153,0.929,5.689,3.625,2.066,4.003,4.74,2.778,4.988,0.552,3.437,1.864,10.855
1999-06-01,9.622,3.011,6.069,0.0,0.0,0.0,0.0,3.99,0.0,0.0,2.681,0.0,0.0,0.0,6.599,0.0,0.0,0.0,0.0,0.0,0.0,0.0,0.0,0.0
1999-07-01,0.0,0.0,0.0,0.0,0.0,3.166,0.0,0.0,0.0,0.0,0.0,0.0,0.0,0.0,0.0,0.0,4.767,7.533,4.666,0.0,0.0,4.784,0.0,0.0
1999-08-01,9.08,4.849,0.0,8.746,6.9,2.956,2.274,2.614,3.788,5.272,2.284,7.76,1.66,6.1,3.065,6.726,0.0,4.674,0.0,0.0,0.0,0.0,0.0,0.0
1999-09-01,24.194,7.536,15.205,23.963,15.071,7.525,7.059,6.391,18.959,6.103,4.995,20.518,2.936,15.992,11.748,7.374,9.68,17.675,9.335,17.611,6.065,12.227,7.902,22.274
1999-10-01,41.942,17.142,37.0,37.307,37.617,17.358,9.631,12.765,27.544,13.881,6.908,31.611,6.101,29.784,17.749,12.64,20.223,30.229,25.319,53.558,15.578,27.558,23.768,56.571
1999-11-01,23.181,6.59,20.53,26.91,17.286,5.913,6.211,11.812,10.687,9.771,5.537,21.8,8.052,16.793,9.63,6.894,18.053,13.802,9.762,10.374,4.941,8.387,7.302,25.009
1999-12-01,40.37,31.217,49.052,38.193,77.292,28.877,34.002,40.734,48.984,34.377,21.611,36.592,17.423,35.225,42.679,33.286,43.685,58.585,54.092,40.09,30.241,43.66,48.567,54.476
2000-01-01,129.243,110.898,167.22,150.181,277.046,93.654,160.728,211.345,176.692,101.858,120.388,115.295,95.702,160.142,194.243,132.8,120.072,219.335,200.173,103.711,122.728,146.299,303.66,135.919
2000-02-01,70.316,59.465,65.613,70.349,132.864,57.268,111.345,103.137,88.228,54.885,53.149,60.714,57.311,72.734,112.726,65.692,72.882,176.57,138.763,72.749,100.732,114.212,217.569,111.219
2000-03-01,63.961,33.338,62.244,74.128,89.637,28.362,58.38,50.53,74.836,40.035,19.378,55.671,35.208,52.382,72.603,36.461,50.457,103.534,76.826,46.909,67.472,70.064,138.435,70.927
2000-04-01,7.807,0.0,0.0,5.939,8.423,3.197,6.234,7.773,7.07,6.198,0.0,3.994,6.509,6.992,8.616,0.0,5.988,8.787,14.475,7.568,9.33,7.66,15.819,8.213
2000-05-01,4.558,2.251,4.886,5.255,7.736,3.126,2.646,4.964,5.106,1.698,1.753,4.629,0.953,4.47,3.859,1.875,3.937,3.893,2.424,4.649,0.493,3.403,1.9,8.283
2000-06-01,10.892,7.006,0.0,12.7,16.458,4.665,6.252,0.0,7.538,4.638,3.11,12.866,2.293,11.629,5.05,3.111,4.336,12.567,0.0,24.683,0.0,6.111,9.604,42.433
2000-07-01,0.0,0.0,0.0,0.0,0.0,0.0,0.0,0.0,0.0,0.0,1.263,0.0,0.0,0.0,0.0,0.0,0.0,0.0,0.0,0.0,0.0,0.0,0.0,0.0
2000-08-01,15.968,4.592,18.741,14.153,10.199,3.893,2.565,3.0,5.476,5.674,2.388,13.632,1.722,9.85,3.833,6.941,16.995,6.815,6.659,11.364,0.0,7.449,6.599,19.111
2000-09-01,17.198,4.361,13.09,16.56,11.723,5.724,7.155,5.616,8.441,6.579,3.298,12.093,2.475,9.39,8.932,4.409,9.172,10.975,5.555,8.756,4.744,5.383,6.571,12.932
2000-10-01,25.775,16.343,25.276,31.121,47.577,19.034,10.448,13.6,28.94,9.495,6.568,27.125,7.454,25.822,21.885,11.285,15.391,29.199,24.049,46.709,17.657,24.968,26.626,43.251
2000-11-01,12.064,6.099,12.321,14.706,16.68,6.885,9.564,9.605,10.879,6.387,4.313,11.157,7.747,11.751,11.953,5.876,8.661,16.661,14.56,12.785,14.96,10.649,20.137,15.06
2000-12-01,74.978,48.611,76.417,69.826,108.984,43.38,63.6,61.219,85.238,44.072,30.038,67.438,26.462,61.151,76.23,39.496,56.62,125.715,79.43,65.407,53.195,82.239,94.945,76.026
2001-01-01,247.237,213.201,252.418,203.209,448.085,173.748,197.474,235.723,317.655,164.03,180.262,193.833,105.464,233.134,264.159,207.757,206.682,375.973,239.949,204.065,140.772,282.471,289.623,209.967
2001-02-01,132.488,144.376,170.712,109.873,350.828,124.841,167.803,242.232,213.64,142.742,144.565,100.421,158.348,176.487,227.531,150.231,145.878,241.288,178.23,71.786,141.998,152.665,305.928,119.474
2001-03-01,64.82,61.698,79.597,68.66,148.897,61.501,78.93,125.772,108.229,52.504,57.756,52.091,67.509,72.775,129.311,69.636,70.376,129.269,101.854,46.884,86.604,83.26,169.438,60.495
2001-04-01,14.69,15.63,12.192,10.48,23.23,9.537,13.841,11.581,18.992,11.957,8.79,11.07,7.835,15.298,18.322,12.109,13.193,23.122,26.222,14.196,17.045,18.075,25.691,16.538
2001-05-01,5.575,2.811,5.254,7.34,9.633,2.938,2.699,5.683,6.977,1.944,1.88,6.067,1.119,4.952,4.057,2.091,4.417,5.186,2.914,9.399,0.544,4.606,1.721,15.609
2001-06-01,12.501,3.943,6.702,11.081,0.0,0.0,7.144,4.353,9.274,0.0,0.0,11.125,0.963,0.0,5.247,2.614,4.547,0.0,0.0,0.0,0.0,0.0,2.285,14.798
2001-07-01,5.558,3.991,6.84,9.169,10.223,3.529,2.604,3.843,3.791,3.033,1.423,7.14,5.82,7.747,3.62,2.295,3.959,8.18,4.497,11.529,2.75,5.802,3.893,16.974
2001-08-01,13.626,5.501,0.0,13.981,10.808,4.23,2.543,2.678,6.816,5.971,2.565,13.217,1.645,9.642,3.453,7.718,0.0,7.1,7.276,14.312,5.012,10.217,8.232,19.258
2001-09-01,16.108,4.864,12.652,12.146,16.913,6.316,6.551,6.272,13.104,5.368,3.425,10.68,2.206,10.802,9.522,4.859,8.127,14.961,6.659,12.248,4.906,7.769,6.893,14.68
2001-10-01,33.812,13.99,31.144,33.353,32.489,13.803,7.924,12.672,24.456,10.229,6.397,28.762,6.927,25.88,17.262,11.2,16.665,22.07,18.884,36.829,12.497,16.193,16.505,42.938
2001-11-01,20.999,12.207,24.043,20.951,26.608,13.128,6.352,14.514,15.976,16.496,8.674,17.622,7.877,21.158,13.557,12.775,18.622,15.056,14.873,16.37,13.157,11.26,19.586,25.235
2001-12-01,50.969,46.497,69.247,54.009,99.133,41.168,36.007,54.813,75.046,51.688,27.433,43.264,21.652,53.336,59.405,39.181,63.889,67.953,49.159,54.45,31.199,45.128,51.571,66.824
2002-01-01,70.159,27.249,75.921,63.526,94.659,38.664,57.118,49.597,65.48,31.163,28.732,53.96,31.156,58.5,69.737,34.832,65.73,84.686,78.399,55.104,43.12,74.607,91.128,49.104
2002-02-01,129.242,117.618,139.474,108.195,279.906,114.206,157.812,163.863,200.245,108.877,103.647,100.144,86.863,139.954,209.215,121.284,129.22,269.961,187.961,110.355,133.469,157.607,330.873,131.862
2002-03-01,80.635,60.257,82.838,65.437,172.262,65.075,98.971,129.186,102.306,62.618,53.752,53.74,71.808,76.018,130.69,68.434,69.326,130.368,104.548,47.311,84.575,90.806,174.781,75.154
2002-04-01,24.798,16.065,21.549,19.469,30.603,11.717,16.648,15.479,32.323,14.462,6.973,18.952,8.255,21.641,21.483,13.851,18.153,30.591,42.653,21.469,25.101,29.014,36.107,29.201
2002-05-01,6.275,2.603,6.75,7.066,10.523,3.588,2.658,5.205,7.81,1.794,1.956,6.39,1.049,7.452,3.98,2.092,5.308,4.68,3.508,6.619,0.595,4.967,2.046,11.622
2002-06-01,0.0,2.726,3.859,0.0,7.783,0.0,3.395,2.296,5.585,1.936,1.446,0.0,1.733,0.0,4.341,1.149,3.961,0.0,0.0,0.0,0.0,12.531,0.0,12.982
2002-07-01,12.573,8.34,14.89,17.548,17.455,6.612,4.652,6.334,6.467,5.703,2.79,14.722,7.964,16.487,6.173,4.309,8.47,15.423,8.772,16.341,5.428,8.611,7.398,26.798
2002-08-01,14.199,6.756,9.434,11.962,9.528,4.43,2.398,3.119,5.239,6.365,2.762,11.513,1.631,9.048,3.961,8.364,0.0,5.684,3.097,7.569,3.986,5.995,3.874,13.656
2002-09-01,17.356,4.358,12.274,14.001,12.966,5.706,5.742,5.26,13.361,5.487,3.375,12.506,2.071,11.213,9.204,4.906,7.84,13.936,6.065,14.959,4.339,7.672,5.927,17.035
2002-10-01,32.581,12.745,26.513,29.032,52.21,17.521,10.352,11.232,33.581,9.463,5.216,27.13,6.971,26.031,17.577,9.219,15.654,39.081,32.303,61.06,23.079,34.81,35.706,56.24
2002-11-01,26.674,12.903,25.155,25.137,37.762,16.646,16.33,17.285,21.521,15.613,9.092,19.732,10.15,24.799,30.64,13.767,19.287,40.968,31.195,23.516,29.71,25.979,45.829,29.529
2002-12-01,45.341,29.264,42.911,40.527,86.231,30.963,45.74,46.891,62.147,29.867,20.87,32.647,23.785,41.308,55.451,26.69,38.955,79.686,65.197,54.026,34.28,65.382,63.953,53.095
2003-01-01,95.725,55.92,95.046,98.395,145.958,63.129,79.605,85.119,106.484,49.876,62.906,85.525,52.736,87.329,102.134,62.563,77.186,130.793,108.521,87.349,59.578,110.09,139.529,101.894
2003-02-01,77.596,52.308,79.958,81.041,135.965,46.115,44.279,44.078,96.779,37.381,30.801,69.023,22.011,74.928,62.903,40.876,59.973,113.092,68.919,60.989,43.309,66.098,102.706,82.828
2003-03-01,63.469,50.61,64.588,64.86,131.18,52.3,68.152,75.519,72.785,43.185,34.405,55.19,53.349,70.697,93.289,54.413,54.692,123.482,95.348,62.662,70.967,87.717,120.384,71.642
2003-04-01,11.112,4.398,9.031,9.441,14.427,5.281,5.786,7.112,12.802,0.0,2.461,9.313,7.592,10.352,9.396,3.114,5.909,14.728,16.168,9.602,10.252,13.644,13.45,17.366
2003-05-01,3.286,2.749,4.349,6.659,5.675,3.437,3.563,5.361,3.741,1.553,2.219,4.819,1.122,4.206,4.79,2.266,3.907,5.627,3.574,5.378,0.835,3.936,2.982,7.701
2003-06-01,0.0,0.0,0.0,0.0,0.0,0.0,0.0,3.114,5.105,0.0,0.0,0.0,0.0,0.0,0.0,0.0,0.0,0.0,0.0,0.0,0.0,0.0,0.0,0.0
2003-07-01,8.583,3.598,9.163,0.0,6.884,0.0,2.6,4.241,0.0,0.0,1.3,0.0,6.488,0.0,2.53,1.792,5.504,0.0,5.637,0.0,3.068,3.863,4.149,0.0
2003-08-01,9.279,4.395,12.461,9.394,7.51,3.036,2.348,2.433,4.404,4.785,2.117,7.995,1.624,6.406,3.166,3.633,12.148,5.428,3.539,7.399,4.145,6.744,7.27,11.591
2003-09-01,17.51,4.199,11.913,15.155,14.894,6.006,6.272,5.895,13.969,5.886,3.475,12.979,2.712,9.891,9.632,4.586,8.251,15.886,6.755,14.947,4.102,9.117,6.145,17.743
2003-10-01,20.012,10.052,18.566,24.159,12.24,7.472,4.39,10.445,10.497,8.46,4.87,18.856,6.18,15.069,9.228,8.873,13.887,8.391,9.169,17.5,5.072,7.729,6.556,28.771
2003-11-01,14.456,7.157,14.233,17.98,15.334,6.343,9.104,13.073,14.177,10.533,6.585,14.348,9.15,11.127,11.114,8.707,12.171,15.961,18.775,24.524,13.672,13.131,20.642,23.678
2003-12-01,95.95,54.182,96.065,92.519,115.046,52.623,36.736,40.06,68.83,53.873,46.283,70.194,27.373,72.699,56.976,56.56,72.559,89.763,63.489,63.542,32.191,77.514,54.161,70.899
2004-01-01,83.0,80.561,99.048,68.989,173.905,74.922,130.83,165.77,116.937,86.59,106.423,54.795,88.111,102.407,175.118,104.671,101.281,186.85,163.411,83.697,110.322,153.674,195.397,93.898
2004-02-01,64.265,65.483,76.61,48.754,140.567,58.791,91.773,99.912,103.571,81.126,71.408,44.455,83.902,79.757,104.02,85.152,79.126,152.113,113.717,46.44,80.221,81.843,183.568,69.968
2004-03-01,32.755,18.971,25.36,37.454,70.347,21.579,39.405,25.405,48.409,18.375,12.939,29.539,24.319,28.55,45.157,18.927,20.084,62.511,66.879,39.807,59.607,52.091,94.975,43.065
2004-04-01,14.286,9.83,11.566,12.14,18.506,7.636,11.329,9.061,17.467,0.0,0.0,12.943,7.548,11.117,14.756,6.061,9.711,19.668,19.982,13.838,9.785,15.154,19.132,25.863
2004-05-01,2.585,1.178,0.0,5.063,0.0,1.539,2.682,4.912,0.0,1.507,1.169,4.08,0.92,0.0,3.843,1.853,2.299,3.102,2.146,3.832,0.505,0.0,1.684,5.971
2004-06-01,8.991,0.0,5.375,7.317,10.445,3.786,6.252,0.0,6.497,0.0,0.0,7.008,0.0,6.463,4.368,0.0,0.0,18.917,0.0,0.0,1.576,4.815,0.0,0.0
2004-07-01,13.972,8.632,16.284,20.287,17.866,7.229,3.541,6.066,6.387,6.695,3.235,16.875,6.179,17.39,5.598,4.607,8.322,12.178,10.34,12.476,5.46,9.279,7.599,25.959
2004-08-01,13.261,6.445,18.372,11.635,12.845,5.235,4.646,3.886,7.534,6.941,2.813,12.546,1.941,10.415,5.501,8.347,16.581,9.862,16.811,12.219,11.488,14.285,18.959,15.637
2004-09-01,11.997,0.0,8.523,11.213,10.085,3.999,5.865,4.815,8.494,3.89,2.774,9.013,2.142,7.084,8.754,3.5,5.785,12.454,6.871,10.117,5.019,7.061,6.903,12.472
2004-10-01,9.063,0.0,4.282,9.717,7.114,2.806,4.144,8.302,5.047,2.123,2.68,6.897,6.017,6.803,7.82,0.0,7.505,5.361,6.885,10.551,5.094,6.353,7.283,12.589
2004-11-01,25.777,9.377,19.696,34.161,17.963,10.202,4.008,9.737,13.545,11.88,3.136,28.073,7.376,20.259,7.928,7.111,17.705,14.492,12.541,22.239,6.246,14.391,10.113,30.292
2004-12-01,36.067,31.311,42.892,41.751,78.318,33.145,26.803,37.985,60.163,30.74,15.393,32.93,18.401,43.567,42.976,27.178,37.705,58.319,44.528,44.632,26.786,48.687,49.644,54.854
2005-01-01,87.406,57.814,83.584,88.257,111.696,51.578,49.673,77.11,81.777,58.648,55.116,68.362,43.055,82.818,73.866,62.918,73.474,93.229,87.304,61.904,58.242,72.82,140.268,76.922
2005-02-01,84.238,120.764,106.823,66.75,199.206,78.091,89.022,158.7,124.738,123.363,141.849,64.48,87.142,94.001,152.926,132.603,128.203,196.292,122.422,49.03,79.565,102.046,162.013,80.208
2005-03-01,37.756,23.968,44.802,29.821,57.696,21.166,37.987,54.96,37.582,34.926,19.164,27.025,33.213,35.169,69.826,33.002,32.166,62.816,40.166,32.069,29.341,41.159,54.858,36.488
2005-04-01,28.921,20.01,32.158,23.323,36.339,13.951,13.088,15.16,31.742,17.061,13.589,23.036,9.74,23.802,24.332,19.211,26.563,26.907,24.559,21.016,14.462,20.712,21.909,30.273
2005-05-01,0.0,0.0,0.0,4.549,0.0,0.0,2.532,0.0,0.0,1.4,0.0,3.066,1.149,0.0,3.619,1.63,2.546,0.0,2.0,2.434,0.278,1.787,1.702,0.0
2005-06-01,0.0,2.382,0.0,0.0,0.0,0.0,0.0,2.258,0.0,2.386,1.883,0.0,0.0,0.0,4.312,1.412,0.0,0.0,0.0,0.0,0.0,0.0,0.0,0.0
2005-07-01,0.0,0.0,0.0,0.0,0.0,0.0,0.0,0.0,0.0,0.0,0.0,0.0,0.0,0.0,0.0,0.0,0.0,0.0,0.0,0.0,0.0,0.0,0.0,0.0
2005-08-01,0.0,0.0,0.0,5.548,0.0,0.0,2.185,2.172,0.0,0.0,1.801,0.0,1.599,0.0,2.845,0.0,0.0,4.358,0.0,0.0,0.0,0.0,0.0,0.0
2005-09-01,39.176,13.709,35.168,29.211,40.848,20.363,7.943,8.211,32.767,15.381,7.52,24.888,2.532,31.821,14.796,12.36,21.997,25.306,10.287,21.986,7.872,13.401,10.623,29.148
2005-10-01,24.916,10.595,22.414,27.768,17.937,8.038,5.298,10.477,15.271,11.744,6.278,20.972,6.317,17.709,11.325,10.382,17.675,16.837,13.704,26.659,9.128,16.995,9.682,41.973
2005-11-01,50.295,23.519,56.773,59.535,53.773,23.164,13.959,19.027,31.099,35.181,12.773,42.425,12.401,42.381,25.376,20.315,44.965,39.526,33.505,37.306,19.584,31.844,26.583,52.08
2005-12-01,47.674,48.547,52.011,49.405,88.673,31.989,52.967,65.296,57.72,37.606,39.939,43.138,33.655,44.981,69.233,48.384,44.597,77.665,91.437,43.432,58.879,68.354,106.36,60.781
2006-01-01,172.762,173.613,198.096,127.453,285.292,121.41,163.191,238.926,203.94,155.516,207.475,115.044,101.447,165.126,245.404,195.769,184.79,259.163,214.396,129.698,124.831,200.464,262.749,129.372
2006-02-01,54.178,52.115,40.154,43.377,107.648,37.066,65.458,81.865,77.318,46.132,51.001,43.262,63.971,44.636,92.441,56.408,50.206,111.747,96.884,37.899,64.39,67.148,148.338,64.359
2006-03-01,60.09,44.397,69.608,59.158,110.027,46.492,92.867,65.41,77.458,48.635,36.707,46.411,45.049,55.819,97.877,48.936,54.873,107.731,85.893,43.362,88.663,82.075,182.802,57.421
2006-04-01,22.261,18.281,22.355,16.948,24.187,10.209,8.544,14.891,21.216,17.249,13.786,17.31,10.432,20.533,14.655,16.831,18.922,15.884,22.469,9.987,10.19,14.496,17.713,19.533
2006-05-01,3.694,1.465,3.65,4.613,6.74,2.115,2.542,0.0,3.702,1.253,0.0,3.474,0.933,2.744,3.587,1.487,3.368,3.981,2.584,2.947,0.607,3.223,2.125,5.696
2006-06-01,0.0,0.0,0.0,4.618,0.0,0.0,0.0,0.0,0.0,0.0,0.0,0.0,0.0,0.0,0.0,0.0,0.0,0.0,0.0,0.0,0.0,0.0,0.0,0.0
2006-07-01,0.0,0.0,0.0,0.0,0.0,0.0,2.574,0.0,0.0,0.0,0.0,0.0,4.958,0.0,0.0,0.0,0.0,0.0,0.0,0.0,0.0,5.558,0.0,0.0
2006-08-01,9.534,3.9,11.219,9.925,8.156,2.915,2.49,2.233,4.328,4.724,1.936,9.492,1.61,6.776,3.155,4.548,12.415,6.217,6.463,9.763,4.338,7.991,5.742,15.047
2006-09-01,20.728,6.952,15.986,19.065,20.013,8.832,7.197,7.567,15.747,6.599,4.967,16.717,2.545,16.728,11.761,7.148,10.243,15.158,7.665,16.235,5.544,8.695,7.5,20.339
2006-10-01,23.464,11.867,17.83,27.854,33.79,13.894,10.101,13.151,22.766,7.021,5.223,21.557,6.419,20.655,20.064,8.065,12.334,23.333,28.509,31.086,19.288,22.739,29.065,39.048
2006-11-01,39.714,20.953,32.205,45.243,75.602,28.911,19.73,20.07,48.317,20.124,11.756,38.093,9.415,46.498,30.096,15.687,27.229,58.261,42.546,44.987,31.743,44.242,43.826,49.974
2006-12-01,50.352,15.294,35.687,59.047,64.238,24.186,25.129,31.562,52.501,22.381,9.652,48.152,15.436,35.773,40.078,17.555,28.355,63.486,52.037,52.546,29.203,61.42,53.735,68.313
2007-01-01,88.703,79.187,102.924,76.176,155.569,59.839,71.297,93.182,106.674,76.303,87.463,70.864,64.854,89.412,104.249,88.551,91.456,107.525,88.395,76.203,52.935,82.878,123.717,75.927
2007-02-01,54.339,34.9,47.521,60.817,108.424,37.697,45.594,51.696,73.905,35.949,32.108,54.599,46.392,46.899,52.041,38.958,38.959,82.989,63.669,61.754,45.962,63.573,113.825,80.21
2007-03-01,70.814,51.762,83.434,62.205,136.769,51.408,70.926,108.713,91.178,56.398,47.041,50.259,63.162,73.795,104.54,68.402,61.392,125.056,102.385,53.57,77.202,102.605,138.439,67.178
2007-04-01,30.192,19.445,25.695,20.485,40.473,17.302,11.53,16.221,34.97,16.125,12.188,19.226,9.436,29.593,24.014,15.87,17.769,28.235,29.481,28.691,12.988,25.676,19.809,37.333
2007-05-01,8.664,3.131,7.124,11.17,11.541,4.388,4.152,8.65,7.836,2.473,2.77,9.486,1.649,7.156,5.451,2.729,0.0,5.81,4.347,8.512,0.883,4.197,3.167,15.4
2007-06-01,6.668,3.503,6.03,4.085,10.017,2.913,0.0,3.559,5.774,3.919,2.587,3.977,3.046,6.275,5.415,1.959,6.49,13.64,12.5,10.748,0.0,0.0,0.0,10.458
2007-07-01,15.677,8.321,13.154,19.475,22.698,7.715,4.167,5.799,8.78,5.198,2.401,17.217,0.0,19.034,5.271,4.161,6.991,15.878,8.421,17.907,3.12,12.427,0.0,33.858
2007-08-01,8.158,3.045,13.94,7.57,6.562,2.825,2.828,2.476,3.753,5.323,2.051,6.853,1.816,6.001,3.274,5.97,13.39,5.088,5.135,5.681,4.518,5.651,7.023,0.0
2007-09-01,29.236,7.179,20.883,23.697,33.151,12.153,7.088,7.157,28.634,7.84,3.849,21.887,3.455,23.975,13.137,6.225,15.461,26.364,12.309,26.805,6.864,16.761,9.01,29.631
2007-10-01,20.383,8.705,18.252,19.222,20.7,8.559,7.723,10.695,14.239,7.726,4.51,15.305,6.667,16.968,12.765,7.335,13.51,14.628,13.957,24.605,7.725,15.893,15.398,23.564
2007-11-01,46.565,25.822,49.215,50.396,52.119,23.422,17.182,23.788,27.555,28.979,12.598,41.534,10.545,44.588,29.192,20.794,38.136,34.323,37.237,30.851,26.811,22.826,41.092,51.103
2007-12-01,62.764,31.928,64.047,66.512,67.858,29.372,38.473,37.592,55.494,38.083,16.013,59.351,18.31,52.841,52.003,32.635,50.945,78.356,61.467,46.475,35.645,63.372,63.81,67.381
2008-01-01,141.992,108.57,140.818,140.108,248.402,99.177,199.616,244.113,177.22,97.155,151.622,121.26,111.466,134.942,258.418,144.004,117.179,225.784,200.918,119.144,129.938,163.461,290.247,121.926
2008-02-01,52.996,40.839,56.535,64.411,64.658,31.43,50.169,41.157,63.885,37.56,28.126,48.005,33.436,42.718,46.671,33.976,49.245,79.454,65.204,50.264,46.676,50.852,117.728,65.103
2008-03-01,55.067,39.686,59.062,50.315,69.105,33.022,47.168,50.843,55.227,35.748,28.625,42.016,44.557,46.411,51.231,40.886,43.162,79.541,42.744,31.489,34.037,41.014,66.253,50.818
2008-04-01,14.534,1.239,11.628,11.624,9.562,0.0,3.198,0.0,6.92,2.968,0.0,10.3,0.0,8.493,0.0,0.0,0.0,6.852,6.707,6.206,3.288,5.03,8.062,13.674
2008-05-01,3.875,2.102,4.371,5.779,8.564,2.906,2.368,5.274,5.453,1.557,1.777,3.729,1.144,4.084,3.043,1.85,3.859,3.249,2.489,5.612,0.49,4.149,1.672,9.125
2008-06-01,6.906,0.0,4.474,5.743,7.894,2.645,0.0,0.0,0.0,0.0,0.0,6.3,0.893,4.988,0.0,0.0,0.0,0.0,0.0,0.0,0.0,0.0,0.0,0.0
2008-07-01,0.0,0.0,0.0,0.0,0.0,0.0,0.0,0.0,0.0,0.0,0.0,0.0,0.0,0.0,0.0,0.0,0.0,0.0,0.0,0.0,0.0,0.0,0.0,0.0
2008-08-01,8.279,4.454,0.0,7.522,7.316,2.934,2.772,2.557,4.216,4.71,2.136,7.171,1.711,5.987,3.551,0.0,0.0,5.668,7.034,0.0,5.345,0.0,8.561,0.0
2008-09-01,12.664,3.279,8.929,11.974,10.607,4.021,5.857,4.816,10.486,4.295,2.846,9.648,2.113,7.11,7.978,3.74,6.339,11.399,5.383,8.655,0.0,5.878,5.825,12.213
2008-10-01,23.136,10.266,18.098,21.613,23.119,10.095,5.662,9.872,15.165,7.53,4.149,18.482,6.22,15.474,13.417,7.567,12.006,15.126,13.22,24.278,9.431,14.382,12.401,26.366
2008-11-01,20.06,8.0,17.842,24.851,15.419,7.353,7.071,10.18,9.199,9.387,0.0,19.958,7.114,15.533,12.117,6.543,13.106,11.529,10.087,18.677,10.076,9.362,15.101,28.789
2008-12-01,88.367,67.959,90.362,75.802,175.83,72.543,61.808,85.812,112.029,60.401,56.715,73.594,26.356,94.194,104.441,64.933,68.748,146.496,102.709,73.578,46.634,109.396,87.068,94.123
2009-01-01,76.967,64.587,99.496,68.431,113.128,54.373,48.586,65.005,86.997,67.898,73.132,54.369,38.665,79.583,71.336,80.593,100.01,102.048,63.242,53.481,34.079,81.587,73.952,52.239
2009-02-01,92.721,118.169,131.79,84.778,161.707,64.389,81.3,109.541,102.511,96.358,97.923,69.709,60.323,91.122,104.862,112.501,131.619,163.747,98.036,48.888,69.13,93.046,177.691,72.441
2009-03-01,66.125,43.001,82.729,61.351,89.198,36.424,49.392,56.406,65.626,56.541,37.081,51.687,40.296,57.821,68.243,57.493,67.689,86.888,66.979,31.093,45.352,54.371,71.512,48.773
2009-04-01,19.713,9.916,16.518,14.853,28.25,7.805,8.604,12.806,26.134,10.781,5.873,13.709,7.791,16.035,15.552,9.618,13.946,21.512,27.628,13.136,12.906,22.342,21.5,19.817
2009-05-01,3.37,1.792,4.899,4.765,4.931,0.0,2.563,4.453,2.993,1.709,1.816,3.856,0.93,2.947,2.975,1.919,0.0,1.685,2.089,2.736,0.467,1.632,1.531,2.72
2009-06-01,0.0,0.0,0.0,0.0,0.0,0.0,0.0,0.0,0.0,0.0,0.0,0.0,0.0,0.0,0.0,0.0,0.0,0.0,0.0,0.0,0.0,0.0,0.0,0.0
2009-07-01,11.257,8.806,10.042,14.661,16.65,6.61,3.946,6.276,0.0,4.721,3.09,11.805,8.773,14.508,5.193,4.066,5.745,13.759,7.41,0.0,2.686,0.0,2.822,0.0
2009-08-01,0.0,0.0,0.0,5.606,5.914,0.0,3.47,2.902,0.0,0.0,1.856,0.0,1.928,0.0,4.243,0.0,0.0,6.672,7.909,0.0,4.635,0.0,6.336,0.0
2009-09-01,31.729,7.815,19.95,25.977,26.595,12.706,7.586,7.816,22.502,6.713,4.705,20.96,2.275,22.518,14.509,6.973,11.327,19.972,7.921,19.896,5.112,10.348,6.558,26.278
2009-10-01,14.191,5.634,10.371,17.802,10.252,4.892,5.249,8.949,6.419,5.291,3.611,15.218,6.193,8.717,9.344,6.003,7.95,10.328,10.604,20.329,6.319,11.023,10.628,27.871
2009-11-01,44.393,22.113,51.123,50.952,56.672,25.839,23.127,25.53,38.188,26.027,14.053,40.851,12.032,37.541,38.06,21.683,32.513,50.178,51.888,36.484,34.63,43.041,56.42,51.342
2009-12-01,127.24,81.094,117.852,111.27,198.047,92.026,54.359,92.846,122.207,71.504,64.583,103.628,31.381,117.122,114.359,77.236,90.208,151.192,70.988,79.656,32.767,87.027,54.489,102.636
2010-01-01,137.392,91.458,125.57,121.435,224.967,88.404,92.025,89.112,147.827,70.91,66.477,104.376,55.421,123.476,131.652,76.285,104.464,179.613,116.309,90.365,54.081,114.939,123.255,111.006
2010-02-01,88.002,77.513,92.742,82.404,203.868,84.933,48.282,92.292,138.715,67.531,71.016,72.858,52.738,95.94,95.624,78.071,87.673,142.814,88.466,88.551,42.391,104.918,89.256,108.052
2010-03-01,38.121,26.888,45.412,51.416,43.79,16.47,22.088,27.173,40.051,31.508,17.525,34.257,16.655,31.777,31.49,28.707,35.181,40.595,30.364,25.9,23.09,31.114,41.308,40.921
2010-04-01,20.719,11.333,15.996,16.143,36.615,13.541,9.866,12.916,29.082,10.964,7.114,14.097,6.152,20.205,16.92,10.684,12.763,25.295,24.905,11.104,13.25,16.523,23.809,18.25
2010-05-01,8.126,3.398,8.558,9.585,13.72,5.986,2.765,5.421,7.623,2.281,2.592,7.68,1.011,9.724,5.514,2.685,6.107,4.794,3.067,4.962,0.713,3.588,2.556,9.655
2010-06-01,0.0,0.0,0.0,0.0,0.0,0.0,0.0,2.317,0.0,1.702,0.0,0.0,0.0,0.0,0.0,1.134,0.0,0.0,0.0,0.0,0.0,0.0,0.0,0.0
2010-07-01,0.0,0.0,0.0,0.0,0.0,0.0,0.0,0.0,0.0,0.0,0.0,0.0,0.0,0.0,0.0,0.0,0.0,0.0,0.0,0.0,0.0,0.0,0.0,0.0
2010-08-01,10.737,5.204,0.0,9.338,8.787,3.759,2.894,3.001,4.984,4.75,2.303,8.982,1.706,7.889,3.736,6.571,0.0,6.256,4.24,7.619,4.475,0.0,7.169,11.638
2010-09-01,18.509,5.149,11.933,16.108,14.391,6.189,6.507,5.942,11.167,5.136,3.832,12.84,2.113,11.018,10.761,5.41,7.497,12.849,6.363,10.07,5.052,5.917,7.3,14.981
2010-10-01,21.84,10.473,22.134,25.083,29.902,11.604,7.202,13.203,17.917,8.282,5.379,23.006,6.809,19.861,14.882,9.134,13.673,22.568,17.892,40.439,10.641,20.73,13.679,39.362
2010-11-01,13.832,4.825,12.982,17.139,12.321,5.093,6.951,9.169,7.605,7.114,0.0,11.977,6.898,9.54,8.435,0.0,10.432,10.429,12.044,9.797,12.814,8.265,16.879,13.712
2010-12-01,85.97,47.513,71.039,69.357,105.88,47.755,44.435,51.194,86.655,44.118,32.225,71.286,16.958,74.354,56.376,34.828,60.588,114.616,71.439,60.935,34.576,81.858,59.734,86.299
2011-01-01,42.99,35.507,46.661,50.57,54.272,25.996,82.224,61.176,48.147,32.525,35.182,41.032,68.02,35.791,85.139,34.637,43.529,75.495,87.299,35.824,67.204,64.22,151.664,43.964
2011-02-01,152.615,161.873,192.583,139.005,278.467,108.054,126.237,178.151,175.764,158.28,144.224,113.626,125.829,136.467,172.216,172.234,186.042,226.33,164.415,106.334,103.065,140.334,235.631,142.733
2011-03-01,60.374,56.872,91.493,57.274,70.945,42.792,34.389,48.844,57.282,53.961,44.138,42.374,21.577,54.808,62.551,61.095,68.903,66.649,43.235,28.501,23.507,41.638,46.345,57.146
2011-04-01,16.829,10.389,18.784,11.518,21.962,8.711,10.449,14.964,15.998,9.397,6.683,11.03,7.867,15.963,19.066,8.456,11.862,20.239,22.417,9.766,15.113,11.658,25.932,16.3
2011-05-01,5.7,2.721,5.476,6.562,8.88,3.318,2.853,5.08,4.97,1.983,2.172,5.942,1.03,4.172,4.389,2.339,3.123,3.454,3.991,5.828,0.804,4.404,2.642,11.93
2011-06-01,0.0,0.0,0.0,0.0,0.0,0.0,0.0,0.0,0.0,0.0,0.0,0.0,0.0,0.0,0.0,0.0,0.0,0.0,0.0,0.0,0.0,0.0,0.0,0.0
2011-07-01,0.0,7.044,0.0,0.0,9.776,0.0,4.234,5.446,0.0,4.118,2.682,0.0,4.21,0.0,5.558,0.0,0.0,11.715,8.501,7.011,4.498,3.514,2.536,0.0
2011-08-01,7.821,3.91,11.251,6.46,6.318,2.573,2.982,2.172,3.622,4.471,1.946,6.519,1.739,5.588,3.288,3.09,11.642,5.043,5.091,2.584,4.085,2.637,7.227,8.733
2011-09-01,16.706,4.386,10.733,15.043,13.191,5.74,7.727,5.184,12.221,5.41,3.42,12.587,2.188,9.986,9.431,4.844,7.426,14.342,9.544,15.049,7.276,9.09,10.404,17.336
2011-10-01,11.245,7.828,11.3,13.256,18.157,6.359,9.742,10.417,10.819,6.249,4.426,11.233,8.162,9.569,14.597,7.0,8.777,14.067,10.192,19.348,8.199,13.387,12.11,18.438
2011-11-01,20.0,12.148,22.694,21.972,21.323,9.712,8.491,12.401,15.781,15.19,5.806,15.769,8.097,16.917,12.847,11.488,19.586,20.517,18.788,18.011,15.093,18.507,18.392,21.961
2011-12-01,105.228,79.391,105.674,77.595,182.493,76.657,115.617,172.324,132.733,72.426,83.106,67.495,88.616,91.541,164.368,79.837,82.339,180.646,134.589,91.778,89.83,138.439,171.894,100.26
2012-01-01,121.749,94.101,127.824,99.929,210.275,86.097,188.785,207.908,135.056,91.571,118.841,87.693,158.406,124.797,215.132,113.304,113.184,178.498,128.678,84.573,93.887,126.344,204.814,93.471
2012-02-01,102.729,132.927,113.332,98.966,253.964,105.558,169.49,211.508,180.475,113.159,125.94,80.601,172.999,132.474,182.28,121.285,107.698,218.007,144.76,84.8,97.478,126.515,244.1,108.171
2012-03-01,79.219,56.468,61.972,73.014,142.491,52.024,109.266,120.135,111.961,55.607,46.515,58.729,81.931,75.871,127.403,67.469,52.462,152.475,106.649,59.717,80.552,98.883,143.349,70.906
2012-04-01,17.587,17.213,19.121,16.803,29.279,10.603,14.265,15.843,28.957,14.075,9.881,15.416,11.233,13.025,21.52,12.339,16.32,22.176,30.1,19.208,16.275,29.975,27.199,26.777
2012-05-01,1.785,0.0,0.0,4.472,3.26,0.0,2.715,0.0,2.647,1.267,0.0,2.483,0.952,0.0,0.0,1.55,0.0,2.07,2.519,0.0,0.648,0.0,2.36,2.863
2012-06-01,0.0,2.59,0.0,4.229,0.0,2.433,1.918,0.0,0.0,0.0,0.0,4.563,0.0,4.778,4.194,1.313,3.518,0.0,0.0,0.0,0.0,0.0,0.0,0.0
2012-07-01,7.664,0.0,6.831,10.534,0.0,0.0,0.0,0.0,0.0,3.601,0.0,0.0,2.281,4.92,0.0,2.095,0.0,0.0,0.0,8.95,0.0,0.0,2.935,15.871
2012-08-01,0.0,0.0,9.756,5.956,5.261,0.0,2.483,2.198,3.06,4.387,1.626,0.0,1.737,4.428,2.685,0.0,11.103,4.401,4.783,0.0,0.0,5.022,0.0,0.0
2012-09-01,11.992,4.187,9.49,10.96,10.942,6.01,8.445,5.444,11.743,5.371,3.067,8.039,2.253,9.129,10.382,4.348,7.243,12.818,6.308,8.672,6.069,5.761,10.952,11.218
2012-10-01,21.643,10.9,21.595,22.975,23.839,9.965,9.629,10.508,17.84,7.918,5.024,20.469,7.731,14.527,15.147,8.789,17.112,22.489,18.538,22.285,12.788,18.287,16.915,31.803
2012-11-01,23.661,14.327,21.703,35.967,36.883,14.027,14.808,10.263,23.782,12.082,6.794,25.218,6.537,22.54,21.46,9.694,12.53,28.115,30.386,37.836,20.033,26.908,29.144,44.695
2012-12-01,79.679,72.914,85.147,69.883,142.045,64.52,105.999,113.717,97.471,60.745,50.921,57.185,52.723,77.562,154.199,63.241,70.219,164.418,114.575,67.238,69.555,108.593,135.465,94.174
2013-01-01,89.904,115.478,122.223,93.484,158.322,70.694,136.593,146.589,99.637,96.76,129.345,77.535,125.248,95.935,147.287,118.046,90.04,169.16,112.019,83.555,77.402,110.579,160.149,77.936
2013-02-01,96.602,90.992,108.861,92.698,182.101,68.991,112.347,117.407,101.143,81.58,71.977,75.787,84.367,91.459,132.399,84.676,110.213,162.426,119.905,77.415,70.806,100.648,157.221,108.527
2013-03-01,35.777,22.899,37.959,42.8,59.991,17.509,34.444,33.679,42.341,22.9,17.486,34.423,30.866,29.85,37.942,26.31,30.181,61.05,49.822,40.835,38.511,46.639,79.771,51.541
2013-04-01,8.551,0.0,9.887,7.067,9.913,4.367,0.0,0.0,8.775,3.761,0.0,7.264,0.0,7.156,0.0,0.0,6.842,9.743,8.732,6.991,5.882,6.8,8.349,12.367
2013-05-01,5.397,2.541,5.645,7.21,9.462,2.95,2.983,4.887,5.9,1.787,1.948,6.224,1.045,5.604,4.335,2.03,4.475,3.212,5.126,12.203,1.139,5.799,3.747,16.972
2013-06-01,0.0,0.0,5.792,0.0,11.039,0.0,4.603,4.311,6.482,0.0,2.993,0.0,2.141,0.0,0.0,2.088,0.0,0.0,0.0,0.0,0.0,0.0,0.0,0.0
2013-07-01,0.0,4.494,6.137,0.0,0.0,0.0,3.26,0.0,0.0,0.0,1.935,0.0,0.0,0.0,0.0,0.0,0.0,0.0,2.41,0.0,2.259,0.0,0.0,10.27
2013-08-01,22.733,7.933,25.856,17.438,16.014,6.828,4.314,5.084,8.609,7.408,3.904,19.076,2.128,17.331,6.635,9.803,21.427,9.485,10.195,16.505,7.823,10.932,12.247,24.331
2013-09-01,14.023,5.444,10.489,12.258,13.002,5.814,8.199,5.8,9.989,6.103,4.858,10.482,2.253,9.176,11.508,6.475,7.251,12.996,6.732,11.284,5.957,6.511,10.374,14.393
2013-10-01,40.297,25.583,34.55,39.361,52.006,18.761,14.894,18.112,38.183,14.54,12.666,32.61,8.063,30.711,26.422,17.819,23.485,39.046,37.442,49.812,24.244,38.177,31.341,51.606
2013-11-01,23.483,18.284,23.128,31.177,29.919,14.279,12.669,8.958,18.676,13.645,8.805,25.275,6.686,23.375,17.408,11.632,16.928,21.289,27.815,21.87,18.543,19.84,27.228,35.501
2013-12-01,95.651,106.444,156.225,109.131,158.014,78.86,87.29,112.658,112.617,89.36,74.442,80.602,50.199,94.722,129.4,93.181,124.058,131.875,125.857,84.728,87.173,109.583,154.807,107.026
2014-01-01,145.298,116.977,166.141,149.267,246.675,91.666,180.322,173.118,178.189,95.074,120.63,122.375,132.833,142.889,205.269,117.626,119.93,224.668,163.713,134.288,115.051,154.595,239.504,131.459
2014-02-01,108.506,56.16,91.649,93.192,135.684,43.857,29.497,28.365,104.746,45.748,24.211,90.468,13.659,81.132,45.523,43.271,56.082,111.233,76.639,75.074,51.456,74.78,102.211,107.871
2014-03-01,39.855,15.452,27.726,44.718,46.534,14.139,22.4,10.614,43.734,13.754,8.476,35.064,10.604,29.705,26.014,15.032,16.897,49.284,44.468,42.526,30.882,48.25,69.293,52.35
2014-04-01,18.273,11.608,13.065,16.263,22.057,9.379,10.57,10.566,20.125,11.08,6.978,14.527,10.466,13.359,13.779,8.439,9.472,15.173,19.93,18.955,10.553,18.677,14.969,23.511
2014-05-01,7.755,3.169,7.732,9.002,12.273,4.884,2.967,4.726,8.309,2.186,2.502,8.019,0.985,8.775,4.835,2.292,5.25,6.437,3.613,8.553,0.796,4.494,2.563,17.365
2014-06-01,0.0,0.0,4.078,3.899,0.0,0.0,0.0,2.73,0.0,0.0,0.0,0.0,0.0,0.0,0.0,0.0,0.0,0.0,0.0,0.0,0.0,0.0,0.0,8.988
2014-07-01,0.0,0.0,0.0,0.0,13.821,4.001,2.683,0.0,5.354,4.143,2.541,0.0,0.0,9.464,0.0,2.938,4.437,0.0,4.946,0.0,3.341,6.684,0.0,0.0
2014-08-01,18.83,5.884,23.057,14.565,12.843,5.158,3.479,3.676,7.551,6.424,3.407,15.743,1.784,12.629,4.656,8.073,19.194,8.028,9.06,16.527,6.106,10.008,8.565,22.479
2014-09-01,52.743,16.883,35.567,42.936,49.92,22.559,13.802,9.129,41.232,13.542,9.086,37.426,3.058,40.247,26.972,15.767,19.54,40.512,20.641,42.759,13.836,23.868,18.161,42.289
2014-10-01,34.709,26.086,34.787,43.17,54.141,18.666,12.372,21.014,34.39,15.03,11.105,34.881,7.643,30.079,29.359,18.886,24.238,32.111,29.374,34.255,19.354,24.767,24.493,46.432
2014-11-01,18.46,15.313,19.464,21.767,21.33,10.763,8.503,9.607,13.378,12.649,8.613,16.141,5.486,17.855,13.071,10.77,13.404,21.694,15.616,18.941,14.832,10.117,20.851,24.144
2014-12-01,74.725,41.614,69.602,83.038,89.512,36.468,44.014,42.505,75.032,33.739,20.119,64.376,18.396,54.447,70.836,34.095,48.186,80.613,75.22,80.765,44.148,80.727,86.121,87.797
2015-01-01,110.164,93.304,118.197,107.802,219.11,83.296,177.092,162.432,147.1,76.868,113.014,96.53,151.29,113.127,186.512,104.253,87.783,210.932,138.399,116.0,93.006,142.472,203.633,97.513
2015-02-01,99.998,88.89,104.977,91.393,145.313,60.031,81.95,111.057,98.773,83.282,75.321,74.29,89.728,82.515,96.045,84.294,95.185,131.5,76.826,68.876,47.966,61.611,112.528,98.247
2015-03-01,43.687,43.951,53.833,48.746,77.867,31.641,75.66,94.131,51.739,47.334,41.533,41.297,65.02,33.981,103.772,52.621,48.022,94.844,102.922,45.083,88.545,65.601,161.892,58.422
2015-04-01,44.847,29.547,35.159,34.049,57.665,26.154,26.031,27.755,48.585,22.312,20.194,34.979,15.995,40.26,33.749,21.926,21.43,38.118,45.194,33.353,28.87,25.833,39.153,40.107
2015-05-01,8.574,2.795,7.952,10.94,11.014,4.661,3.051,2.869,7.86,1.944,0.0,9.363,0.84,7.444,4.993,2.073,5.253,5.761,5.054,9.059,1.11,5.565,3.835,19.471
2015-06-01,6.756,1.582,0.0,7.044,0.0,0.0,6.214,0.0,0.0,0.0,1.7,0.0,2.124,0.0,0.0,0.926,0.0,0.0,0.0,0.0,0.0,0.0,0.0,0.0
2015-07-01,10.401,7.208,10.52,12.731,14.527,5.5,4.825,7.153,5.166,6.044,3.033,12.375,7.176,13.372,5.489,4.051,6.517,11.16,7.404,13.282,3.713,6.675,5.271,23.095
2015-08-01,11.648,4.719,14.928,9.801,10.067,3.896,2.999,3.107,5.587,5.81,2.749,10.085,1.78,7.913,3.787,6.702,14.305,6.37,7.188,11.508,5.459,7.89,8.266,15.166
2015-09-01,20.411,4.513,10.864,16.213,15.693,6.399,7.845,4.967,16.024,4.601,3.762,14.982,1.955,13.509,11.127,5.021,6.799,19.406,11.866,21.069,8.776,13.134,12.281,23.197
2015-10-01,23.322,18.276,19.988,24.356,31.606,13.774,8.925,15.461,19.441,11.182,8.695,19.67,7.357,18.997,16.011,13.103,13.694,22.788,20.728,26.104,12.777,17.179,17.406,31.585
2015-11-01,36.437,23.837,37.027,37.488,39.578,17.392,13.038,14.258,24.321,19.489,14.128,31.09,9.546,37.351,18.159,17.664,23.654,29.134,26.785,37.444,18.705,22.54,20.609,45.225
2015-12-01,32.546,31.239,27.564,42.984,59.155,24.807,34.378,34.037,47.107,27.715,16.271,34.559,20.966,31.052,57.903,27.248,25.854,75.325,58.926,54.398,29.971,54.635,54.802,58.411
2016-01-01,62.853,47.496,63.891,82.895,94.766,37.129,58.052,53.921,69.232,41.274,42.09,63.699,35.238,52.422,75.442,50.509,43.957,85.07,56.39,78.829,33.433,66.988,71.93,63.315
2016-02-01,104.262,100.828,106.387,83.233,195.387,85.789,98.699,154.03,138.866,93.368,102.709,73.311,119.631,103.886,145.369,100.251,108.81,159.438,97.03,63.845,64.298,84.012,166.192,104.056
2016-03-01,19.822,8.333,13.18,17.799,19.037,8.469,12.612,11.01,16.702,9.037,6.342,16.056,12.892,17.082,12.46,9.567,8.493,28.118,22.364,28.152,17.206,21.236,38.043,44.787
2016-04-01,21.38,17.606,18.343,18.29,25.386,11.749,16.297,15.088,23.23,12.528,9.427,16.324,11.354,18.637,23.824,12.322,12.897,27.045,37.636,21.757,21.581,24.015,32.818,27.475
2016-05-01,0.0,0.0,0.0,4.089,0.0,0.0,2.727,3.06,0.0,1.271,1.374,0.0,0.841,0.0,0.0,1.391,0.0,0.0,2.43,3.705,0.599,0.0,2.306,8.261
2016-06-01,9.417,2.319,4.161,6.857,7.457,2.329,7.326,4.108,4.715,2.229,2.749,4.698,2.567,4.923,5.533,1.863,5.788,18.917,0.0,0.0,1.384,12.84,7.369,0.0
2016-07-01,0.0,5.004,0.0,0.0,9.619,2.105,0.0,4.69,3.282,0.0,1.878,0.0,5.364,0.0,3.318,2.952,4.344,7.084,5.797,0.0,0.0,0.0,0.0,0.0
2016-08-01,7.967,2.823,11.23,7.853,6.526,2.482,2.75,2.475,3.916,4.305,1.861,7.308,1.498,5.419,2.339,0.0,11.713,5.599,6.083,11.316,5.031,6.467,8.096,13.267
2016-09-01,11.161,0.0,5.108,10.282,7.923,3.027,6.846,4.216,8.22,3.741,2.911,8.617,1.955,4.845,7.301,3.426,5.23,10.56,8.248,14.51,7.423,7.359,11.305,12.651
2016-10-01,24.727,18.55,20.801,30.14,32.598,13.105,8.748,16.588,26.325,9.232,7.854,24.329,7.925,21.609,15.226,11.594,14.4,16.485,15.008,35.848,12.525,18.51,17.392,44.211
2016-11-01,16.362,15.512,16.857,17.996,24.562,11.431,9.58,12.815,12.412,12.938,10.28,13.553,7.164,16.781,20.413,12.008,11.167,15.855,14.894,16.092,14.122,9.641,18.37,20.422
2016-12-01,58.461,37.944,49.421,60.018,61.605,28.228,35.265,51.631,50.806,35.849,30.755,46.825,23.702,42.571,65.565,37.902,40.264,79.257,68.263,60.288,46.125,64.395,82.93,70.269
2017-01-01,120.991,94.583,124.565,113.744,184.137,73.624,175.486,162.536,126.623,76.882,110.367,104.297,174.495,106.256,175.452,98.266,98.647,182.109,143.558,106.443,91.026,106.896,202.514,100.793
2017-02-01,66.126,54.354,63.284,69.337,90.419,38.061,53.223,74.609,59.625,47.249,45.307,63.529,65.945,64.895,66.557,51.254,58.314,93.948,76.364,60.31,46.559,61.98,118.873,78.763
2017-03-01,66.649,67.01,91.249,71.264,113.241,47.88,78.78,85.189,71.518,64.645,56.698,57.203,71.841,60.022,96.4,72.964,81.147,114.241,80.334,59.756,60.222,61.851,114.342,73.577
2017-04-01,19.076,6.61,13.916,19.078,22.722,8.464,6.709,9.665,21.322,6.456,0.0,15.72,0.0,14.715,8.718,4.235,8.772,23.598,25.519,23.88,14.51,22.823,19.877,27.378
2017-05-01,12.683,4.346,11.015,15.28,16.3,6.986,3.071,6.079,11.694,3.058,3.611,13.596,1.226,14.044,6.832,3.297,7.427,8.706,8.152,17.477,1.83,9.22,5.887,33.335
2017-06-01,0.0,0.0,0.0,0.0,0.0,0.0,0.0,0.0,0.0,0.0,0.0,0.0,0.0,0.0,0.0,0.0,0.0,0.0,0.0,0.0,0.0,0.0,0.0,0.0
2017-07-01,0.0,4.632,6.529,0.0,0.0,0.0,0.0,0.0,0.0,4.009,0.0,0.0,0.0,0.0,0.0,0.0,4.437,0.0,0.0,0.0,0.0,0.0,0.0,0.0
2017-08-01,0.0,0.0,0.0,0.0,0.0,0.0,2.457,2.271,0.0,0.0,1.919,0.0,1.647,0.0,2.608,0.0,0.0,4.401,0.0,0.0,0.0,0.0,0.0,0.0
2017-09-01,28.023,4.982,17.739,22.201,19.321,7.901,8.662,5.892,17.654,5.005,4.297,20.549,2.248,17.627,11.278,4.788,9.619,23.072,15.854,32.0,10.436,18.316,13.157,32.159
2017-10-01,13.596,10.016,13.323,15.316,18.883,7.645,10.112,12.702,13.206,5.561,4.97,12.532,7.196,10.453,14.683,7.178,7.945,18.923,23.44,28.654,16.976,23.457,27.962,26.257
2017-11-01,24.544,14.124,20.22,25.662,21.987,10.061,10.453,9.466,17.56,12.858,10.261,20.911,8.861,22.54,10.283,12.338,13.446,21.019,18.579,23.456,16.444,17.441,20.054,30.734
2017-12-01,68.897,54.169,76.696,76.093,98.467,38.833,67.225,58.633,76.319,48.314,35.13,53.255,28.356,56.036,87.53,43.286,57.502,85.849,70.725,69.029,41.063,65.501,71.361,89.648
2018-01-01,106.956,73.136,115.424,111.29,160.347,58.648,133.508,113.946,108.646,74.837,73.046,96.596,114.432,86.299,136.166,70.583,92.519,149.502,122.235,105.433,81.432,117.582,170.459,109.961
2018-02-01,98.45,129.896,111.076,94.336,231.105,90.558,121.441,142.045,138.469,102.936,89.238,84.96,119.317,105.16,167.562,113.198,109.721,213.178,122.12,98.364,68.963,121.249,166.927,115.257
2018-03-01,97.601,51.52,100.867,95.769,103.348,43.612,76.924,85.921,82.934,65.47,50.543,70.796,62.573,84.262,89.648,55.759,77.673,142.935,87.193,61.164,73.911,70.39,111.265,93.873
2018-04-01,14.039,8.276,8.526,11.883,18.666,6.962,10.921,10.55,17.655,6.144,4.355,13.429,7.087,11.62,13.591,6.431,6.487,19.11,25.017,21.89,15.577,17.218,23.394,22.844
2018-05-01,7.522,2.375,7.29,9.718,9.549,2.981,2.9,4.655,6.987,1.796,2.282,7.647,0.878,7.086,4.718,1.93,4.351,6.007,4.997,8.413,1.066,5.177,3.753,16.927
2018-06-01,26.886,8.614,15.369,22.319,25.534,10.607,16.119,6.391,16.766,6.349,4.749,22.687,3.335,17.477,13.694,3.952,11.071,26.967,68.772,106.162,4.87,48.642,18.377,96.85
2018-07-01,21.24,13.685,21.514,22.709,28.219,11.54,8.752,12.014,10.191,7.501,4.862,20.785,12.888,25.292,10.03,6.433,11.183,22.323,12.416,23.565,6.652,14.504,7.681,39.394
2018-08-01,10.096,3.634,12.677,9.258,8.566,3.169,3.052,2.765,5.32,4.791,2.243,9.52,1.783,7.118,3.562,5.284,12.039,6.504,7.475,12.741,5.778,7.909,8.653,16.465
2018-09-01,13.183,4.464,7.947,10.848,12.948,5.989,7.976,4.967,9.984,3.781,3.663,9.831,1.955,7.715,10.957,4.608,5.455,14.736,6.21,10.175,5.64,5.999,10.168,13.281
2018-10-01,35.574,19.271,33.627,36.516,49.325,19.82,14.115,9.718,27.882,12.88,7.045,30.747,6.406,28.307,21.035,11.835,20.127,31.822,42.992,48.255,33.396,37.727,39.4,52.822
2018-11-01,36.867,20.98,31.656,49.593,36.207,17.975,11.07,11.382,19.905,16.514,11.755,37.283,7.209,30.935,18.105,14.729,23.456,26.53,38.62,34.426,22.432,28.554,23.843,51.889
2018-12-01,141.874,112.882,143.942,144.655,173.591,82.216,103.455,126.313,112.89,93.419,88.067,112.854,57.717,109.851,155.468,106.173,112.431,157.397,119.512,98.451,75.646,115.329,148.854,127.358
2019-01-01,86.294,85.775,110.54,82.064,158.802,54.123,177.184,166.361,97.079,71.583,108.992,66.53,155.578,76.241,194.604,98.287,79.079,174.256,139.488,76.713,92.724,126.765,205.772,77.86
2019-02-01,138.327,133.096,121.159,143.829,266.389,98.111,124.429,143.337,173.466,96.2,118.225,128.574,108.978,146.873,171.694,139.006,124.621,252.291,142.11,108.996,95.321,134.535,207.305,142.064
2019-03-01,37.949,21.375,25.58,44.084,52.42,16.725,31.828,37.614,48.458,24.296,13.881,35.536,24.021,27.163,43.582,20.915,22.677,68.695,45.936,38.38,34.418,42.05,62.284,51.217
2019-04-01,35.712,27.962,32.784,27.137,56.887,18.011,20.278,27.552,54.495,20.402,15.973,28.893,9.845,29.873,36.274,20.858,24.455,50.927,45.721,49.168,24.133,40.627,31.06,51.037
2019-05-01,4.641,0.0,3.714,7.36,9.452,2.494,2.91,0.0,7.444,1.743,0.0,6.33,0.859,4.783,4.257,1.883,4.343,6.699,7.257,11.601,1.506,6.515,5.6,16.711
2019-06-01,11.582,3.437,7.323,8.787,11.525,4.069,6.607,2.656,7.156,3.771,2.638,5.496,1.154,7.434,4.581,1.902,6.592,18.448,0.0,0.0,0.0,0.0,2.75,24.294
2019-07-01,7.701,0.0,10.89,0.0,0.0,0.0,0.0,0.0,5.155,0.0,0.0,8.411,0.0,0.0,0.0,0.0,7.744,7.227,7.09,14.615,3.73,7.493,4.493,21.088
2019-08-01,0.0,0.0,0.0,0.0,0.0,0.0,2.461,2.271,0.0,0.0,1.825,0.0,1.644,0.0,2.611,0.0,0.0,4.425,0.0,0.0,0.0,0.0,6.618,0.0
2019-09-01,36.259,12.168,22.413,23.171,41.963,16.386,13.658,8.826,34.112,11.933,6.721,21.853,2.104,27.233,24.498,11.343,18.43,50.37,16.157,27.783,13.783,17.034,17.384,26.561
2019-10-01,13.804,11.358,10.73,13.427,16.32,7.078,6.384,9.302,11.973,6.099,4.752,12.451,6.417,10.897,9.127,7.518,7.258,16.534,16.269,21.312,14.121,13.523,19.678,23.453
2019-11-01,33.129,26.201,30.478,41.385,55.851,19.949,15.729,14.885,32.607,21.366,14.371,32.09,8.209,32.295,25.845,18.231,21.14,39.135,45.426,54.624,34.76,37.384,46.879,53.362
2019-12-01,36.252,24.607,32.94,43.921,44.668,18.34,22.301,24.328,44.997,23.565,17.989,34.091,12.891,25.339,35.745,21.042,27.429,47.974,58.251,48.818,32.316,57.453,56.828,55.104
2020-01-01,75.493,47.285,65.411,100.494,80.667,34.467,52.934,85.244,48.943,52.004,42.335,74.939,75.27,57.359,67.998,45.345,57.408,66.316,53.985,79.836,40.586,54.396,84.354,86.425
2020-02-01,86.359,85.253,95.477,98.583,173.521,61.882,95.682,104.193,119.301,66.703,63.344,85.521,92.075,77.846,111.174,74.962,91.974,158.914,115.834,95.277,79.75,109.608,182.721,121.71
2020-03-01,51.482,38.188,59.833,45.643,92.472,33.833,64.173,60.844,61.151,40.998,29.551,39.55,53.255,50.228,79.399,40.281,47.833,85.54,61.888,47.591,50.012,53.716,95.306,59.826
2020-04-01,10.665,0.0,11.291,8.555,9.245,4.876,4.209,0.0,9.073,7.854,5.149,8.923,0.0,8.47,6.052,6.245,0.0,7.988,10.301,9.593,7.556,7.497,10.911,16.94
2020-05-01,4.751,1.91,3.862,5.102,8.288,2.635,3.302,4.736,4.794,1.31,2.057,4.821,0.952,5.096,4.285,1.595,3.294,4.894,3.303,5.058,0.889,3.636,3.216,10.628
2020-06-01,8.824,3.412,5.79,5.989,10.753,3.824,7.93,4.224,6.479,3.521,2.634,6.593,1.816,6.338,4.515,1.866,6.047,17.576,16.414,11.175,2.86,5.494,9.218,19.809
2020-07-01,2.924,2.851,3.315,3.201,4.126,1.741,1.795,2.488,2.438,1.655,1.319,2.887,4.615,3.385,1.631,1.628,2.352,3.181,2.119,3.352,1.29,1.961,1.789,6.275
2020-08-01,9.65,3.22,11.563,9.151,7.684,2.757,3.185,3.082,4.613,4.614,2.399,8.884,1.749,6.283,4.445,0.0,0.0,4.935,4.586,9.087,4.268,4.66,4.325,14.591
2020-09-01,22.234,6.1,14.85,20.003,25.371,9.33,8.322,6.041,22.16,9.494,5.35,17.881,2.335,14.193,12.872,8.027,10.272,23.183,14.08,27.299,10.753,14.06,14.142,24.004
2020-10-01,17.494,10.94,14.927,17.589,19.539,8.852,8.256,10.629,10.589,7.69,5.831,14.055,6.738,13.513,12.597,8.771,8.896,15.161,10.204,20.219,8.49,13.75,16.449,23.388
2020-11-01,14.358,12.504,14.625,17.658,11.987,6.163,8.4,9.503,7.599,11.853,7.985,13.352,7.177,12.785,11.369,9.948,11.658,11.318,12.354,11.581,13.967,7.365,21.785,15.303
2020-12-01,63.73,62.034,53.615,56.073,93.695,39.889,68.616,76.067,77.951,43.018,59.599,46.264,39.262,49.688,88.527,56.451,37.646,101.279,88.459,65.049,50.989,87.368,104.318,78.049
